ECG,Heart Rate
-0.187988,89
-0.188599,89
-0.189209,89
-0.189514,89
-0.189819,89
-0.190125,89
-0.19043,89
-0.19043,89
-0.19043,89
-0.190735,89
-0.19104,89
-0.19104,89
-0.191345,89
-0.19165,89
-0.192261,89
-0.193176,89
-0.194397,89
-0.195618,89
-0.197144,89
-0.198364,89
-0.199585,89
-0.2005,89
-0.201416,89
-0.202026,89
-0.202026,89
-0.202026,89
-0.201416,89
-0.200806,89
-0.19989,89
-0.19928,89
-0.198364,89
-0.197449,89
-0.196533,89
-0.195923,89
-0.195007,89
-0.193787,89
-0.192871,89
-0.19165,89
-0.190125,89
-0.188904,89
-0.187683,89
-0.186768,89
-0.185852,89
-0.185547,89
-0.185242,89
-0.184937,89
-0.184937,89
-0.184937,89
-0.184631,89
-0.184326,89
-0.183716,89
-0.183105,89
-0.18219,89
-0.180969,89
-0.180359,89
-0.179749,89
-0.179443,89
-0.179443,89
-0.179749,89
-0.180054,89
-0.180359,89
-0.180664,89
-0.180969,89
-0.180969,89
-0.180664,89
-0.180359,89
-0.179749,89
-0.179138,89
-0.178833,89
-0.178528,89
-0.178528,89
-0.178528,89
-0.178833,89
-0.178833,89
-0.178528,89
-0.178223,89
-0.177612,89
-0.176392,89
-0.175171,89
-0.173645,89
-0.172119,89
-0.170898,89
-0.169678,89
-0.168457,89
-0.167542,89
-0.166931,89
-0.166321,89
-0.16571,89
-0.165405,89
-0.1651,89
-0.165405,89
-0.16571,89
-0.166016,89
-0.166321,89
-0.166626,89
-0.166626,89
-0.166626,89
-0.166626,89
-0.166626,89
-0.166626,89
-0.166321,89
-0.166016,89
-0.16571,89
-0.1651,89
-0.164185,89
-0.162964,89
-0.161438,89
-0.159912,89
-0.158081,89
-0.156555,89
-0.155029,89
-0.153198,89
-0.151672,89
-0.150146,89
-0.148621,89
-0.147095,89
-0.146179,89
-0.145264,89
-0.144653,89
-0.144653,89
-0.144653,89
-0.144653,89
-0.144958,89
-0.144958,89
-0.144958,89
-0.144653,89
-0.144348,89
-0.143433,89
-0.142517,89
-0.141602,89
-0.140381,89
-0.139465,89
-0.138855,89
-0.13855,89
-0.138245,89
-0.138245,89
-0.137939,89
-0.137634,89
-0.137329,89
-0.136719,89
-0.135803,89
-0.135498,89
-0.135193,89
-0.135498,89
-0.135803,89
-0.136719,89
-0.137634,89
-0.13855,89
-0.139771,89
-0.140991,89
-0.142212,89
-0.143127,89
-0.143738,89
-0.144348,89
-0.144653,89
-0.144348,89
-0.143738,89
-0.142822,89
-0.141907,89
-0.140686,89
-0.139465,89
-0.138245,89
-0.137024,89
-0.135803,89
-0.134583,89
-0.133667,89
-0.132446,89
-0.131531,89
-0.130615,89
-0.13031,89
-0.130005,89
-0.130005,89
-0.130615,89
-0.131531,89
-0.132751,89
-0.133667,89
-0.134888,89
-0.136108,89
-0.137024,89
-0.138245,89
-0.13916,89
-0.140076,89
-0.140686,89
-0.140991,89
-0.141602,89
-0.141907,89
-0.141907,89
-0.142212,89
-0.142517,89
-0.142822,89
-0.143127,89
-0.143127,89
-0.142822,89
-0.142212,89
-0.141907,89
-0.141602,89
-0.141296,89
-0.141296,89
-0.141296,89
-0.141296,89
-0.141602,89
-0.141602,89
-0.141602,89
-0.141602,89
-0.141296,89
-0.140991,89
-0.140686,89
-0.140686,89
-0.140381,89
-0.140381,89
-0.140381,89
-0.140381,89
-0.140076,89
-0.139465,89
-0.138855,89
-0.137939,89
-0.137024,89
-0.136719,89
-0.136414,89
-0.136108,89
-0.136108,89
-0.136108,89
-0.135803,89
-0.135803,89
-0.135803,89
-0.135498,89
-0.135498,89
-0.135193,89
-0.135193,89
-0.135193,89
-0.134888,89
-0.134277,89
-0.133667,89
-0.133362,89
-0.133057,89
-0.133362,89
-0.133972,89
-0.134888,89
-0.135803,89
-0.136414,89
-0.136719,89
-0.137024,89
-0.137024,89
-0.137024,89
-0.137024,89
-0.137024,89
-0.137024,89
-0.137024,89
-0.137024,89
-0.136719,89
-0.136719,89
-0.136719,89
-0.136414,89
-0.136108,89
-0.135498,89
-0.134888,89
-0.133667,89
-0.132446,89
-0.131226,89
-0.129395,89
-0.127563,89
-0.125122,89
-0.122681,89
-0.119629,89
-0.116272,89
-0.112915,89
-0.109558,89
-0.106201,89
-0.102539,89
-0.0985718,89
-0.0942993,89
-0.0897217,89
-0.0848389,89
-0.0799561,89
-0.0747681,89
-0.0698853,89
-0.0650024,89
-0.06073,89
-0.0567627,89
-0.0534058,89
-0.050354,89
-0.0476074,89
-0.0448608,89
-0.0421143,89
-0.0390625,89
-0.0363159,89
-0.0335693,89
-0.0314331,89
-0.0296021,89
-0.0280762,89
-0.0265503,89
-0.0253296,89
-0.0241089,89
-0.0228882,89
-0.0219727,89
-0.0210571,89
-0.0204468,89
-0.0195313,89
-0.0192261,89
-0.0189209,89
-0.0186157,89
-0.0189209,89
-0.0192261,89
-0.0201416,89
-0.0216675,89
-0.0234985,89
-0.0256348,89
-0.0280762,89
-0.0308228,89
-0.0338745,89
-0.0369263,89
-0.039978,89
-0.043335,89
-0.0466919,89
-0.050354,89
-0.0540161,89
-0.0576782,89
-0.0613403,89
-0.0646973,89
-0.0680542,89
-0.0708008,89
-0.0732422,89
-0.0756836,89
-0.0775146,89
-0.0790405,89
-0.0805664,89
-0.0820923,89
-0.0836182,89
-0.085144,89
-0.0869751,89
-0.088501,89
-0.090332,89
-0.0921631,89
-0.0939941,89
-0.0961304,89
-0.0982666,89
-0.101013,89
-0.104065,89
-0.107117,89
-0.110168,89
-0.11322,89
-0.116577,89
-0.119934,89
-0.123291,89
-0.126038,89
-0.129089,89
-0.131531,89
-0.134277,89
-0.136414,89
-0.138855,89
-0.140686,89
-0.141907,89
-0.142517,89
-0.142822,89
-0.142822,89
-0.142212,89
-0.141907,89
-0.141602,89
-0.140686,89
-0.139771,89
-0.138855,89
-0.137634,89
-0.136719,89
-0.135803,89
-0.134583,89
-0.133667,89
-0.133057,89
-0.132751,89
-0.132751,89
-0.132751,89
-0.133057,89
-0.133667,89
-0.133972,89
-0.133972,89
-0.133972,89
-0.133972,89
-0.133667,89
-0.133362,89
-0.132751,89
-0.132751,89
-0.132751,89
-0.132751,89
-0.132751,89
-0.132141,89
-0.131531,89
-0.13031,89
-0.129395,89
-0.129089,89
-0.128784,89
-0.129089,89
-0.129395,89
-0.1297,89
-0.130005,89
-0.130005,89
-0.1297,89
-0.129395,89
-0.129089,89
-0.129089,89
-0.128784,89
-0.128784,89
-0.128784,89
-0.128784,89
-0.128174,89
-0.127258,89
-0.125427,89
-0.122375,89
-0.118408,89
-0.11261,89
-0.105896,89
-0.0973511,89
-0.0872803,89
-0.0753784,89
-0.0610352,89
-0.0448608,89
-0.0259399,89
-0.00518799,89
0.0183105,89
0.0436401,89
0.0717163,89
0.101624,89
0.133972,89
0.168152,89
0.203857,89
0.240479,89
0.277405,89
0.31311,89
0.346985,89
0.377502,89
0.403748,89
0.4245,89
0.439148,89
0.447388,89
0.448608,89
0.443115,89
0.430908,89
0.412292,89
0.387268,89
0.35675,89
0.320435,89
0.279236,89
0.233765,89
0.184937,82
0.134277,82
0.0823975,82
0.0308228,82
-0.0189209,82
-0.065918,82
-0.108948,82
-0.147095,82
-0.179443,82
-0.205688,82
-0.225525,82
-0.238647,82
-0.245972,82
-0.247803,82
-0.244446,82
-0.237122,82
-0.226135,82
-0.212402,82
-0.196228,82
-0.178223,82
-0.159302,82
-0.140381,82
-0.12207,82
-0.105286,82
-0.090332,82
-0.0772095,82
-0.0662231,82
-0.0579834,82
-0.0515747,82
-0.0473022,82
-0.0448608,82
-0.0439453,82
-0.0442505,82
-0.0454712,82
-0.0469971,82
-0.0488281,82
-0.0512695,82
-0.0537109,82
-0.0564575,82
-0.0585938,82
-0.06073,82
-0.0622559,82
-0.0634766,82
-0.0643921,82
-0.0650024,82
-0.0653076,82
-0.0650024,82
-0.0650024,82
-0.0646973,82
-0.0650024,82
-0.0653076,82
-0.0653076,82
-0.0656128,82
-0.0656128,82
-0.0656128,82
-0.0656128,82
-0.0656128,82
-0.065918,82
-0.0662231,82
-0.0665283,82
-0.0671387,82
-0.0680542,82
-0.0686646,82
-0.0692749,82
-0.0695801,82
-0.0695801,82
-0.0698853,82
-0.0695801,82
-0.0695801,82
-0.0692749,82
-0.0686646,82
-0.0683594,82
-0.0680542,82
-0.0671387,82
-0.0662231,82
-0.0650024,82
-0.0637817,82
-0.062561,82
-0.0610352,82
-0.0598145,82
-0.0582886,82
-0.0570679,82
-0.0552368,82
-0.0534058,82
-0.0515747,82
-0.0497437,82
-0.0479126,82
-0.0463867,82
-0.0445557,82
-0.0430298,82
-0.0415039,82
-0.039978,82
-0.0384521,82
-0.0372314,82
-0.0360107,82
-0.0344849,82
-0.0332642,82
-0.0317383,82
-0.0305176,82
-0.0296021,82
-0.0289917,82
-0.0289917,82
-0.0296021,82
-0.0302124,82
-0.0308228,82
-0.0314331,82
-0.0320435,82
-0.0323486,82
-0.0326538,82
-0.032959,82
-0.032959,82
-0.0326538,82
-0.0326538,82
-0.0323486,82
-0.0317383,82
-0.0314331,82
-0.0305176,82
-0.0296021,82
-0.0283813,82
-0.0268555,82
-0.0250244,82
-0.0231934,82
-0.0213623,82
-0.0195313,82
-0.017395,82
-0.015564,82
-0.0137329,82
-0.0115967,82
-0.00946045,82
-0.00732422,82
-0.00549316,82
-0.00366211,82
-0.00183105,82
-0.000610352,82
0.000915527,82
0.00183105,82
0.00274658,82
0.00366211,82
0.00457764,82
0.00549316,82
0.00671387,82
0.00823975,82
0.00976563,82
0.0112915,82
0.0125122,82
0.0137329,82
0.0149536,82
0.0164795,82
0.0177002,82
0.0192261,82
0.020752,82
0.0222778,82
0.0238037,82
0.0250244,82
0.0259399,82
0.0268555,82
0.027771,82
0.0286865,82
0.0296021,82
0.0308228,82
0.0317383,82
0.032959,82
0.0341797,82
0.0354004,82
0.0369263,82
0.038147,82
0.0396729,82
0.0411987,82
0.0430298,82
0.0448608,82
0.0469971,82
0.0494385,82
0.0521851,82
0.0549316,82
0.0579834,82
0.0613403,82
0.0646973,82
0.0680542,82
0.0717163,82
0.0750732,82
0.0784302,82
0.0817871,82
0.0854492,82
0.0891113,82
0.0927734,82
0.0964355,82
0.0997925,82
0.103149,82
0.106201,82
0.108948,82
0.111694,82
0.114441,82
0.117188,82
0.119629,82
0.122375,82
0.124817,82
0.127258,82
0.130005,82
0.132751,82
0.135498,82
0.138245,82
0.140991,82
0.143433,82
0.146179,82
0.149231,82
0.152588,82
0.15564,82
0.158997,82
0.162048,82
0.165405,82
0.168152,82
0.170898,82
0.17334,82
0.175781,82
0.178223,82
0.180664,82
0.183105,82
0.185242,82
0.187378,82
0.188904,82
0.190125,82
0.190735,82
0.19104,82
0.19104,82
0.190735,82
0.19043,82
0.189819,82
0.188904,82
0.187988,82
0.187073,82
0.185852,82
0.184326,82
0.182495,82
0.180054,82
0.177612,82
0.174561,82
0.171204,82
0.167847,82
0.164185,82
0.160522,82
0.15625,82
0.151672,82
0.147095,82
0.142212,82
0.137329,82
0.132446,82
0.127258,82
0.121765,82
0.115967,82
0.109863,82
0.10376,82
0.0976563,82
0.0912476,82
0.085144,82
0.0790405,82
0.072937,82
0.0668335,82
0.0610352,82
0.055542,82
0.0500488,82
0.0448608,82
0.039978,82
0.0350952,82
0.0305176,82
0.0259399,82
0.0216675,82
0.0177002,82
0.0137329,82
0.0100708,82
0.00671387,82
0.00335693,82
0.000305176,82
-0.00274658,82
-0.00579834,82
-0.00854492,82
-0.0112915,82
-0.0140381,82
-0.0170898,82
-0.0201416,82
-0.0234985,82
-0.0268555,82
-0.0302124,82
-0.0335693,82
-0.0366211,82
-0.039978,82
-0.043335,82
-0.0463867,82
-0.0497437,82
-0.0524902,82
-0.0552368,82
-0.0576782,82
-0.0598145,82
-0.0619507,82
-0.0637817,82
-0.0653076,82
-0.0668335,82
-0.067749,82
-0.0686646,82
-0.0692749,82
-0.0695801,82
-0.0698853,82
-0.0698853,82
-0.0698853,82
-0.0695801,82
-0.0692749,82
-0.0686646,82
-0.0680542,82
-0.0674438,82
-0.0668335,82
-0.0662231,82
-0.065918,82
-0.065918,82
-0.0656128,82
-0.0656128,82
-0.0653076,82
-0.0650024,82
-0.0646973,82
-0.0643921,82
-0.0643921,82
-0.0643921,82
-0.0643921,82
-0.0643921,82
-0.0643921,82
-0.0643921,82
-0.0637817,82
-0.0631714,82
-0.062561,82
-0.0619507,82
-0.0613403,82
-0.06073,82
-0.0601196,82
-0.0598145,82
-0.0595093,82
-0.0595093,82
-0.0595093,82
-0.0595093,82
-0.0592041,82
-0.0592041,82
-0.0592041,82
-0.0592041,82
-0.0595093,82
-0.0598145,82
-0.0598145,82
-0.0601196,82
-0.0604248,82
-0.0610352,82
-0.0616455,82
-0.0622559,82
-0.0628662,82
-0.0631714,82
-0.0631714,82
-0.0631714,82
-0.0628662,82
-0.062561,82
-0.0619507,82
-0.0610352,82
-0.0604248,82
-0.0595093,82
-0.0588989,82
-0.0579834,82
-0.0570679,82
-0.0561523,82
-0.055542,82
-0.0549316,82
-0.0543213,82
-0.0537109,82
-0.0527954,82
-0.0518799,82
-0.0509644,82
-0.0500488,82
-0.0497437,82
-0.0494385,82
-0.0494385,82
-0.0491333,82
-0.0491333,82
-0.0491333,82
-0.0491333,82
-0.0494385,82
-0.0497437,82
-0.0497437,82
-0.0500488,82
-0.0500488,82
-0.0500488,82
-0.0500488,82
-0.0500488,82
-0.0500488,82
-0.050354,82
-0.050354,82
-0.050354,82
-0.0500488,82
-0.0494385,82
-0.0491333,82
-0.0485229,82
-0.0476074,82
-0.0466919,82
-0.0457764,82
-0.0448608,82
-0.0436401,82
-0.0427246,82
-0.0415039,82
-0.0405884,82
-0.0393677,82
-0.0384521,82
-0.0375366,82
-0.0366211,82
-0.0357056,82
-0.03479,82
-0.0341797,82
-0.0335693,82
-0.0332642,82
-0.032959,82
-0.0323486,82
-0.0320435,82
-0.0317383,82
-0.0311279,82
-0.0308228,82
-0.0305176,82
-0.0302124,82
-0.0299072,82
-0.0292969,82
-0.0286865,82
-0.027771,82
-0.0271606,82
-0.0265503,82
-0.0259399,82
-0.0256348,82
-0.0253296,82
-0.0247192,82
-0.0244141,82
-0.0238037,82
-0.0234985,82
-0.0228882,82
-0.022583,82
-0.0219727,82
-0.0210571,82
-0.0201416,82
-0.0189209,82
-0.0177002,82
-0.0164795,82
-0.0152588,82
-0.0143433,82
-0.0137329,82
-0.0134277,82
-0.0131226,82
-0.0128174,82
-0.0125122,82
-0.012207,82
-0.0119019,82
-0.0119019,82
-0.0119019,82
-0.0119019,82
-0.012207,82
-0.0125122,82
-0.0131226,82
-0.0140381,82
-0.0146484,82
-0.0158691,82
-0.0167847,82
-0.017395,82
-0.0183105,82
-0.0186157,82
-0.0186157,82
-0.0183105,82
-0.0177002,82
-0.0167847,82
-0.0158691,82
-0.0146484,82
-0.0134277,82
-0.0125122,82
-0.0115967,82
-0.0109863,82
-0.0100708,82
-0.00946045,82
-0.0088501,82
-0.00854492,82
-0.00793457,82
-0.00793457,82
-0.00793457,82
-0.00823975,82
-0.00854492,82
-0.00915527,82
-0.00976563,82
-0.010376,82
-0.0112915,82
-0.0119019,82
-0.0128174,82
-0.0134277,82
-0.0143433,82
-0.0149536,82
-0.015564,82
-0.0161743,82
-0.0167847,82
-0.0170898,82
-0.017395,82
-0.017395,82
-0.0170898,82
-0.0167847,82
-0.0167847,82
-0.0167847,82
-0.0167847,82
-0.0170898,82
-0.0170898,82
-0.0170898,82
-0.0167847,82
-0.0164795,82
-0.0158691,82
-0.015564,82
-0.0152588,82
-0.0152588,82
-0.0152588,82
-0.0149536,82
-0.0149536,82
-0.0149536,82
-0.0146484,82
-0.0143433,82
-0.0143433,82
-0.0140381,82
-0.0137329,82
-0.0131226,82
-0.0125122,82
-0.0115967,82
-0.0106812,82
-0.0100708,82
-0.00946045,82
-0.0088501,82
-0.00793457,82
-0.00701904,82
-0.00610352,82
-0.00488281,82
-0.00427246,82
-0.00335693,82
-0.00244141,82
-0.00183105,82
-0.00152588,82
-0.00183105,82
-0.00213623,82
-0.00274658,82
-0.00335693,82
-0.00396729,82
-0.00488281,82
-0.00610352,82
-0.00732422,82
-0.00854492,82
-0.00976563,82
-0.0109863,82
-0.012207,82
-0.0131226,82
-0.0140381,82
-0.0143433,82
-0.0143433,82
-0.0134277,82
-0.012207,82
-0.0100708,82
-0.00701904,82
-0.00366211,82
0,82
0.00427246,82
0.0088501,82
0.0134277,82
0.0183105,82
0.0231934,82
0.0283813,82
0.0332642,82
0.0384521,82
0.043335,82
0.0479126,82
0.0518799,82
0.0558472,82
0.0592041,82
0.0619507,82
0.0646973,82
0.0674438,82
0.0698853,82
0.0723267,82
0.0744629,82
0.0762939,82
0.0784302,82
0.0802612,82
0.0820923,82
0.0836182,82
0.085144,82
0.0860596,82
0.0872803,82
0.0881958,82
0.0891113,82
0.0897217,82
0.090332,82
0.0906372,82
0.0909424,82
0.0909424,82
0.0906372,82
0.0900269,82
0.0891113,82
0.0878906,82
0.0863647,82
0.0848389,82
0.0830078,82
0.0808716,82
0.0787354,82
0.0762939,82
0.0738525,82
0.0714111,82
0.0689697,82
0.0665283,82
0.0637817,82
0.0613403,82
0.0585938,82
0.0561523,82
0.0534058,82
0.0506592,82
0.0479126,82
0.0448608,82
0.0415039,82
0.0384521,82
0.0350952,82
0.0317383,82
0.0286865,82
0.0256348,82
0.022583,82
0.0195313,82
0.0167847,82
0.0140381,82
0.0115967,82
0.00915527,82
0.00701904,82
0.00488281,82
0.00274658,82
0.000305176,82
-0.00213623,82
-0.00457764,82
-0.00671387,82
-0.00854492,82
-0.010376,82
-0.012207,82
-0.0143433,82
-0.0161743,82
-0.0186157,82
-0.020752,82
-0.0228882,82
-0.0250244,82
-0.0271606,82
-0.0286865,82
-0.0302124,82
-0.0311279,82
-0.0320435,82
-0.032959,82
-0.0341797,82
-0.0354004,82
-0.0366211,82
-0.0375366,82
-0.0384521,82
-0.0390625,82
-0.0390625,82
-0.0390625,82
-0.0387573,82
-0.038147,82
-0.0375366,82
-0.0372314,82
-0.0369263,82
-0.0366211,82
-0.0366211,82
-0.0363159,82
-0.0363159,82
-0.0363159,82
-0.0360107,82
-0.0354004,82
-0.03479,82
-0.0344849,82
-0.0341797,82
-0.0338745,82
-0.0332642,82
-0.032959,82
-0.0323486,82
-0.0317383,82
-0.0311279,82
-0.0308228,82
-0.0305176,82
-0.0308228,82
-0.0308228,82
-0.0314331,82
-0.0317383,82
-0.0320435,82
-0.0326538,82
-0.032959,82
-0.0332642,82
-0.0332642,82
-0.032959,82
-0.0326538,82
-0.0320435,82
-0.0311279,82
-0.0299072,82
-0.0283813,82
-0.0262451,82
-0.0231934,82
-0.0192261,82
-0.0140381,82
-0.00732422,82
0.000305176,82
0.00976563,82
0.020752,82
0.0338745,82
0.0491333,82
0.0665283,82
0.0857544,82
0.107117,82
0.130615,82
0.15625,82
0.184326,82
0.214233,82
0.245972,82
0.279541,82
0.314026,82
0.348511,82
0.382385,82
0.414429,82
0.444031,82
0.469666,82
0.490417,82
0.505371,82
0.514221,82
0.516357,82
0.51178,82
0.500488,82
0.482483,82
0.458374,82
0.428467,82
0.393066,82
0.353088,82
0.308838,82
0.261536,82
0.212097,82
0.161743,82
0.111694,82
0.0628662,82
0.0170898,82
-0.0250244,82
-0.062561,82
-0.0946045,82
-0.120544,82
-0.140381,82
-0.153503,82
-0.160217,82
-0.161438,82
-0.157166,82
-0.148621,82
-0.136414,82
-0.12146,82
-0.104675,82
-0.0863647,82
-0.0680542,82
-0.0494385,82
-0.0317383,82
-0.0152588,82
-0.000610352,82
0.012207,82
0.0219727,82
0.0296021,82
0.03479,82
0.0378418,82
0.0390625,82
0.0384521,82
0.0369263,82
0.0341797,82
0.0305176,82
0.0268555,82
0.0228882,82
0.0192261,82
0.0158691,82
0.0128174,82
0.010376,82
0.00823975,82
0.00640869,82
0.00518799,82
0.00396729,82
0.00366211,82
0.00335693,82
0.00366211,82
0.00457764,82
0.00549316,82
0.00671387,82
0.00793457,82
0.00946045,82
0.0106812,82
0.012207,82
0.0131226,82
0.0140381,82
0.0146484,82
0.0152588,82
0.015564,82
0.0161743,82
0.0164795,82
0.0167847,82
0.0167847,82
0.0164795,82
0.0164795,82
0.0158691,82
0.015564,82
0.0152588,82
0.0149536,82
0.0146484,82
0.0140381,82
0.0137329,82
0.0131226,82
0.0128174,82
0.0125122,82
0.0125122,82
0.0128174,82
0.0134277,82
0.0146484,82
0.0158691,82
0.0170898,82
0.0183105,82
0.0195313,82
0.020752,82
0.0219727,82
0.0231934,82
0.0241089,82
0.0253296,82
0.0262451,82
0.0271606,82
0.0283813,82
0.0292969,82
0.0305176,82
0.0317383,82
0.032959,82
0.0335693,82
0.0338745,82
0.0341797,82
0.0338745,82
0.0338745,82
0.0341797,82
0.0344849,82
0.0350952,82
0.0357056,82
0.0366211,82
0.0375366,82
0.038147,82
0.0390625,82
0.039978,82
0.0408936,82
0.0418091,82
0.0430298,82
0.0442505,82
0.0457764,82
0.0473022,82
0.0488281,82
0.0500488,82
0.0515747,82
0.0527954,82
0.0540161,82
0.055542,82
0.0564575,82
0.0576782,82
0.0588989,82
0.0601196,82
0.0613403,82
0.062561,82
0.0637817,82
0.0650024,82
0.065918,82
0.0668335,82
0.0680542,82
0.0689697,82
0.0698853,82
0.071106,82
0.0726318,82
0.0741577,82
0.0756836,82
0.0775146,82
0.0790405,82
0.0808716,82
0.0827026,82
0.0845337,82
0.0860596,82
0.0875854,82
0.0888062,82
0.0897217,82
0.0909424,82
0.0918579,82
0.0927734,82
0.0939941,82
0.09552,82
0.0970459,82
0.0985718,82
0.100403,82
0.101929,82
0.10376,82
0.105591,82
0.107117,82
0.108948,82
0.110779,82
0.11261,82
0.114441,82
0.116882,82
0.119324,82
0.12207,82
0.124817,82
0.127258,82
0.1297,82
0.131836,82
0.134277,82
0.136414,82
0.138855,82
0.141296,82
0.143738,82
0.145874,82
0.14801,82
0.149841,82
0.151672,82
0.153809,82
0.155945,82
0.158081,82
0.160217,82
0.162659,82
0.164795,82
0.167236,82
0.169678,82
0.172424,82
0.175171,82
0.177612,82
0.180359,82
0.183105,82
0.186157,82
0.189209,82
0.192566,82
0.195923,82
0.19928,82
0.202637,82
0.205994,82
0.209351,82
0.212708,82
0.216064,82
0.219116,82
0.222168,82
0.224915,82
0.227661,82
0.230408,82
0.232544,82
0.234985,82
0.237122,82
0.239258,82
0.241699,82
0.24353,82
0.245361,82
0.246582,82
0.247498,82
0.248108,82
0.248413,82
0.248413,82
0.248413,82
0.248413,82
0.248718,82
0.248718,82
0.249023,82
0.249023,82
0.248718,82
0.248413,82
0.247498,82
0.246277,82
0.244751,82
0.242615,82
0.240479,82
0.238037,82
0.235291,82
0.232544,82
0.229492,82
0.22644,82
0.223083,82
0.219116,82
0.215149,82
0.210571,82
0.205688,82
0.2005,82
0.194702,82
0.189209,82
0.183716,82
0.177917,82
0.172424,82
0.166626,82
0.160522,82
0.154419,82
0.148315,82
0.142212,82
0.136108,82
0.130005,82
0.123901,82
0.117798,82
0.111694,82
0.105591,82
0.0991821,82
0.0930786,82
0.0869751,82
0.0811768,82
0.0756836,82
0.0704956,82
0.0656128,82
0.0610352,82
0.0564575,82
0.0518799,82
0.0473022,82
0.0430298,82
0.0390625,82
0.03479,82
0.0308228,82
0.0271606,82
0.0234985,82
0.0204468,82
0.0180054,82
0.015564,82
0.0134277,82
0.0112915,82
0.00915527,82
0.00671387,82
0.00396729,82
0.0012207,82
-0.00152588,82
-0.00427246,82
-0.00640869,82
-0.00793457,82
-0.00915527,82
-0.0100708,82
-0.0109863,82
-0.0119019,82
-0.0131226,82
-0.0143433,82
-0.015564,82
-0.0170898,82
-0.0186157,82
-0.0201416,82
-0.0213623,82
-0.022583,82
-0.0234985,82
-0.0244141,82
-0.0250244,82
-0.0253296,82
-0.0259399,82
-0.0262451,82
-0.0268555,82
-0.0271606,82
-0.027771,82
-0.027771,82
-0.027771,82
-0.027771,82
-0.0271606,82
-0.0268555,82
-0.0265503,82
-0.0262451,82
-0.0259399,82
-0.0259399,82
-0.0256348,82
-0.0250244,82
-0.0244141,82
-0.0241089,82
-0.0234985,82
-0.0234985,82
-0.0234985,82
-0.0234985,82
-0.0238037,82
-0.0241089,82
-0.0244141,82
-0.0250244,82
-0.0253296,82
-0.0256348,82
-0.0259399,82
-0.0259399,82
-0.0262451,82
-0.0262451,82
-0.0259399,82
-0.0259399,82
-0.0256348,82
-0.0256348,82
-0.0250244,82
-0.0244141,82
-0.0238037,82
-0.0231934,82
-0.022583,82
-0.0222778,82
-0.0219727,82
-0.0216675,82
-0.0213623,82
-0.0213623,82
-0.0210571,82
-0.020752,82
-0.0204468,82
-0.0198364,82
-0.0192261,82
-0.0186157,82
-0.0180054,82
-0.0177002,82
-0.0177002,82
-0.017395,82
-0.017395,82
-0.0170898,82
-0.0164795,82
-0.0161743,82
-0.0158691,82
-0.015564,82
-0.0158691,82
-0.0161743,82
-0.0167847,82
-0.017395,82
-0.0183105,82
-0.0189209,82
-0.0195313,82
-0.0198364,82
-0.0201416,82
-0.0204468,82
-0.0210571,82
-0.0210571,82
-0.0210571,82
-0.020752,82
-0.0201416,82
-0.0195313,82
-0.0186157,82
-0.0180054,82
-0.0170898,82
-0.0164795,82
-0.015564,82
-0.0146484,82
-0.0134277,82
-0.012207,82
-0.0109863,82
-0.00976563,82
-0.0088501,82
-0.00762939,82
-0.00640869,82
-0.00549316,82
-0.00427246,82
-0.00366211,82
-0.00305176,82
-0.00274658,82
-0.00274658,82
-0.00244141,82
-0.00213623,82
-0.00152588,82
-0.000610352,82
0,82
0.000915527,82
0.00183105,82
0.00274658,82
0.00366211,82
0.00457764,82
0.00549316,82
0.00640869,82
0.00701904,82
0.00762939,82
0.00793457,82
0.00823975,82
0.00854492,82
0.0088501,82
0.00946045,82
0.010376,82
0.0109863,82
0.0112915,82
0.0112915,82
0.0112915,82
0.0109863,82
0.010376,82
0.0100708,82
0.00976563,82
0.00946045,82
0.00915527,82
0.0088501,82
0.0088501,82
0.00854492,82
0.00823975,82
0.00793457,82
0.00793457,82
0.00793457,82
0.00793457,82
0.00793457,82
0.00793457,82
0.00823975,82
0.00854492,82
0.0088501,82
0.00976563,82
0.0106812,82
0.0115967,82
0.012207,82
0.0125122,82
0.0125122,82
0.0125122,82
0.0125122,82
0.012207,82
0.0125122,82
0.0125122,82
0.0131226,82
0.0134277,82
0.0137329,82
0.0137329,82
0.0137329,82
0.0134277,82
0.0131226,82
0.0128174,82
0.0128174,82
0.0128174,82
0.0131226,82
0.0134277,82
0.0140381,82
0.0143433,82
0.0146484,82
0.0146484,82
0.0146484,82
0.0143433,82
0.0143433,82
0.0140381,82
0.0134277,82
0.0128174,82
0.012207,82
0.0115967,82
0.0106812,82
0.0100708,82
0.00976563,82
0.00946045,82
0.00946045,82
0.00946045,82
0.00946045,82
0.00976563,82
0.010376,82
0.0109863,82
0.0119019,82
0.0128174,82
0.0134277,82
0.0140381,82
0.0143433,82
0.0146484,82
0.0143433,82
0.0140381,82
0.0140381,82
0.0137329,82
0.0134277,82
0.0128174,82
0.012207,82
0.0109863,82
0.00976563,82
0.00823975,82
0.00671387,82
0.00518799,82
0.00366211,82
0.00274658,82
0.00183105,82
0.0012207,82
0.000915527,82
0.000915527,82
0.000915527,82
0.0012207,82
0.00152588,82
0.00244141,82
0.00335693,82
0.00427246,82
0.00549316,82
0.00640869,82
0.00701904,82
0.00762939,82
0.00793457,82
0.00823975,82
0.00854492,82
0.0088501,82
0.0088501,82
0.00854492,82
0.00793457,82
0.00732422,82
0.00610352,82
0.00488281,82
0.00335693,82
0.00183105,82
0.000305176,82
-0.0012207,82
-0.00244141,82
-0.00366211,82
-0.00488281,82
-0.00579834,82
-0.00701904,82
-0.00793457,82
-0.0088501,82
-0.00946045,82
-0.0100708,82
-0.010376,82
-0.0106812,82
-0.010376,82
-0.0100708,82
-0.00946045,82
-0.0088501,82
-0.00762939,82
-0.00640869,82
-0.00518799,82
-0.00427246,82
-0.00335693,82
-0.00244141,82
-0.00152588,82
-0.000305176,82
0.000915527,82
0.00244141,82
0.00427246,82
0.00610352,82
0.00793457,82
0.00976563,82
0.0112915,82
0.0131226,82
0.0149536,82
0.017395,82
0.0201416,82
0.0234985,82
0.0271606,82
0.0308228,82
0.03479,82
0.0387573,82
0.0427246,82
0.0469971,82
0.0512695,82
0.0552368,82
0.0592041,82
0.062561,82
0.065918,82
0.0686646,82
0.071106,82
0.0735474,82
0.0753784,82
0.0765991,82
0.0778198,82
0.0787354,82
0.0793457,82
0.0799561,82
0.0802612,82
0.0808716,82
0.0814819,82
0.0814819,82
0.0817871,82
0.0820923,82
0.0823975,82
0.0827026,82
0.0836182,82
0.085144,82
0.0869751,82
0.088501,82
0.0897217,82
0.0906372,82
0.0906372,82
0.0900269,82
0.0894165,82
0.0878906,82
0.0863647,82
0.0848389,82
0.0830078,82
0.0808716,82
0.0787354,82
0.0762939,82
0.0732422,82
0.0695801,82
0.0656128,82
0.0616455,82
0.0570679,82
0.0531006,82
0.0491333,82
0.0457764,82
0.0430298,82
0.0405884,82
0.038147,82
0.0360107,82
0.0338745,82
0.0320435,82
0.0305176,82
0.0289917,82
0.027771,82
0.0268555,82
0.0259399,82
0.0250244,82
0.0238037,82
0.022583,82
0.0210571,82
0.0192261,82
0.0170898,82
0.0149536,82
0.0125122,82
0.00946045,82
0.00640869,82
0.00366211,82
0.000610352,82
-0.00213623,82
-0.00518799,82
-0.00823975,82
-0.0115967,82
-0.0149536,82
-0.0183105,82
-0.0213623,82
-0.0244141,82
-0.0271606,82
-0.0299072,82
-0.032959,82
-0.0357056,82
-0.038147,82
-0.0402832,82
-0.0418091,82
-0.0430298,82
-0.043335,82
-0.043335,82
-0.043335,82
-0.043335,82
-0.0430298,82
-0.0427246,82
-0.0424194,82
-0.0418091,82
-0.0405884,82
-0.0393677,82
-0.038147,82
-0.0366211,82
-0.0350952,82
-0.0335693,82
-0.0320435,82
-0.0308228,82
-0.0299072,82
-0.0296021,82
-0.0289917,82
-0.0286865,82
-0.0283813,82
-0.0283813,82
-0.0280762,82
-0.0280762,82
-0.0283813,82
-0.0286865,82
-0.0292969,82
-0.0299072,82
-0.0308228,82
-0.0317383,82
-0.0326538,82
-0.0338745,82
-0.0344849,82
-0.0350952,82
-0.0354004,82
-0.0357056,82
-0.0357056,82
-0.0357056,82
-0.0354004,82
-0.0350952,82
-0.0341797,82
-0.0335693,82
-0.0323486,82
-0.0311279,82
-0.0296021,82
-0.0274658,82
-0.0247192,82
-0.0210571,82
-0.0164795,82
-0.010376,82
-0.00335693,82
0.00549316,82
0.0158691,82
0.027771,82
0.0408936,82
0.0558472,82
0.0726318,82
0.0915527,82
0.11261,82
0.136108,82
0.162048,82
0.19043,82
0.220642,82
0.25238,82
0.285339,82
0.318604,82
0.351257,82
0.382385,82
0.410767,82
0.435791,82
0.456238,82
0.470886,82
0.480042,82
0.482788,82
0.479431,82
0.469971,82
0.454712,82
0.433655,82
0.407104,82
0.375366,82
0.33844,82
0.297546,82
0.253296,80
0.206299,80
0.157776,80
0.109253,80
0.0619507,80
0.017395,80
-0.0234985,80
-0.0598145,80
-0.0909424,80
-0.116577,80
-0.136414,80
-0.150452,80
-0.158691,80
-0.161438,80
-0.159302,80
-0.152893,80
-0.143127,80
-0.130615,80
-0.115967,80
-0.0997925,80
-0.0830078,80
-0.065918,80
-0.0488281,80
-0.0323486,80
-0.0170898,80
-0.00335693,80
0.00793457,80
0.0164795,80
0.022583,80
0.0265503,80
0.0283813,80
0.0286865,80
0.027771,80
0.0259399,80
0.0231934,80
0.0201416,80
0.0167847,80
0.0131226,80
0.00976563,80
0.00671387,80
0.00366211,80
0.0012207,80
-0.0012207,80
-0.00335693,80
-0.00518799,80
-0.00671387,80
-0.00793457,80
-0.0088501,80
-0.00946045,80
-0.00946045,80
-0.00915527,80
-0.00854492,80
-0.00732422,80
-0.00640869,80
-0.00549316,80
-0.00457764,80
-0.00366211,80
-0.00274658,80
-0.00152588,80
0,80
0.00152588,80
0.00305176,80
0.00488281,80
0.00671387,80
0.00854492,80
0.010376,80
0.012207,80
0.0143433,80
0.0164795,80
0.0183105,80
0.0204468,80
0.022583,80
0.0244141,80
0.0262451,80
0.0274658,80
0.0286865,80
0.0296021,80
0.0302124,80
0.0305176,80
0.0302124,80
0.0292969,80
0.027771,80
0.0259399,80
0.0241089,80
0.0222778,80
0.0204468,80
0.0189209,80
0.0170898,80
0.0149536,80
0.0131226,80
0.0109863,80
0.00946045,80
0.00793457,80
0.00732422,80
0.00701904,80
0.00762939,80
0.0088501,80
0.0106812,80
0.0125122,80
0.0149536,80
0.0170898,80
0.0192261,80
0.0213623,80
0.0238037,80
0.0259399,80
0.0280762,80
0.0302124,80
0.0323486,80
0.0341797,80
0.0357056,80
0.0369263,80
0.0378418,80
0.038147,80
0.0384521,80
0.0384521,80
0.0384521,80
0.038147,80
0.0378418,80
0.0378418,80
0.0375366,80
0.0372314,80
0.0372314,80
0.0372314,80
0.0372314,80
0.0378418,80
0.038147,80
0.0387573,80
0.0396729,80
0.0405884,80
0.0415039,80
0.0427246,80
0.0439453,80
0.045166,80
0.0460815,80
0.0473022,80
0.0482178,80
0.0488281,80
0.0497437,80
0.0506592,80
0.0515747,80
0.0524902,80
0.0534058,80
0.0540161,80
0.0549316,80
0.0558472,80
0.0567627,80
0.0576782,80
0.0585938,80
0.0595093,80
0.0604248,80
0.0616455,80
0.0628662,80
0.0640869,80
0.0656128,80
0.0671387,80
0.0689697,80
0.0708008,80
0.0726318,80
0.0744629,80
0.0759888,80
0.0778198,80
0.0799561,80
0.0817871,80
0.0836182,80
0.0857544,80
0.0872803,80
0.0891113,80
0.0906372,80
0.0918579,80
0.0933838,80
0.0949097,80
0.0964355,80
0.0979614,80
0.0994873,80
0.101013,80
0.102844,80
0.104675,80
0.107117,80
0.109558,80
0.112,80
0.115051,80
0.118103,80
0.12146,80
0.124817,80
0.127869,80
0.13092,80
0.133972,80
0.137024,80
0.140076,80
0.143433,80
0.14679,80
0.150146,80
0.153503,80
0.15686,80
0.160522,80
0.163879,80
0.167236,80
0.170288,80
0.173035,80
0.175781,80
0.178223,80
0.180664,80
0.1828,80
0.185242,80
0.187683,80
0.190125,80
0.192871,80
0.195618,80
0.198364,80
0.201111,80
0.203857,80
0.206299,80
0.208435,80
0.210266,80
0.212097,80
0.213623,80
0.214844,80
0.215759,80
0.216675,80
0.217285,80
0.21759,80
0.218201,80
0.218506,80
0.218811,80
0.218811,80
0.218506,80
0.21759,80
0.216675,80
0.215759,80
0.214233,80
0.212708,80
0.210876,80
0.208435,80
0.205994,80
0.203247,80
0.200195,80
0.196838,80
0.193481,80
0.189819,80
0.186157,80
0.18219,80
0.178528,80
0.174561,80
0.170288,80
0.16571,80
0.160828,80
0.155945,80
0.150757,80
0.144958,80
0.13916,80
0.133057,80
0.126953,80
0.120544,80
0.114136,80
0.107727,80
0.101318,80
0.0952148,80
0.0888062,80
0.0823975,80
0.0756836,80
0.0686646,80
0.0616455,80
0.0546265,80
0.0479126,80
0.0415039,80
0.0354004,80
0.0296021,80
0.0241089,80
0.0189209,80
0.0137329,80
0.00854492,80
0.00396729,80
-0.000610352,80
-0.00488281,80
-0.0088501,80
-0.012207,80
-0.0149536,80
-0.0170898,80
-0.0189209,80
-0.0204468,80
-0.0216675,80
-0.0228882,80
-0.0241089,80
-0.0253296,80
-0.0265503,80
-0.0280762,80
-0.0296021,80
-0.0314331,80
-0.0332642,80
-0.0354004,80
-0.0375366,80
-0.0396729,80
-0.0421143,80
-0.0445557,80
-0.0473022,80
-0.0500488,80
-0.0527954,80
-0.055542,80
-0.0576782,80
-0.0598145,80
-0.0619507,80
-0.0640869,80
-0.065918,80
-0.0680542,80
-0.0695801,80
-0.0708008,80
-0.0717163,80
-0.0717163,80
-0.0714111,80
-0.0704956,80
-0.0692749,80
-0.0683594,80
-0.0671387,80
-0.0656128,80
-0.0643921,80
-0.062561,80
-0.0610352,80
-0.0598145,80
-0.0588989,80
-0.0588989,80
-0.0588989,80
-0.0595093,80
-0.0601196,80
-0.0610352,80
-0.0616455,80
-0.0628662,80
-0.0637817,80
-0.0650024,80
-0.065918,80
-0.0671387,80
-0.0680542,80
-0.0689697,80
-0.0698853,80
-0.0708008,80
-0.0717163,80
-0.0726318,80
-0.0732422,80
-0.0735474,80
-0.0735474,80
-0.0732422,80
-0.0726318,80
-0.0723267,80
-0.0720215,80
-0.0720215,80
-0.0717163,80
-0.0714111,80
-0.0708008,80
-0.0701904,80
-0.0695801,80
-0.0689697,80
-0.0686646,80
-0.0683594,80
-0.0680542,80
-0.0683594,80
-0.0683594,80
-0.0686646,80
-0.0686646,80
-0.0686646,80
-0.0689697,80
-0.0689697,80
-0.0689697,80
-0.0692749,80
-0.0698853,80
-0.0704956,80
-0.071106,80
-0.0717163,80
-0.0717163,80
-0.0714111,80
-0.071106,80
-0.0704956,80
-0.0695801,80
-0.0689697,80
-0.0686646,80
-0.0680542,80
-0.0674438,80
-0.0665283,80
-0.0656128,80
-0.0646973,80
-0.0634766,80
-0.062561,80
-0.0613403,80
-0.0601196,80
-0.0585938,80
-0.0576782,80
-0.0564575,80
-0.055542,80
-0.0546265,80
-0.0537109,80
-0.0527954,80
-0.0521851,80
-0.0518799,80
-0.0515747,80
-0.0518799,80
-0.0521851,80
-0.0527954,80
-0.0540161,80
-0.0549316,80
-0.0561523,80
-0.0570679,80
-0.0576782,80
-0.0579834,80
-0.0582886,80
-0.0582886,80
-0.0579834,80
-0.0576782,80
-0.057373,80
-0.0564575,80
-0.0558472,80
-0.0549316,80
-0.0537109,80
-0.0524902,80
-0.0515747,80
-0.0500488,80
-0.0488281,80
-0.0473022,80
-0.0454712,80
-0.0439453,80
-0.0421143,80
-0.0402832,80
-0.0384521,80
-0.0369263,80
-0.0357056,80
-0.03479,80
-0.0341797,80
-0.0335693,80
-0.0335693,80
-0.0332642,80
-0.0332642,80
-0.0332642,80
-0.0335693,80
-0.0335693,80
-0.0338745,80
-0.0344849,80
-0.03479,80
-0.0350952,80
-0.0350952,80
-0.0350952,80
-0.0350952,80
-0.0354004,80
-0.0354004,80
-0.0357056,80
-0.0360107,80
-0.0357056,80
-0.0354004,80
-0.03479,80
-0.0341797,80
-0.0332642,80
-0.0326538,80
-0.0320435,80
-0.0314331,80
-0.0311279,80
-0.0308228,80
-0.0305176,80
-0.0302124,80
-0.0302124,80
-0.0305176,80
-0.0308228,80
-0.0311279,80
-0.0317383,80
-0.0320435,80
-0.032959,80
-0.0338745,80
-0.0354004,80
-0.0369263,80
-0.0384521,80
-0.0396729,80
-0.0408936,80
-0.0415039,80
-0.0421143,80
-0.0421143,80
-0.0424194,80
-0.0424194,80
-0.0424194,80
-0.0421143,80
-0.0421143,80
-0.0418091,80
-0.0415039,80
-0.0408936,80
-0.0402832,80
-0.0396729,80
-0.0393677,80
-0.0387573,80
-0.038147,80
-0.0375366,80
-0.0375366,80
-0.0378418,80
-0.0384521,80
-0.0396729,80
-0.0408936,80
-0.0424194,80
-0.0439453,80
-0.045166,80
-0.0463867,80
-0.0476074,80
-0.0485229,80
-0.0488281,80
-0.0491333,80
-0.0488281,80
-0.0485229,80
-0.0479126,80
-0.0473022,80
-0.0466919,80
-0.0457764,80
-0.0448608,80
-0.0442505,80
-0.043335,80
-0.0421143,80
-0.0408936,80
-0.0396729,80
-0.038147,80
-0.0369263,80
-0.0360107,80
-0.0350952,80
-0.0338745,80
-0.032959,80
-0.0317383,80
-0.0305176,80
-0.0289917,80
-0.0271606,80
-0.0250244,80
-0.022583,80
-0.0198364,80
-0.0170898,80
-0.0137329,80
-0.0106812,80
-0.00732422,80
-0.00366211,80
-0.000305176,80
0.00335693,80
0.00701904,80
0.0109863,80
0.0146484,80
0.0186157,80
0.0222778,80
0.0256348,80
0.0289917,80
0.0323486,80
0.0350952,80
0.0375366,80
0.0396729,80
0.0415039,80
0.0430298,80
0.0442505,80
0.0454712,80
0.0463867,80
0.0473022,80
0.0482178,80
0.0491333,80
0.0497437,80
0.0500488,80
0.050354,80
0.050354,80
0.0500488,80
0.0497437,80
0.0488281,80
0.0476074,80
0.0463867,80
0.0448608,80
0.0427246,80
0.0405884,80
0.0378418,80
0.0350952,80
0.0317383,80
0.0283813,80
0.0250244,80
0.0216675,80
0.0180054,80
0.0140381,80
0.0100708,80
0.00579834,80
0.0012207,80
-0.00305176,80
-0.00732422,80
-0.0112915,80
-0.0146484,80
-0.0177002,80
-0.0204468,80
-0.022583,80
-0.0250244,80
-0.0274658,80
-0.0299072,80
-0.0326538,80
-0.0354004,80
-0.0378418,80
-0.0402832,80
-0.0424194,80
-0.0442505,80
-0.0460815,80
-0.0476074,80
-0.0491333,80
-0.0506592,80
-0.0521851,80
-0.0534058,80
-0.0546265,80
-0.0561523,80
-0.0576782,80
-0.0592041,80
-0.0610352,80
-0.062561,80
-0.0643921,80
-0.0665283,80
-0.0689697,80
-0.071106,80
-0.0732422,80
-0.0753784,80
-0.0769043,80
-0.0787354,80
-0.0802612,80
-0.0820923,80
-0.0836182,80
-0.0854492,80
-0.0869751,80
-0.0888062,80
-0.090332,80
-0.0912476,80
-0.0921631,80
-0.0927734,80
-0.0930786,80
-0.0927734,80
-0.0921631,80
-0.0915527,80
-0.0900269,80
-0.088501,80
-0.0866699,80
-0.085144,80
-0.083313,80
-0.0817871,80
-0.0805664,80
-0.0796509,80
-0.0790405,80
-0.0784302,80
-0.078125,80
-0.0775146,80
-0.0772095,80
-0.0765991,80
-0.0762939,80
-0.0759888,80
-0.0762939,80
-0.0765991,80
-0.0772095,80
-0.078125,80
-0.0793457,80
-0.0802612,80
-0.0811768,80
-0.0814819,80
-0.0814819,80
-0.0811768,80
-0.0802612,80
-0.0790405,80
-0.0775146,80
-0.0759888,80
-0.0741577,80
-0.0717163,80
-0.0689697,80
-0.0653076,80
-0.0601196,80
-0.0540161,80
-0.0463867,80
-0.0375366,80
-0.0274658,80
-0.0161743,80
-0.00335693,80
0.0109863,80
0.0268555,80
0.0445557,80
0.0643921,80
0.0863647,80
0.110474,80
0.136414,80
0.163879,80
0.192566,80
0.221863,80
0.25116,80
0.279846,80
0.306702,80
0.331116,80
0.351868,80
0.368347,80
0.379333,80
0.384827,80
0.384827,80
0.379028,80
0.368347,80
0.352173,80
0.330811,80
0.304871,80
0.274658,80
0.240784,80
0.204468,80
0.166016,87
0.126953,87
0.0875854,87
0.0488281,87
0.0112915,87
-0.0244141,87
-0.057373,87
-0.0866699,87
-0.111694,87
-0.131531,87
-0.146179,87
-0.15564,87
-0.159912,87
-0.159607,87
-0.155029,87
-0.147705,87
-0.137634,87
-0.125732,87
-0.112915,87
-0.0994873,87
-0.0866699,87
-0.0738525,87
-0.0622559,87
-0.0518799,87
-0.0427246,87
-0.0350952,87
-0.0286865,87
-0.0241089,87
-0.020752,87
-0.0183105,87
-0.0170898,87
-0.0167847,87
-0.0167847,87
-0.0167847,87
-0.0170898,87
-0.0177002,87
-0.0183105,87
-0.0192261,87
-0.0204468,87
-0.0216675,87
-0.0231934,87
-0.0244141,87
-0.0256348,87
-0.0265503,87
-0.027771,87
-0.0286865,87
-0.0296021,87
-0.0305176,87
-0.0317383,87
-0.032959,87
-0.0344849,87
-0.0363159,87
-0.0378418,87
-0.0393677,87
-0.0408936,87
-0.0418091,87
-0.0427246,87
-0.043335,87
-0.0436401,87
-0.0436401,87
-0.043335,87
-0.0430298,87
-0.0421143,87
-0.0411987,87
-0.039978,87
-0.0384521,87
-0.0369263,87
-0.0354004,87
-0.0335693,87
-0.0317383,87
-0.0299072,87
-0.0280762,87
-0.0268555,87
-0.0259399,87
-0.0250244,87
-0.0247192,87
-0.0244141,87
-0.0241089,87
-0.0241089,87
-0.0241089,87
-0.0238037,87
-0.0234985,87
-0.0231934,87
-0.0231934,87
-0.0231934,87
-0.0234985,87
-0.0238037,87
-0.0241089,87
-0.0241089,87
-0.0238037,87
-0.0231934,87
-0.022583,87
-0.0219727,87
-0.0210571,87
-0.0198364,87
-0.0189209,87
-0.0177002,87
-0.0167847,87
-0.0158691,87
-0.0149536,87
-0.0140381,87
-0.0131226,87
-0.012207,87
-0.0112915,87
-0.010376,87
-0.00976563,87
-0.00915527,87
-0.0088501,87
-0.00823975,87
-0.00793457,87
-0.00701904,87
-0.00610352,87
-0.00518799,87
-0.00427246,87
-0.00305176,87
-0.00213623,87
-0.0012207,87
-0.000305176,87
0.000610352,87
0.00152588,87
0.00305176,87
0.00488281,87
0.00701904,87
0.00946045,87
0.0119019,87
0.0134277,87
0.0149536,87
0.0158691,87
0.0167847,87
0.017395,87
0.0180054,87
0.0183105,87
0.0186157,87
0.0186157,87
0.0186157,87
0.0186157,87
0.0186157,87
0.0189209,87
0.0189209,87
0.0189209,87
0.0189209,87
0.0189209,87
0.0192261,87
0.0195313,87
0.0198364,87
0.0204468,87
0.0213623,87
0.022583,87
0.0244141,87
0.0262451,87
0.0286865,87
0.0311279,87
0.0341797,87
0.0369263,87
0.039978,87
0.0427246,87
0.0454712,87
0.0482178,87
0.0509644,87
0.0531006,87
0.0549316,87
0.0564575,87
0.0576782,87
0.0588989,87
0.0598145,87
0.06073,87
0.0619507,87
0.0628662,87
0.0640869,87
0.0653076,87
0.0668335,87
0.0680542,87
0.0695801,87
0.0708008,87
0.0720215,87
0.072937,87
0.0744629,87
0.0762939,87
0.0787354,87
0.0814819,87
0.0848389,87
0.088501,87
0.0924683,87
0.0967407,87
0.100708,87
0.10437,87
0.108032,87
0.111389,87
0.114746,87
0.117493,87
0.120239,87
0.122986,87
0.125122,87
0.127258,87
0.129395,87
0.131531,87
0.133057,87
0.134888,87
0.136414,87
0.137939,87
0.13916,87
0.140381,87
0.141296,87
0.142212,87
0.143127,87
0.144348,87
0.145569,87
0.147095,87
0.148315,87
0.150146,87
0.151978,87
0.154114,87
0.15625,87
0.158691,87
0.161133,87
0.163574,87
0.16571,87
0.167542,87
0.169678,87
0.171509,87
0.17334,87
0.175171,87
0.176392,87
0.177307,87
0.177612,87
0.177917,87
0.177612,87
0.177002,87
0.176086,87
0.175171,87
0.174255,87
0.173035,87
0.171509,87
0.169678,87
0.167542,87
0.16449,87
0.161438,87
0.157776,87
0.154114,87
0.150146,87
0.146179,87
0.141907,87
0.137634,87
0.133362,87
0.128784,87
0.123901,87
0.119019,87
0.114136,87
0.108948,87
0.103455,87
0.0976563,87
0.0912476,87
0.0845337,87
0.0778198,87
0.071106,87
0.0640869,87
0.0570679,87
0.050354,87
0.043335,87
0.0366211,87
0.0302124,87
0.0241089,87
0.0180054,87
0.0119019,87
0.00579834,87
0.000305176,87
-0.00488281,87
-0.00976563,87
-0.0137329,87
-0.0177002,87
-0.0213623,87
-0.0250244,87
-0.0283813,87
-0.0314331,87
-0.0344849,87
-0.0372314,87
-0.0402832,87
-0.0430298,87
-0.0457764,87
-0.0488281,87
-0.0515747,87
-0.0546265,87
-0.057373,87
-0.0604248,87
-0.0634766,87
-0.0668335,87
-0.0701904,87
-0.0732422,87
-0.0765991,87
-0.0799561,87
-0.0830078,87
-0.0860596,87
-0.0888062,87
-0.0915527,87
-0.093689,87
-0.09552,87
-0.0970459,87
-0.0979614,87
-0.0985718,87
-0.098877,87
-0.098877,87
-0.098877,87
-0.0985718,87
-0.0979614,87
-0.0976563,87
-0.0967407,87
-0.0958252,87
-0.0942993,87
-0.0930786,87
-0.0918579,87
-0.0906372,87
-0.0891113,87
-0.0878906,87
-0.0869751,87
-0.0863647,87
-0.0863647,87
-0.0866699,87
-0.0875854,87
-0.0888062,87
-0.090332,87
-0.0921631,87
-0.0939941,87
-0.0958252,87
-0.0976563,87
-0.0991821,87
-0.101013,87
-0.102539,87
-0.10376,87
-0.10498,87
-0.106201,87
-0.107117,87
-0.107727,87
-0.107727,87
-0.107727,87
-0.107117,87
-0.106201,87
-0.105286,87
-0.10376,87
-0.101929,87
-0.100403,87
-0.0985718,87
-0.0967407,87
-0.09552,87
-0.0942993,87
-0.0933838,87
-0.0927734,87
-0.0927734,87
-0.0930786,87
-0.093689,87
-0.0946045,87
-0.0958252,87
-0.0973511,87
-0.0985718,87
-0.100403,87
-0.101929,87
-0.103455,87
-0.104675,87
-0.105896,87
-0.106812,87
-0.107727,87
-0.108032,87
-0.108337,87
-0.108032,87
-0.107422,87
-0.106506,87
-0.105286,87
-0.104065,87
-0.102234,87
-0.100403,87
-0.0985718,87
-0.0964355,87
-0.0946045,87
-0.0930786,87
-0.0915527,87
-0.0900269,87
-0.088501,87
-0.0869751,87
-0.0857544,87
-0.0845337,87
-0.0836182,87
-0.0827026,87
-0.0823975,87
-0.0820923,87
-0.0820923,87
-0.0817871,87
-0.0817871,87
-0.0814819,87
-0.0811768,87
-0.0811768,87
-0.0811768,87
-0.0811768,87
-0.0814819,87
-0.0817871,87
-0.0820923,87
-0.0820923,87
-0.0817871,87
-0.0808716,87
-0.0799561,87
-0.0787354,87
-0.0778198,87
-0.0772095,87
-0.0765991,87
-0.0765991,87
-0.0762939,87
-0.0759888,87
-0.0750732,87
-0.0741577,87
-0.072937,87
-0.0717163,87
-0.0701904,87
-0.0686646,87
-0.0674438,87
-0.0662231,87
-0.0650024,87
-0.0640869,87
-0.0634766,87
-0.0628662,87
-0.0622559,87
-0.0619507,87
-0.0613403,87
-0.06073,87
-0.0598145,87
-0.0592041,87
-0.0582886,87
-0.057373,87
-0.0567627,87
-0.0561523,87
-0.0558472,87
-0.0558472,87
-0.055542,87
-0.055542,87
-0.055542,87
-0.055542,87
-0.0558472,87
-0.0561523,87
-0.0564575,87
-0.0567627,87
-0.0567627,87
-0.0567627,87
-0.0567627,87
-0.0567627,87
-0.0567627,87
-0.0567627,87
-0.0567627,87
-0.0564575,87
-0.0561523,87
-0.0558472,87
-0.0549316,87
-0.0543213,87
-0.0531006,87
-0.0518799,87
-0.0506592,87
-0.0500488,87
-0.0500488,87
-0.050354,87
-0.0512695,87
-0.0521851,87
-0.0531006,87
-0.0540161,87
-0.0549316,87
-0.055542,87
-0.0561523,87
-0.0567627,87
-0.0576782,87
-0.0582886,87
-0.0585938,87
-0.0588989,87
-0.0585938,87
-0.0579834,87
-0.0564575,87
-0.0546265,87
-0.0518799,87
-0.0485229,87
-0.0445557,87
-0.0402832,87
-0.0354004,87
-0.0305176,87
-0.0253296,87
-0.0198364,87
-0.0140381,87
-0.00823975,87
-0.00244141,87
0.00335693,87
0.00854492,87
0.0128174,87
0.0164795,87
0.0195313,87
0.0219727,87
0.0241089,87
0.0256348,87
0.0268555,87
0.027771,87
0.0283813,87
0.0283813,87
0.0283813,87
0.0280762,87
0.027771,87
0.0271606,87
0.0268555,87
0.0262451,87
0.0259399,87
0.0259399,87
0.0259399,87
0.0259399,87
0.0262451,87
0.0259399,87
0.0259399,87
0.0256348,87
0.0256348,87
0.0256348,87
0.0256348,87
0.0253296,87
0.0247192,87
0.0238037,87
0.0228882,87
0.0210571,87
0.0192261,87
0.0167847,87
0.0140381,87
0.0109863,87
0.00793457,87
0.00488281,87
0.00213623,87
-0.000915527,87
-0.00396729,87
-0.00732422,87
-0.0106812,87
-0.0146484,87
-0.0183105,87
-0.0219727,87
-0.0253296,87
-0.0289917,87
-0.0323486,87
-0.0357056,87
-0.0387573,87
-0.0421143,87
-0.045166,87
-0.0482178,87
-0.0509644,87
-0.0537109,87
-0.0564575,87
-0.0592041,87
-0.0619507,87
-0.0646973,87
-0.0674438,87
-0.0698853,87
-0.0723267,87
-0.0744629,87
-0.0765991,87
-0.0787354,87
-0.0805664,87
-0.0827026,87
-0.0842285,87
-0.0857544,87
-0.0869751,87
-0.0878906,87
-0.088501,87
-0.0891113,87
-0.0894165,87
-0.0894165,87
-0.0894165,87
-0.0891113,87
-0.0888062,87
-0.0888062,87
-0.0888062,87
-0.0888062,87
-0.0888062,87
-0.088501,87
-0.0881958,87
-0.0878906,87
-0.0872803,87
-0.0866699,87
-0.0863647,87
-0.0857544,87
-0.0854492,87
-0.085144,87
-0.0848389,87
-0.0848389,87
-0.0848389,87
-0.085144,87
-0.0857544,87
-0.0863647,87
-0.0872803,87
-0.0881958,87
-0.0894165,87
-0.0906372,87
-0.0921631,87
-0.0933838,87
-0.0949097,87
-0.0961304,87
-0.0973511,87
-0.0985718,87
-0.0997925,87
-0.100708,87
-0.101318,87
-0.101624,87
-0.101929,87
-0.102234,87
-0.101929,87
-0.101318,87
-0.100403,87
-0.098877,87
-0.0967407,87
-0.0942993,87
-0.0912476,87
-0.0881958,87
-0.0845337,87
-0.0802612,87
-0.0750732,87
-0.0686646,87
-0.0610352,87
-0.0515747,87
-0.0408936,87
-0.0286865,87
-0.0149536,87
0.000610352,87
0.0177002,87
0.0366211,87
0.0570679,87
0.0790405,87
0.102539,87
0.127563,87
0.153809,87
0.180969,87
0.208435,87
0.235901,87
0.263062,87
0.288696,87
0.311584,87
0.330811,87
0.345154,87
0.353699,87
0.356445,87
0.353088,87
0.344238,87
0.3302,87
0.311584,87
0.288086,87
0.260925,87
0.230103,87
0.196228,87
0.160217,94
0.122986,94
0.085144,94
0.0476074,94
0.0112915,94
-0.0234985,94
-0.0558472,94
-0.085144,94
-0.110779,94
-0.131836,94
-0.14801,94
-0.158997,94
-0.164795,94
-0.166016,94
-0.162659,94
-0.15564,94
-0.145569,94
-0.133362,94
-0.119934,94
-0.105591,94
-0.0915527,94
-0.078125,94
-0.0656128,94
-0.0540161,94
-0.0439453,94
-0.0354004,94
-0.0286865,94
-0.0231934,94
-0.0189209,94
-0.0161743,94
-0.0146484,94
-0.0143433,94
-0.0152588,94
-0.0167847,94
-0.0189209,94
-0.0219727,94
-0.0250244,94
-0.0283813,94
-0.0317383,94
-0.0350952,94
-0.0375366,94
-0.0396729,94
-0.0411987,94
-0.0427246,94
-0.0439453,94
-0.0448608,94
-0.0460815,94
-0.0469971,94
-0.0476074,94
-0.0482178,94
-0.0485229,94
-0.0485229,94
-0.0485229,94
-0.0482178,94
-0.0476074,94
-0.0473022,94
-0.0466919,94
-0.0466919,94
-0.0469971,94
-0.0473022,94
-0.0479126,94
-0.0488281,94
-0.0497437,94
-0.0506592,94
-0.0515747,94
-0.0524902,94
-0.0534058,94
-0.0540161,94
-0.0546265,94
-0.0552368,94
-0.055542,94
-0.0558472,94
-0.0561523,94
-0.0558472,94
-0.055542,94
-0.0546265,94
-0.0537109,94
-0.0524902,94
-0.0509644,94
-0.0491333,94
-0.0466919,94
-0.0439453,94
-0.0408936,94
-0.0384521,94
-0.0360107,94
-0.0341797,94
-0.0326538,94
-0.0314331,94
-0.0305176,94
-0.0299072,94
-0.0292969,94
-0.0292969,94
-0.0292969,94
-0.0296021,94
-0.0305176,94
-0.0314331,94
-0.0320435,94
-0.032959,94
-0.0338745,94
-0.03479,94
-0.0354004,94
-0.0360107,94
-0.0363159,94
-0.0363159,94
-0.0357056,94
-0.0344849,94
-0.0332642,94
-0.0320435,94
-0.0305176,94
-0.0289917,94
-0.0271606,94
-0.0250244,94
-0.0228882,94
-0.0210571,94
-0.0195313,94
-0.0183105,94
-0.0170898,94
-0.0158691,94
-0.0149536,94
-0.0140381,94
-0.0128174,94
-0.0115967,94
-0.010376,94
-0.00946045,94
-0.00854492,94
-0.00793457,94
-0.00732422,94
-0.00671387,94
-0.00610352,94
-0.00549316,94
-0.00518799,94
-0.00488281,94
-0.00427246,94
-0.00366211,94
-0.00274658,94
-0.00152588,94
-0.000305176,94
0.0012207,94
0.00244141,94
0.00396729,94
0.00549316,94
0.00701904,94
0.00854492,94
0.0106812,94
0.0125122,94
0.0149536,94
0.0170898,94
0.0192261,94
0.0216675,94
0.0238037,94
0.0259399,94
0.0280762,94
0.0299072,94
0.0320435,94
0.0338745,94
0.0354004,94
0.0372314,94
0.0387573,94
0.0405884,94
0.0421143,94
0.0439453,94
0.0457764,94
0.0473022,94
0.0488281,94
0.0500488,94
0.0515747,94
0.0524902,94
0.0537109,94
0.0549316,94
0.0561523,94
0.0576782,94
0.0592041,94
0.0610352,94
0.0628662,94
0.0650024,94
0.0671387,94
0.0692749,94
0.071106,94
0.072937,94
0.0750732,94
0.0769043,94
0.0790405,94
0.0811768,94
0.083313,94
0.0854492,94
0.0878906,94
0.090332,94
0.0933838,94
0.0964355,94
0.0997925,94
0.103455,94
0.107117,94
0.110779,94
0.114441,94
0.118103,94
0.121765,94
0.125427,94
0.129089,94
0.132446,94
0.135803,94
0.138855,94
0.141602,94
0.144043,94
0.146484,94
0.148315,94
0.149841,94
0.151367,94
0.152893,94
0.153809,94
0.154724,94
0.155334,94
0.15564,94
0.15564,94
0.155334,94
0.154724,94
0.154114,94
0.153198,94
0.152588,94
0.151978,94
0.151672,94
0.151672,94
0.151672,94
0.151672,94
0.151672,94
0.151672,94
0.151978,94
0.152283,94
0.152893,94
0.153809,94
0.154724,94
0.15564,94
0.156555,94
0.157166,94
0.157471,94
0.157471,94
0.156555,94
0.15564,94
0.153809,94
0.151978,94
0.148926,94
0.145569,94
0.141296,94
0.136414,94
0.13092,94
0.125122,94
0.119019,94
0.112,94
0.10498,94
0.0976563,94
0.0900269,94
0.0820923,94
0.0741577,94
0.065918,94
0.0579834,94
0.050354,94
0.0427246,94
0.0350952,94
0.0280762,94
0.0213623,94
0.0149536,94
0.00915527,94
0.00366211,94
-0.00152588,94
-0.00640869,94
-0.0112915,94
-0.015564,94
-0.0198364,94
-0.0234985,94
-0.0271606,94
-0.0308228,94
-0.0344849,94
-0.0378418,94
-0.0408936,94
-0.0439453,94
-0.0473022,94
-0.050354,94
-0.0534058,94
-0.0564575,94
-0.0592041,94
-0.0616455,94
-0.0643921,94
-0.0665283,94
-0.0689697,94
-0.0714111,94
-0.0738525,94
-0.0759888,94
-0.0784302,94
-0.0802612,94
-0.0817871,94
-0.083313,94
-0.0845337,94
-0.085144,94
-0.0857544,94
-0.0863647,94
-0.0866699,94
-0.0866699,94
-0.0866699,94
-0.0866699,94
-0.0863647,94
-0.0860596,94
-0.0857544,94
-0.0857544,94
-0.0857544,94
-0.0863647,94
-0.0872803,94
-0.0881958,94
-0.0891113,94
-0.0900269,94
-0.0909424,94
-0.0918579,94
-0.0930786,94
-0.0939941,94
-0.0952148,94
-0.0961304,94
-0.0970459,94
-0.0979614,94
-0.0985718,94
-0.0991821,94
-0.0994873,94
-0.0997925,94
-0.100403,94
-0.100708,94
-0.101318,94
-0.101624,94
-0.101929,94
-0.102234,94
-0.102539,94
-0.102539,94
-0.102844,94
-0.102844,94
-0.102539,94
-0.102234,94
-0.101929,94
-0.101013,94
-0.100098,94
-0.0991821,94
-0.0979614,94
-0.0967407,94
-0.09552,94
-0.0942993,94
-0.0927734,94
-0.0915527,94
-0.090332,94
-0.0888062,94
-0.0878906,94
-0.0866699,94
-0.0857544,94
-0.0848389,94
-0.0839233,94
-0.083313,94
-0.0827026,94
-0.0827026,94
-0.0827026,94
-0.083313,94
-0.0839233,94
-0.0848389,94
-0.0854492,94
-0.0863647,94
-0.0872803,94
-0.0875854,94
-0.0878906,94
-0.0872803,94
-0.0866699,94
-0.0860596,94
-0.0848389,94
-0.0839233,94
-0.0827026,94
-0.0811768,94
-0.0799561,94
-0.0784302,94
-0.0769043,94
-0.0756836,94
-0.0747681,94
-0.0744629,94
-0.0744629,94
-0.0747681,94
-0.0753784,94
-0.0756836,94
-0.0759888,94
-0.0762939,94
-0.0765991,94
-0.0769043,94
-0.0772095,94
-0.0772095,94
-0.0772095,94
-0.0769043,94
-0.0765991,94
-0.0762939,94
-0.0756836,94
-0.0744629,94
-0.072937,94
-0.0714111,94
-0.0695801,94
-0.067749,94
-0.0662231,94
-0.0646973,94
-0.0628662,94
-0.0613403,94
-0.0595093,94
-0.0576782,94
-0.0561523,94
-0.0546265,94
-0.0534058,94
-0.0524902,94
-0.0518799,94
-0.0515747,94
-0.0515747,94
-0.0515747,94
-0.0518799,94
-0.0521851,94
-0.0527954,94
-0.0531006,94
-0.0534058,94
-0.0537109,94
-0.0540161,94
-0.0543213,94
-0.0543213,94
-0.0543213,94
-0.0543213,94
-0.0540161,94
-0.0534058,94
-0.0527954,94
-0.0515747,94
-0.050354,94
-0.0485229,94
-0.0469971,94
-0.045166,94
-0.0439453,94
-0.0427246,94
-0.0418091,94
-0.0405884,94
-0.0396729,94
-0.0390625,94
-0.0384521,94
-0.0384521,94
-0.0384521,94
-0.0387573,94
-0.0390625,94
-0.0393677,94
-0.0402832,94
-0.0415039,94
-0.0427246,94
-0.0439453,94
-0.0454712,94
-0.0463867,94
-0.0473022,94
-0.0479126,94
-0.0479126,94
-0.0479126,94
-0.0476074,94
-0.0473022,94
-0.0463867,94
-0.0448608,94
-0.0427246,94
-0.039978,94
-0.0366211,94
-0.0332642,94
-0.0296021,94
-0.0259399,94
-0.0222778,94
-0.0186157,94
-0.0152588,94
-0.0119019,94
-0.00854492,94
-0.00549316,94
-0.00274658,94
0,94
0.00274658,94
0.00549316,94
0.00793457,94
0.0106812,94
0.0131226,94
0.015564,94
0.0180054,94
0.0204468,94
0.0231934,94
0.0259399,94
0.0289917,94
0.0320435,94
0.0354004,94
0.0390625,94
0.0427246,94
0.0460815,94
0.0497437,94
0.0537109,94
0.057373,94
0.0610352,94
0.0643921,94
0.067749,94
0.0704956,94
0.0732422,94
0.0753784,94
0.0772095,94
0.0784302,94
0.0793457,94
0.0790405,94
0.0784302,94
0.0769043,94
0.0747681,94
0.0723267,94
0.0695801,94
0.0662231,94
0.0628662,94
0.0592041,94
0.0558472,94
0.0521851,94
0.0491333,94
0.0457764,94
0.0427246,94
0.0393677,94
0.0357056,94
0.0320435,94
0.0283813,94
0.0250244,94
0.0216675,94
0.0186157,94
0.015564,94
0.0125122,94
0.00976563,94
0.00701904,94
0.00396729,94
0.000915527,94
-0.00244141,94
-0.00610352,94
-0.010376,94
-0.0146484,94
-0.0192261,94
-0.0238037,94
-0.0280762,94
-0.0326538,94
-0.0369263,94
-0.0415039,94
-0.0460815,94
-0.0506592,94
-0.0549316,94
-0.0588989,94
-0.0628662,94
-0.0668335,94
-0.0704956,94
-0.0741577,94
-0.0772095,94
-0.0802612,94
-0.0827026,94
-0.0848389,94
-0.0860596,94
-0.0869751,94
-0.0875854,94
-0.0878906,94
-0.0881958,94
-0.088501,94
-0.0881958,94
-0.0881958,94
-0.088501,94
-0.088501,94
-0.0888062,94
-0.0891113,94
-0.0891113,94
-0.0891113,94
-0.0888062,94
-0.0881958,94
-0.0875854,94
-0.0869751,94
-0.0863647,94
-0.0857544,94
-0.085144,94
-0.085144,94
-0.0848389,94
-0.0848389,94
-0.0848389,94
-0.0848389,94
-0.0845337,94
-0.0842285,94
-0.0839233,94
-0.0836182,94
-0.083313,94
-0.083313,94
-0.083313,94
-0.083313,94
-0.0836182,94
-0.0836182,94
-0.0839233,94
-0.0842285,94
-0.0842285,94
-0.0845337,94
-0.0848389,94
-0.085144,94
-0.085144,94
-0.085144,94
-0.085144,94
-0.0845337,94
-0.0836182,94
-0.0820923,94
-0.0799561,94
-0.0772095,94
-0.0744629,94
-0.071106,94
-0.0668335,94
-0.0619507,94
-0.0561523,94
-0.0488281,94
-0.0405884,94
-0.0308228,94
-0.0201416,94
-0.00793457,94
0.00549316,94
0.020752,94
0.0378418,94
0.0567627,94
0.0778198,94
0.101013,94
0.125732,94
0.152588,94
0.180969,94
0.210571,94
0.241394,94
0.271912,94
0.302124,94
0.3302,94
0.35614,94
0.378113,94
0.395203,94
0.406494,94
0.411987,94
0.411377,94
0.404968,94
0.393372,94
0.376282,94
0.354614,94
0.328369,94
0.297852,94
0.263672,94
0.226135,94
0.186462,95
0.145874,95
0.10437,95
0.0637817,95
0.0241089,95
-0.0134277,95
-0.0482178,95
-0.0790405,95
-0.105591,95
-0.126648,95
-0.142517,95
-0.152893,95
-0.157776,95
-0.158081,95
-0.153809,95
-0.146484,95
-0.136108,95
-0.123596,95
-0.109863,95
-0.0958252,95
-0.0817871,95
-0.0689697,95
-0.0576782,95
-0.0476074,95
-0.0390625,95
-0.0320435,95
-0.0262451,95
-0.0219727,95
-0.0189209,95
-0.0167847,95
-0.015564,95
-0.0149536,95
-0.015564,95
-0.0164795,95
-0.0186157,95
-0.0210571,95
-0.0244141,95
-0.027771,95
-0.0308228,95
-0.0332642,95
-0.0357056,95
-0.0372314,95
-0.0384521,95
-0.0393677,95
-0.0396729,95
-0.0396729,95
-0.0390625,95
-0.0384521,95
-0.0375366,95
-0.0366211,95
-0.0360107,95
-0.0350952,95
-0.0344849,95
-0.0338745,95
-0.0338745,95
-0.0338745,95
-0.0344849,95
-0.0350952,95
-0.0357056,95
-0.0363159,95
-0.0372314,95
-0.0378418,95
-0.0384521,95
-0.0390625,95
-0.039978,95
-0.0408936,95
-0.0415039,95
-0.0424194,95
-0.0430298,95
-0.0436401,95
-0.0436401,95
-0.043335,95
-0.0427246,95
-0.0418091,95
-0.0405884,95
-0.0393677,95
-0.038147,95
-0.0369263,95
-0.0357056,95
-0.0344849,95
-0.032959,95
-0.0314331,95
-0.0299072,95
-0.0280762,95
-0.0265503,95
-0.0253296,95
-0.0244141,95
-0.0238037,95
-0.0234985,95
-0.0234985,95
-0.0234985,95
-0.0234985,95
-0.0231934,95
-0.0228882,95
-0.0222778,95
-0.0213623,95
-0.0201416,95
-0.0192261,95
-0.0180054,95
-0.0167847,95
-0.015564,95
-0.0143433,95
-0.0131226,95
-0.0115967,95
-0.0100708,95
-0.00823975,95
-0.00640869,95
-0.00427246,95
-0.00213623,95
0,95
0.00183105,95
0.00366211,95
0.00488281,95
0.00610352,95
0.00671387,95
0.00701904,95
0.00701904,95
0.00701904,95
0.00640869,95
0.00579834,95
0.00518799,95
0.00488281,95
0.00488281,95
0.00518799,95
0.00610352,95
0.00762939,95
0.00915527,95
0.0109863,95
0.0125122,95
0.0137329,95
0.0140381,95
0.0143433,95
0.0143433,95
0.0146484,95
0.015564,95
0.0170898,95
0.0189209,95
0.020752,95
0.022583,95
0.0238037,95
0.0244141,95
0.0250244,95
0.0256348,95
0.0265503,95
0.0271606,95
0.0280762,95
0.0283813,95
0.0286865,95
0.0289917,95
0.0289917,95
0.0292969,95
0.0299072,95
0.0311279,95
0.0323486,95
0.0335693,95
0.0350952,95
0.0366211,95
0.038147,95
0.039978,95
0.0418091,95
0.0436401,95
0.0460815,95
0.0485229,95
0.0512695,95
0.0537109,95
0.0564575,95
0.0592041,95
0.0616455,95
0.0643921,95
0.0668335,95
0.0695801,95
0.0723267,95
0.0750732,95
0.078125,95
0.0811768,95
0.0842285,95
0.0875854,95
0.0909424,95
0.0939941,95
0.0970459,95
0.0997925,95
0.102539,95
0.10498,95
0.107422,95
0.109558,95
0.112,95
0.114136,95
0.116272,95
0.118408,95
0.120544,95
0.122681,95
0.125122,95
0.127563,95
0.1297,95
0.132141,95
0.134277,95
0.136108,95
0.137634,95
0.138855,95
0.140076,95
0.141296,95
0.142822,95
0.144348,95
0.146179,95
0.148315,95
0.150146,95
0.151978,95
0.154114,95
0.15564,95
0.157471,95
0.158997,95
0.160522,95
0.161743,95
0.163269,95
0.164795,95
0.166321,95
0.167847,95
0.169373,95
0.170898,95
0.171814,95
0.173035,95
0.173645,95
0.173645,95
0.173645,95
0.173645,95
0.173035,95
0.172424,95
0.171509,95
0.170288,95
0.169067,95
0.167236,95
0.16571,95
0.164185,95
0.162354,95
0.160828,95
0.158691,95
0.15686,95
0.154114,95
0.151062,95
0.1474,95
0.143433,95
0.13916,95
0.134583,95
0.1297,95
0.124512,95
0.119324,95
0.113831,95
0.108032,95
0.102234,95
0.0964355,95
0.0900269,95
0.083313,95
0.0762939,95
0.0686646,95
0.0610352,95
0.0531006,95
0.045166,95
0.0378418,95
0.0305176,95
0.0241089,95
0.0180054,95
0.0125122,95
0.00701904,95
0.00183105,95
-0.00274658,95
-0.00762939,95
-0.0119019,95
-0.0161743,95
-0.0201416,95
-0.0238037,95
-0.0271606,95
-0.0305176,95
-0.0332642,95
-0.0360107,95
-0.038147,95
-0.0402832,95
-0.0421143,95
-0.0436401,95
-0.0448608,95
-0.0460815,95
-0.0469971,95
-0.0482178,95
-0.0494385,95
-0.050354,95
-0.0515747,95
-0.0527954,95
-0.0540161,95
-0.0558472,95
-0.0576782,95
-0.0595093,95
-0.0616455,95
-0.0637817,95
-0.065918,95
-0.067749,95
-0.0692749,95
-0.0704956,95
-0.0714111,95
-0.0723267,95
-0.0732422,95
-0.0744629,95
-0.0756836,95
-0.0772095,95
-0.078125,95
-0.0790405,95
-0.0793457,95
-0.0793457,95
-0.0793457,95
-0.0793457,95
-0.0790405,95
-0.0790405,95
-0.0784302,95
-0.078125,95
-0.0778198,95
-0.0778198,95
-0.0775146,95
-0.0772095,95
-0.0765991,95
-0.0759888,95
-0.0759888,95
-0.0762939,95
-0.0769043,95
-0.0775146,95
-0.0784302,95
-0.0787354,95
-0.0790405,95
-0.0793457,95
-0.0796509,95
-0.0796509,95
-0.0796509,95
-0.0793457,95
-0.0793457,95
-0.0793457,95
-0.0790405,95
-0.0790405,95
-0.0787354,95
-0.0784302,95
-0.0778198,95
-0.0775146,95
-0.0769043,95
-0.0762939,95
-0.0756836,95
-0.0753784,95
-0.0747681,95
-0.0741577,95
-0.0735474,95
-0.0726318,95
-0.0720215,95
-0.0714111,95
-0.0708008,95
-0.0704956,95
-0.0704956,95
-0.0708008,95
-0.071106,95
-0.0714111,95
-0.0723267,95
-0.0732422,95
-0.0744629,95
-0.0756836,95
-0.0769043,95
-0.078125,95
-0.0793457,95
-0.0799561,95
-0.0802612,95
-0.0802612,95
-0.0799561,95
-0.0793457,95
-0.0787354,95
-0.0775146,95
-0.0759888,95
-0.0747681,95
-0.0732422,95
-0.0720215,95
-0.0704956,95
-0.0686646,95
-0.0668335,95
-0.0646973,95
-0.062561,95
-0.0610352,95
-0.0595093,95
-0.0585938,95
-0.0576782,95
-0.0570679,95
-0.0564575,95
-0.0564575,95
-0.0561523,95
-0.0561523,95
-0.0561523,95
-0.0561523,95
-0.0561523,95
-0.0561523,95
-0.0558472,95
-0.055542,95
-0.0549316,95
-0.0543213,95
-0.0537109,95
-0.0527954,95
-0.0518799,95
-0.0506592,95
-0.0494385,95
-0.0479126,95
-0.0466919,95
-0.045166,95
-0.0436401,95
-0.0424194,95
-0.0411987,95
-0.0402832,95
-0.0393677,95
-0.0387573,95
-0.0384521,95
-0.0378418,95
-0.0372314,95
-0.0369263,95
-0.0366211,95
-0.0363159,95
-0.0363159,95
-0.0363159,95
-0.0366211,95
-0.0372314,95
-0.0375366,95
-0.0378418,95
-0.038147,95
-0.038147,95
-0.038147,95
-0.038147,95
-0.0375366,95
-0.0369263,95
-0.0357056,95
-0.03479,95
-0.0335693,95
-0.0326538,95
-0.0314331,95
-0.0302124,95
-0.0289917,95
-0.0274658,95
-0.0262451,95
-0.0253296,95
-0.0244141,95
-0.0238037,95
-0.0231934,95
-0.022583,95
-0.0219727,95
-0.0210571,95
-0.0198364,95
-0.0183105,95
-0.0164795,95
-0.0143433,95
-0.012207,95
-0.010376,95
-0.00823975,95
-0.00610352,95
-0.00366211,95
-0.00152588,95
0.000305176,95
0.00244141,95
0.00427246,95
0.00640869,95
0.00915527,95
0.0119019,95
0.0152588,95
0.0186157,95
0.0219727,95
0.0253296,95
0.0286865,95
0.0317383,95
0.03479,95
0.0375366,95
0.0402832,95
0.043335,95
0.0457764,95
0.0482178,95
0.050354,95
0.0527954,95
0.0552368,95
0.0579834,95
0.0610352,95
0.0643921,95
0.067749,95
0.0708008,95
0.0732422,95
0.0753784,95
0.0765991,95
0.0775146,95
0.0778198,95
0.078125,95
0.0778198,95
0.0775146,95
0.0769043,95
0.0756836,95
0.0744629,95
0.0732422,95
0.0717163,95
0.0704956,95
0.0689697,95
0.067749,95
0.0662231,95
0.0650024,95
0.0637817,95
0.0622559,95
0.06073,95
0.0588989,95
0.0570679,95
0.0546265,95
0.0515747,95
0.0485229,95
0.0448608,95
0.0408936,95
0.0366211,95
0.0323486,95
0.0280762,95
0.0234985,95
0.0186157,95
0.0131226,95
0.00762939,95
0.00152588,95
-0.00457764,95
-0.0106812,95
-0.0167847,95
-0.0222778,95
-0.0274658,95
-0.0323486,95
-0.0369263,95
-0.0408936,95
-0.045166,95
-0.0488281,95
-0.0527954,95
-0.0564575,95
-0.0598145,95
-0.0631714,95
-0.065918,95
-0.0683594,95
-0.0708008,95
-0.072937,95
-0.0747681,95
-0.0765991,95
-0.0778198,95
-0.0787354,95
-0.0793457,95
-0.0793457,95
-0.0793457,95
-0.0790405,95
-0.0787354,95
-0.0784302,95
-0.0784302,95
-0.0784302,95
-0.0790405,95
-0.0790405,95
-0.0790405,95
-0.0787354,95
-0.078125,95
-0.0775146,95
-0.0772095,95
-0.0769043,95
-0.0772095,95
-0.078125,95
-0.0790405,95
-0.0805664,95
-0.0820923,95
-0.0836182,95
-0.0854492,95
-0.0869751,95
-0.0881958,95
-0.0897217,95
-0.0909424,95
-0.0918579,95
-0.0924683,95
-0.0927734,95
-0.0924683,95
-0.0918579,95
-0.0912476,95
-0.0909424,95
-0.0906372,95
-0.0900269,95
-0.0894165,95
-0.088501,95
-0.0875854,95
-0.0863647,95
-0.0854492,95
-0.0845337,95
-0.0836182,95
-0.0823975,95
-0.0811768,95
-0.0802612,95
-0.0793457,95
-0.0784302,95
-0.0769043,95
-0.0750732,95
-0.0726318,95
-0.0695801,95
-0.065918,95
-0.0616455,95
-0.0567627,95
-0.0509644,95
-0.0442505,95
-0.0360107,95
-0.0262451,95
-0.0146484,95
-0.000915527,95
0.0149536,95
0.032959,95
0.0534058,95
0.0756836,95
0.100098,95
0.126343,95
0.154419,95
0.183716,95
0.214539,95
0.246582,95
0.279236,95
0.311279,95
0.342712,95
0.371704,95
0.397644,95
0.419312,95
0.435486,95
0.445557,95
0.449524,95
0.446777,95
0.437927,95
0.423584,95
0.403442,95
0.378723,95
0.348816,95
0.314941,95
0.2771,95
0.235901,95
0.192871,96
0.148926,96
0.10437,96
0.06073,96
0.0186157,96
-0.0210571,96
-0.057373,96
-0.0891113,96
-0.115967,96
-0.137329,96
-0.153198,96
-0.163574,96
-0.168457,96
-0.169067,96
-0.165405,96
-0.158997,96
-0.150146,96
-0.13916,96
-0.126953,96
-0.113831,96
-0.0997925,96
-0.0857544,96
-0.0723267,96
-0.0598145,96
-0.0488281,96
-0.039978,96
-0.0326538,96
-0.0268555,96
-0.022583,96
-0.0192261,96
-0.0170898,96
-0.0158691,96
-0.015564,96
-0.0161743,96
-0.0170898,96
-0.0189209,96
-0.0210571,96
-0.0228882,96
-0.0250244,96
-0.0268555,96
-0.0286865,96
-0.0308228,96
-0.0326538,96
-0.03479,96
-0.0366211,96
-0.038147,96
-0.0393677,96
-0.0405884,96
-0.0418091,96
-0.0430298,96
-0.0442505,96
-0.0457764,96
-0.0469971,96
-0.0482178,96
-0.0494385,96
-0.0506592,96
-0.0512695,96
-0.0512695,96
-0.0509644,96
-0.0506592,96
-0.0500488,96
-0.0497437,96
-0.0491333,96
-0.0485229,96
-0.0479126,96
-0.0476074,96
-0.0469971,96
-0.0463867,96
-0.0454712,96
-0.0448608,96
-0.0442505,96
-0.0436401,96
-0.0427246,96
-0.0418091,96
-0.0408936,96
-0.0405884,96
-0.0408936,96
-0.0411987,96
-0.0415039,96
-0.0418091,96
-0.0418091,96
-0.0411987,96
-0.0405884,96
-0.0393677,96
-0.038147,96
-0.0363159,96
-0.0341797,96
-0.0317383,96
-0.0289917,96
-0.0262451,96
-0.0231934,96
-0.0204468,96
-0.0180054,96
-0.015564,96
-0.0137329,96
-0.012207,96
-0.0106812,96
-0.00946045,96
-0.00823975,96
-0.00762939,96
-0.00732422,96
-0.00762939,96
-0.00854492,96
-0.0100708,96
-0.0119019,96
-0.0140381,96
-0.0161743,96
-0.0183105,96
-0.0201416,96
-0.0216675,96
-0.022583,96
-0.0231934,96
-0.0231934,96
-0.0231934,96
-0.022583,96
-0.0213623,96
-0.0198364,96
-0.0177002,96
-0.0152588,96
-0.012207,96
-0.00915527,96
-0.00610352,96
-0.00305176,96
-0.000305176,96
0.00244141,96
0.00488281,96
0.00732422,96
0.00946045,96
0.0112915,96
0.0125122,96
0.0134277,96
0.0137329,96
0.0140381,96
0.0137329,96
0.0131226,96
0.0125122,96
0.0115967,96
0.0112915,96
0.0109863,96
0.0109863,96
0.0112915,96
0.0115967,96
0.012207,96
0.0131226,96
0.0146484,96
0.0164795,96
0.0183105,96
0.0204468,96
0.0222778,96
0.0241089,96
0.0259399,96
0.027771,96
0.0296021,96
0.0317383,96
0.0338745,96
0.0360107,96
0.038147,96
0.039978,96
0.0415039,96
0.043335,96
0.0445557,96
0.0454712,96
0.0463867,96
0.0469971,96
0.0479126,96
0.0485229,96
0.0494385,96
0.0506592,96
0.0518799,96
0.0531006,96
0.0546265,96
0.0564575,96
0.0585938,96
0.0610352,96
0.0637817,96
0.0668335,96
0.0695801,96
0.0726318,96
0.0753784,96
0.0778198,96
0.0805664,96
0.083313,96
0.0860596,96
0.0891113,96
0.0924683,96
0.0961304,96
0.100098,96
0.103455,96
0.106812,96
0.109253,96
0.111084,96
0.112305,96
0.11322,96
0.114136,96
0.115356,96
0.116882,96
0.118408,96
0.120544,96
0.122375,96
0.124512,96
0.126648,96
0.128174,96
0.130005,96
0.131836,96
0.133362,96
0.135193,96
0.137024,96
0.138855,96
0.140991,96
0.142822,96
0.145264,96
0.147705,96
0.150146,96
0.152893,96
0.155334,96
0.157776,96
0.160217,96
0.162048,96
0.163574,96
0.16449,96
0.165405,96
0.16571,96
0.16571,96
0.1651,96
0.164185,96
0.162964,96
0.161438,96
0.159607,96
0.157776,96
0.155945,96
0.154419,96
0.153198,96
0.151672,96
0.149841,96
0.147095,96
0.143738,96
0.140076,96
0.136108,96
0.131836,96
0.127869,96
0.124207,96
0.120239,96
0.116577,96
0.112915,96
0.109253,96
0.105286,96
0.101013,96
0.0964355,96
0.0915527,96
0.0863647,96
0.0808716,96
0.0753784,96
0.0698853,96
0.0640869,96
0.0582886,96
0.0524902,96
0.0463867,96
0.0402832,96
0.0344849,96
0.0292969,96
0.0244141,96
0.0195313,96
0.0146484,96
0.00946045,96
0.00427246,96
-0.0012207,96
-0.00671387,96
-0.0119019,96
-0.0170898,96
-0.0219727,96
-0.0265503,96
-0.0308228,96
-0.0350952,96
-0.0390625,96
-0.0430298,96
-0.0466919,96
-0.050354,96
-0.0534058,96
-0.0561523,96
-0.0582886,96
-0.0604248,96
-0.0622559,96
-0.0640869,96
-0.065918,96
-0.0674438,96
-0.0689697,96
-0.0701904,96
-0.071106,96
-0.0717163,96
-0.0723267,96
-0.072937,96
-0.0735474,96
-0.0744629,96
-0.0750732,96
-0.0756836,96
-0.0762939,96
-0.0769043,96
-0.0775146,96
-0.078125,96
-0.0790405,96
-0.0793457,96
-0.0799561,96
-0.0799561,96
-0.0799561,96
-0.0802612,96
-0.0805664,96
-0.0808716,96
-0.0811768,96
-0.0808716,96
-0.0802612,96
-0.0793457,96
-0.0778198,96
-0.0765991,96
-0.0750732,96
-0.0738525,96
-0.0726318,96
-0.0720215,96
-0.0717163,96
-0.0717163,96
-0.0720215,96
-0.0726318,96
-0.0735474,96
-0.0747681,96
-0.0759888,96
-0.0772095,96
-0.078125,96
-0.0793457,96
-0.0802612,96
-0.0808716,96
-0.0814819,96
-0.0823975,96
-0.083313,96
-0.0845337,96
-0.0857544,96
-0.0866699,96
-0.0875854,96
-0.088501,96
-0.0891113,96
-0.0897217,96
-0.090332,96
-0.0906372,96
-0.0909424,96
-0.0909424,96
-0.0912476,96
-0.0909424,96
-0.0906372,96
-0.090332,96
-0.0900269,96
-0.0900269,96
-0.0900269,96
-0.0900269,96
-0.0900269,96
-0.0900269,96
-0.0900269,96
-0.0897217,96
-0.0894165,96
-0.0888062,96
-0.0878906,96
-0.0869751,96
-0.0860596,96
-0.0848389,96
-0.083313,96
-0.0817871,96
-0.0805664,96
-0.0793457,96
-0.078125,96
-0.0775146,96
-0.0765991,96
-0.0756836,96
-0.0750732,96
-0.0744629,96
-0.0744629,96
-0.0744629,96
-0.0747681,96
-0.0747681,96
-0.0747681,96
-0.0744629,96
-0.0738525,96
-0.0732422,96
-0.0726318,96
-0.0720215,96
-0.071106,96
-0.0704956,96
-0.0695801,96
-0.0686646,96
-0.0680542,96
-0.0668335,96
-0.065918,96
-0.0653076,96
-0.0643921,96
-0.0631714,96
-0.0619507,96
-0.0604248,96
-0.0588989,96
-0.0570679,96
-0.055542,96
-0.0540161,96
-0.0524902,96
-0.0512695,96
-0.050354,96
-0.0497437,96
-0.0494385,96
-0.0491333,96
-0.0491333,96
-0.0491333,96
-0.0494385,96
-0.0497437,96
-0.0494385,96
-0.0491333,96
-0.0488281,96
-0.0485229,96
-0.0482178,96
-0.0476074,96
-0.0469971,96
-0.0466919,96
-0.0469971,96
-0.0473022,96
-0.0479126,96
-0.0488281,96
-0.0491333,96
-0.0497437,96
-0.0497437,96
-0.0497437,96
-0.0494385,96
-0.0491333,96
-0.0491333,96
-0.0491333,96
-0.0491333,96
-0.0494385,96
-0.0497437,96
-0.0497437,96
-0.0497437,96
-0.0494385,96
-0.0491333,96
-0.0482178,96
-0.0476074,96
-0.0469971,96
-0.0463867,96
-0.0460815,96
-0.0457764,96
-0.045166,96
-0.0445557,96
-0.0436401,96
-0.0424194,96
-0.0415039,96
-0.0411987,96
-0.0411987,96
-0.0411987,96
-0.0411987,96
-0.0411987,96
-0.0408936,96
-0.0405884,96
-0.0402832,96
-0.0396729,96
-0.0390625,96
-0.0387573,96
-0.0378418,96
-0.0369263,96
-0.0350952,96
-0.0326538,96
-0.0292969,96
-0.0259399,96
-0.0219727,96
-0.0180054,96
-0.0143433,96
-0.010376,96
-0.00640869,96
-0.00274658,96
0.000915527,96
0.00457764,96
0.00762939,96
0.0106812,96
0.0131226,96
0.015564,96
0.0177002,96
0.0195313,96
0.0216675,96
0.0234985,96
0.0253296,96
0.0271606,96
0.0292969,96
0.0311279,96
0.032959,96
0.0350952,96
0.0369263,96
0.0387573,96
0.0408936,96
0.043335,96
0.0460815,96
0.0488281,96
0.0518799,96
0.0546265,96
0.0576782,96
0.0601196,96
0.0619507,96
0.0637817,96
0.0646973,96
0.0650024,96
0.0643921,96
0.0634766,96
0.0616455,96
0.0595093,96
0.0570679,96
0.0546265,96
0.0515747,96
0.0485229,96
0.0445557,96
0.0402832,96
0.0360107,96
0.0314331,96
0.0268555,96
0.022583,96
0.0177002,96
0.0131226,96
0.00823975,96
0.00335693,96
-0.00152588,96
-0.00610352,96
-0.0109863,96
-0.015564,96
-0.0198364,96
-0.0241089,96
-0.0280762,96
-0.0317383,96
-0.0354004,96
-0.0390625,96
-0.0427246,96
-0.0463867,96
-0.0500488,96
-0.0540161,96
-0.0579834,96
-0.0622559,96
-0.0665283,96
-0.0704956,96
-0.0744629,96
-0.078125,96
-0.0814819,96
-0.0845337,96
-0.0872803,96
-0.0900269,96
-0.0927734,96
-0.0952148,96
-0.0979614,96
-0.100708,96
-0.103455,96
-0.106506,96
-0.109253,96
-0.111694,96
-0.114136,96
-0.115662,96
-0.116272,96
-0.116272,96
-0.115356,96
-0.114136,96
-0.112305,96
-0.110779,96
-0.108948,96
-0.107422,96
-0.106201,96
-0.105286,96
-0.10437,96
-0.10376,96
-0.102844,96
-0.101624,96
-0.100708,96
-0.0994873,96
-0.098877,96
-0.0985718,96
-0.0991821,96
-0.100098,96
-0.101624,96
-0.103455,96
-0.105896,96
-0.108032,96
-0.110474,96
-0.112915,96
-0.115356,96
-0.117493,96
-0.119324,96
-0.121155,96
-0.122375,96
-0.123291,96
-0.124207,96
-0.124817,96
-0.125427,96
-0.125732,96
-0.126038,96
-0.126038,96
-0.126038,96
-0.126038,96
-0.125732,96
-0.125427,96
-0.124817,96
-0.123291,96
-0.121155,96
-0.118408,96
-0.115051,96
-0.111389,96
-0.107727,96
-0.103149,96
-0.0982666,96
-0.0918579,96
-0.0845337,96
-0.0753784,96
-0.0643921,96
-0.0515747,96
-0.0369263,96
-0.0201416,96
-0.000915527,96
0.0201416,96
0.0436401,96
0.0692749,96
0.0964355,96
0.125122,96
0.155029,96
0.186157,96
0.218506,96
0.25116,96
0.283813,96
0.315857,96
0.346069,96
0.37384,96
0.397949,96
0.41687,96
0.429688,96
0.436096,96
0.435791,96
0.429077,96
0.416565,96
0.398254,96
0.374756,96
0.346375,96
0.314026,96
0.27771,96
0.238037,96
0.195618,94
0.151367,94
0.106201,94
0.0610352,94
0.0170898,94
-0.0250244,94
-0.0640869,94
-0.098877,94
-0.128784,94
-0.153503,94
-0.172424,94
-0.185852,94
-0.194397,94
-0.198059,94
-0.197754,94
-0.193787,94
-0.186462,94
-0.177307,94
-0.166321,94
-0.154724,94
-0.142517,94
-0.130005,94
-0.118103,94
-0.106506,94
-0.0964355,94
-0.0875854,94
-0.0805664,94
-0.0747681,94
-0.0701904,94
-0.0671387,94
-0.0650024,94
-0.0637817,94
-0.0634766,94
-0.0637817,94
-0.0643921,94
-0.0656128,94
-0.0671387,94
-0.0689697,94
-0.0714111,94
-0.0744629,94
-0.0772095,94
-0.0802612,94
-0.083313,94
-0.0860596,94
-0.0888062,94
-0.0912476,94
-0.093689,94
-0.0961304,94
-0.0982666,94
-0.100403,94
-0.102234,94
-0.104065,94
-0.105896,94
-0.107117,94
-0.107727,94
-0.108032,94
-0.108032,94
-0.107422,94
-0.107117,94
-0.106812,94
-0.106201,94
-0.105591,94
-0.10437,94
-0.102844,94
-0.101318,94
-0.0994873,94
-0.0979614,94
-0.0964355,94
-0.0958252,94
-0.0952148,94
-0.0949097,94
-0.0949097,94
-0.0952148,94
-0.0952148,94
-0.0952148,94
-0.0949097,94
-0.0946045,94
-0.093689,94
-0.0924683,94
-0.0909424,94
-0.0894165,94
-0.0878906,94
-0.0863647,94
-0.0848389,94
-0.0836182,94
-0.0827026,94
-0.0811768,94
-0.0799561,94
-0.0787354,94
-0.0775146,94
-0.0762939,94
-0.0750732,94
-0.0741577,94
-0.0735474,94
-0.0735474,94
-0.0735474,94
-0.0738525,94
-0.0744629,94
-0.0750732,94
-0.0756836,94
-0.0762939,94
-0.0765991,94
-0.0769043,94
-0.0765991,94
-0.0762939,94
-0.0756836,94
-0.0747681,94
-0.0738525,94
-0.072937,94
-0.0723267,94
-0.0717163,94
-0.071106,94
-0.0704956,94
-0.0698853,94
-0.0692749,94
-0.0686646,94
-0.0683594,94
-0.0680542,94
-0.067749,94
-0.067749,94
-0.0683594,94
-0.0695801,94
-0.0708008,94
-0.0723267,94
-0.0738525,94
-0.0753784,94
-0.0762939,94
-0.0772095,94
-0.0775146,94
-0.0772095,94
-0.0765991,94
-0.0756836,94
-0.0744629,94
-0.0726318,94
-0.0708008,94
-0.0686646,94
-0.0665283,94
-0.0640869,94
-0.0619507,94
-0.0601196,94
-0.0579834,94
-0.0561523,94
-0.0540161,94
-0.0521851,94
-0.0500488,94
-0.0479126,94
-0.0460815,94
-0.0442505,94
-0.0430298,94
-0.0418091,94
-0.0405884,94
-0.0396729,94
-0.0387573,94
-0.0375366,94
-0.0363159,94
-0.03479,94
-0.0326538,94
-0.0302124,94
-0.0274658,94
-0.0247192,94
-0.0213623,94
-0.0183105,94
-0.0152588,94
-0.012207,94
-0.00946045,94
-0.00701904,94
-0.00457764,94
-0.00213623,94
0,94
0.00213623,94
0.00396729,94
0.00518799,94
0.00640869,94
0.00732422,94
0.00793457,94
0.00854492,94
0.0088501,94
0.00976563,94
0.0109863,94
0.0125122,94
0.0146484,94
0.0170898,94
0.0195313,94
0.022583,94
0.0253296,94
0.0280762,94
0.0311279,94
0.0338745,94
0.0369263,94
0.039978,94
0.043335,94
0.0463867,94
0.0494385,94
0.0521851,94
0.0546265,94
0.0567627,94
0.0582886,94
0.0598145,94
0.0613403,94
0.0634766,94
0.0656128,94
0.0680542,94
0.0704956,94
0.0726318,94
0.0744629,94
0.0756836,94
0.0769043,94
0.0775146,94
0.078125,94
0.0787354,94
0.0796509,94
0.0805664,94
0.0820923,94
0.083313,94
0.0848389,94
0.0860596,94
0.0872803,94
0.0878906,94
0.088501,94
0.088501,94
0.0881958,94
0.0875854,94
0.0866699,94
0.0854492,94
0.0842285,94
0.0830078,94
0.0820923,94
0.0811768,94
0.0805664,94
0.0796509,94
0.0784302,94
0.0769043,94
0.0753784,94
0.0735474,94
0.0714111,94
0.0695801,94
0.0674438,94
0.0653076,94
0.0631714,94
0.06073,94
0.0576782,94
0.0540161,94
0.0500488,94
0.0454712,94
0.0402832,94
0.03479,94
0.0289917,94
0.0231934,94
0.0170898,94
0.0106812,94
0.00427246,94
-0.00213623,94
-0.0088501,94
-0.015564,94
-0.0228882,94
-0.0299072,94
-0.0369263,94
-0.043335,94
-0.0494385,94
-0.0549316,94
-0.0604248,94
-0.065918,94
-0.071106,94
-0.0762939,94
-0.0808716,94
-0.0848389,94
-0.0881958,94
-0.0909424,94
-0.0933838,94
-0.0958252,94
-0.0976563,94
-0.0994873,94
-0.101013,94
-0.102539,94
-0.104065,94
-0.105896,94
-0.108032,94
-0.110168,94
-0.112915,94
-0.115967,94
-0.118713,94
-0.121765,94
-0.124512,94
-0.126953,94
-0.129395,94
-0.13092,94
-0.132446,94
-0.133972,94
-0.135498,94
-0.136719,94
-0.138245,94
-0.139771,94
-0.141296,94
-0.142517,94
-0.143738,94
-0.144958,94
-0.145569,94
-0.145874,94
-0.146179,94
-0.146484,94
-0.14679,94
-0.1474,94
-0.148315,94
-0.149231,94
-0.150757,94
-0.152283,94
-0.154114,94
-0.15564,94
-0.15686,94
-0.157776,94
-0.158691,94
-0.159302,94
-0.159912,94
-0.160522,94
-0.160828,94
-0.161133,94
-0.161133,94
-0.160828,94
-0.160522,94
-0.159912,94
-0.159607,94
-0.158997,94
-0.158081,94
-0.15686,94
-0.155334,94
-0.153809,94
-0.151978,94
-0.150452,94
-0.148926,94
-0.148315,94
-0.148315,94
-0.148621,94
-0.149841,94
-0.151062,94
-0.152588,94
-0.154114,94
-0.155334,94
-0.156555,94
-0.157471,94
-0.158386,94
-0.159607,94
-0.160828,94
-0.161743,94
-0.162659,94
-0.163574,94
-0.164185,94
-0.16449,94
-0.16449,94
-0.163879,94
-0.162964,94
-0.161743,94
-0.159912,94
-0.158386,94
-0.156555,94
-0.154724,94
-0.152588,94
-0.151062,94
-0.149231,94
-0.148315,94
-0.147705,94
-0.147705,94
-0.147705,94
-0.14801,94
-0.14801,94
-0.14801,94
-0.148315,94
-0.148315,94
-0.148621,94
-0.148926,94
-0.149231,94
-0.149536,94
-0.149536,94
-0.149231,94
-0.149231,94
-0.148926,94
-0.148926,94
-0.148621,94
-0.148315,94
-0.14801,94
-0.147705,94
-0.147095,94
-0.146179,94
-0.145569,94
-0.144958,94
-0.144348,94
-0.143738,94
-0.143433,94
-0.143127,94
-0.143127,94
-0.143127,94
-0.143127,94
-0.143127,94
-0.143127,94
-0.142212,94
-0.141296,94
-0.139771,94
-0.138245,94
-0.136414,94
-0.134583,94
-0.132751,94
-0.130615,94
-0.128479,94
-0.126953,94
-0.125122,94
-0.123291,94
-0.12146,94
-0.119934,94
-0.118713,94
-0.118408,94
-0.118408,94
-0.119019,94
-0.119629,94
-0.120544,94
-0.12146,94
-0.12207,94
-0.122375,94
-0.122986,94
-0.123596,94
-0.123596,94
-0.123901,94
-0.123291,94
-0.122681,94
-0.121765,94
-0.12085,94
-0.119324,94
-0.118103,94
-0.116882,94
-0.115662,94
-0.114441,94
-0.113525,94
-0.11261,94
-0.111694,94
-0.111084,94
-0.110779,94
-0.110168,94
-0.109558,94
-0.109253,94
-0.108948,94
-0.108948,94
-0.109253,94
-0.109863,94
-0.110779,94
-0.112,94
-0.11322,94
-0.114441,94
-0.115051,94
-0.115051,94
-0.115051,94
-0.114746,94
-0.114441,94
-0.114136,94
-0.114136,94
-0.114441,94
-0.115051,94
-0.115356,94
-0.115356,94
-0.115356,94
-0.114746,94
-0.114136,94
-0.113525,94
-0.112915,94
-0.11261,94
-0.11261,94
-0.112915,94
-0.112915,94
-0.11322,94
-0.113831,94
-0.114136,94
-0.114136,94
-0.114136,94
-0.113831,94
-0.112915,94
-0.112,94
-0.111084,94
-0.109863,94
-0.108643,94
-0.107422,94
-0.105896,94
-0.10437,94
-0.102844,94
-0.101929,94
-0.101318,94
-0.101013,94
-0.101013,94
-0.100403,94
-0.0997925,94
-0.0982666,94
-0.0964355,94
-0.0942993,94
-0.0921631,94
-0.0897217,94
-0.0869751,94
-0.0842285,94
-0.0817871,94
-0.0796509,94
-0.0778198,94
-0.0762939,94
-0.0747681,94
-0.0732422,94
-0.0714111,94
-0.0695801,94
-0.0671387,94
-0.0640869,94
-0.0610352,94
-0.057373,94
-0.0540161,94
-0.0506592,94
-0.0476074,94
-0.045166,94
-0.0424194,94
-0.039978,94
-0.0372314,94
-0.0341797,94
-0.0311279,94
-0.027771,94
-0.0244141,94
-0.020752,94
-0.0167847,94
-0.0131226,94
-0.00946045,94
-0.00579834,94
-0.00244141,94
0.000305176,94
0.00274658,94
0.00488281,94
0.00671387,94
0.00823975,94
0.00915527,94
0.00976563,94
0.00976563,94
0.00946045,94
0.00854492,94
0.00732422,94
0.00579834,94
0.00457764,94
0.00335693,94
0.00244141,94
0.0012207,94
-0.000610352,94
-0.00274658,94
-0.00549316,94
-0.00793457,94
-0.0106812,94
-0.0134277,94
-0.0164795,94
-0.0192261,94
-0.0219727,94
-0.0247192,94
-0.027771,94
-0.0314331,94
-0.0357056,94
-0.0405884,94
-0.0457764,94
-0.0515747,94
-0.0570679,94
-0.0628662,94
-0.0686646,94
-0.0747681,94
-0.0808716,94
-0.0872803,94
-0.0930786,94
-0.098877,94
-0.104065,94
-0.108643,94
-0.11322,94
-0.117188,94
-0.12085,94
-0.124512,94
-0.127563,94
-0.130005,94
-0.132446,94
-0.134583,94
-0.136414,94
-0.137939,94
-0.13916,94
-0.140076,94
-0.140381,94
-0.140381,94
-0.140076,94
-0.139771,94
-0.139465,94
-0.139465,94
-0.139465,94
-0.139771,94
-0.140381,94
-0.140381,94
-0.140686,94
-0.140991,94
-0.141602,94
-0.141907,94
-0.142822,94
-0.143738,94
-0.144958,94
-0.146484,94
-0.14801,94
-0.149231,94
-0.150452,94
-0.151367,94
-0.152283,94
-0.153198,94
-0.154114,94
-0.155029,94
-0.155945,94
-0.157166,94
-0.158386,94
-0.159607,94
-0.160828,94
-0.161743,94
-0.162354,94
-0.162659,94
-0.162354,94
-0.161743,94
-0.160828,94
-0.159912,94
-0.158691,94
-0.157776,94
-0.156555,94
-0.15564,94
-0.155029,94
-0.154419,94
-0.154419,94
-0.154724,94
-0.155029,94
-0.155334,94
-0.155334,94
-0.154724,94
-0.153809,94
-0.151978,94
-0.149841,94
-0.14679,94
-0.143738,94
-0.140076,94
-0.136414,94
-0.132141,94
-0.126953,94
-0.12085,94
-0.113525,94
-0.104675,94
-0.0942993,94
-0.0823975,94
-0.0686646,94
-0.0527954,94
-0.03479,94
-0.0146484,94
0.00732422,94
0.0308228,94
0.0558472,94
0.0823975,94
0.110474,94
0.140686,94
0.172119,94
0.204468,94
0.237122,94
0.26947,94
0.300293,94
0.328979,94
0.354004,94
0.374451,94
0.388794,94
0.396729,94
0.398254,94
0.393677,94
0.382996,94
0.366821,94
0.345764,94
0.319824,94
0.289612,94
0.255737,94
0.217896,94
0.177307,90
0.134277,90
0.0900269,90
0.0454712,90
0.0012207,90
-0.0405884,90
-0.0796509,90
-0.114746,90
-0.144653,90
-0.169373,90
-0.188293,90
-0.201416,90
-0.209045,90
-0.211487,90
-0.209961,90
-0.204773,90
-0.196838,90
-0.186768,90
-0.175171,90
-0.162964,90
-0.150146,90
-0.137329,90
-0.124512,90
-0.11261,90
-0.101929,90
-0.0924683,90
-0.085144,90
-0.0793457,90
-0.0750732,90
-0.0723267,90
-0.071106,90
-0.071106,90
-0.0723267,90
-0.0741577,90
-0.0765991,90
-0.0793457,90
-0.0817871,90
-0.0845337,90
-0.0866699,90
-0.0888062,90
-0.0906372,90
-0.0924683,90
-0.0939941,90
-0.09552,90
-0.0967407,90
-0.0979614,90
-0.098877,90
-0.100098,90
-0.101013,90
-0.102234,90
-0.103455,90
-0.104675,90
-0.105896,90
-0.107117,90
-0.107422,90
-0.107727,90
-0.107727,90
-0.107727,90
-0.108032,90
-0.108643,90
-0.109558,90
-0.110168,90
-0.110474,90
-0.110474,90
-0.110474,90
-0.109863,90
-0.109253,90
-0.108337,90
-0.107727,90
-0.107117,90
-0.106506,90
-0.105896,90
-0.105286,90
-0.104675,90
-0.10376,90
-0.103149,90
-0.102234,90
-0.101929,90
-0.101624,90
-0.101318,90
-0.101013,90
-0.100708,90
-0.100098,90
-0.0994873,90
-0.0982666,90
-0.0967407,90
-0.0952148,90
-0.093689,90
-0.0921631,90
-0.0906372,90
-0.0894165,90
-0.0881958,90
-0.0866699,90
-0.0857544,90
-0.0848389,90
-0.0839233,90
-0.083313,90
-0.0820923,90
-0.0811768,90
-0.0796509,90
-0.078125,90
-0.0765991,90
-0.0753784,90
-0.0741577,90
-0.0735474,90
-0.072937,90
-0.0726318,90
-0.0723267,90
-0.0717163,90
-0.071106,90
-0.0701904,90
-0.0692749,90
-0.0683594,90
-0.0674438,90
-0.0665283,90
-0.0656128,90
-0.0650024,90
-0.0640869,90
-0.0631714,90
-0.062561,90
-0.0619507,90
-0.0610352,90
-0.0604248,90
-0.0601196,90
-0.0598145,90
-0.0595093,90
-0.0598145,90
-0.0595093,90
-0.0592041,90
-0.0582886,90
-0.0570679,90
-0.0552368,90
-0.0537109,90
-0.0521851,90
-0.0506592,90
-0.0497437,90
-0.0488281,90
-0.0476074,90
-0.0463867,90
-0.0448608,90
-0.043335,90
-0.0421143,90
-0.0408936,90
-0.0402832,90
-0.0396729,90
-0.0387573,90
-0.038147,90
-0.0375366,90
-0.0363159,90
-0.0350952,90
-0.0338745,90
-0.0323486,90
-0.0305176,90
-0.0286865,90
-0.0265503,90
-0.0241089,90
-0.0219727,90
-0.0198364,90
-0.017395,90
-0.0149536,90
-0.012207,90
-0.00946045,90
-0.00671387,90
-0.00427246,90
-0.00213623,90
-0.000305176,90
0.0012207,90
0.00274658,90
0.00396729,90
0.00518799,90
0.00640869,90
0.00732422,90
0.00793457,90
0.00823975,90
0.00823975,90
0.00823975,90
0.00854492,90
0.0088501,90
0.00946045,90
0.010376,90
0.0115967,90
0.0128174,90
0.0140381,90
0.0152588,90
0.0167847,90
0.0183105,90
0.0201416,90
0.0222778,90
0.0247192,90
0.0280762,90
0.0314331,90
0.03479,90
0.0378418,90
0.0405884,90
0.0430298,90
0.0457764,90
0.0482178,90
0.0509644,90
0.0537109,90
0.0564575,90
0.0588989,90
0.0613403,90
0.0634766,90
0.0656128,90
0.067749,90
0.0698853,90
0.0720215,90
0.0741577,90
0.0759888,90
0.0775146,90
0.0790405,90
0.0799561,90
0.0808716,90
0.0817871,90
0.0823975,90
0.0830078,90
0.083313,90
0.0839233,90
0.0842285,90
0.0848389,90
0.085144,90
0.0854492,90
0.0860596,90
0.0863647,90
0.0869751,90
0.0872803,90
0.0875854,90
0.0881958,90
0.088501,90
0.088501,90
0.088501,90
0.0881958,90
0.0875854,90
0.0869751,90
0.0860596,90
0.0848389,90
0.0836182,90
0.0820923,90
0.0802612,90
0.078125,90
0.0756836,90
0.072937,90
0.0692749,90
0.0656128,90
0.0616455,90
0.057373,90
0.0527954,90
0.0482178,90
0.043335,90
0.0384521,90
0.032959,90
0.0271606,90
0.0210571,90
0.0146484,90
0.00823975,90
0.00213623,90
-0.00396729,90
-0.00976563,90
-0.0149536,90
-0.0204468,90
-0.0253296,90
-0.0305176,90
-0.0350952,90
-0.0396729,90
-0.0442505,90
-0.0488281,90
-0.0534058,90
-0.0579834,90
-0.062561,90
-0.0668335,90
-0.0704956,90
-0.0735474,90
-0.0765991,90
-0.0793457,90
-0.0823975,90
-0.085144,90
-0.0875854,90
-0.0897217,90
-0.0915527,90
-0.0927734,90
-0.0942993,90
-0.0961304,90
-0.0982666,90
-0.100403,90
-0.102539,90
-0.104675,90
-0.106812,90
-0.108643,90
-0.110474,90
-0.112305,90
-0.114136,90
-0.115662,90
-0.117188,90
-0.119019,90
-0.120544,90
-0.12207,90
-0.123596,90
-0.125122,90
-0.126648,90
-0.128174,90
-0.130005,90
-0.131531,90
-0.132751,90
-0.133972,90
-0.134583,90
-0.134888,90
-0.134888,90
-0.134888,90
-0.134583,90
-0.133667,90
-0.132751,90
-0.131531,90
-0.130615,90
-0.129395,90
-0.127869,90
-0.126343,90
-0.124512,90
-0.122681,90
-0.121155,90
-0.119934,90
-0.119019,90
-0.118408,90
-0.118408,90
-0.118103,90
-0.117798,90
-0.117188,90
-0.116882,90
-0.116577,90
-0.116272,90
-0.116272,90
-0.116577,90
-0.116882,90
-0.117493,90
-0.118408,90
-0.119934,90
-0.12146,90
-0.123291,90
-0.125122,90
-0.126648,90
-0.127869,90
-0.128784,90
-0.129395,90
-0.1297,90
-0.1297,90
-0.129395,90
-0.128784,90
-0.128174,90
-0.127869,90
-0.127563,90
-0.127563,90
-0.127563,90
-0.127869,90
-0.128174,90
-0.128479,90
-0.128784,90
-0.128784,90
-0.128784,90
-0.128479,90
-0.128174,90
-0.127869,90
-0.127563,90
-0.127258,90
-0.126648,90
-0.126343,90
-0.126038,90
-0.125732,90
-0.125427,90
-0.125122,90
-0.124207,90
-0.123291,90
-0.12207,90
-0.120239,90
-0.118713,90
-0.117188,90
-0.115662,90
-0.114136,90
-0.11261,90
-0.110168,90
-0.107727,90
-0.104675,90
-0.101624,90
-0.098877,90
-0.0961304,90
-0.0939941,90
-0.0921631,90
-0.0906372,90
-0.0894165,90
-0.0878906,90
-0.0869751,90
-0.0857544,90
-0.085144,90
-0.0845337,90
-0.0842285,90
-0.0839233,90
-0.083313,90
-0.0827026,90
-0.0820923,90
-0.0811768,90
-0.0805664,90
-0.0805664,90
-0.0805664,90
-0.0808716,90
-0.0814819,90
-0.0817871,90
-0.0817871,90
-0.0814819,90
-0.0805664,90
-0.0796509,90
-0.0784302,90
-0.0775146,90
-0.0765991,90
-0.0756836,90
-0.0750732,90
-0.0744629,90
-0.0735474,90
-0.072937,90
-0.0723267,90
-0.0714111,90
-0.0704956,90
-0.0695801,90
-0.0686646,90
-0.067749,90
-0.0668335,90
-0.0662231,90
-0.065918,90
-0.0653076,90
-0.0650024,90
-0.0643921,90
-0.0637817,90
-0.0631714,90
-0.0631714,90
-0.0628662,90
-0.0631714,90
-0.0631714,90
-0.0637817,90
-0.0643921,90
-0.0650024,90
-0.065918,90
-0.0668335,90
-0.067749,90
-0.0689697,90
-0.0701904,90
-0.0717163,90
-0.072937,90
-0.0741577,90
-0.0750732,90
-0.0759888,90
-0.0769043,90
-0.0778198,90
-0.0787354,90
-0.0799561,90
-0.0808716,90
-0.0814819,90
-0.0817871,90
-0.0817871,90
-0.0814819,90
-0.0808716,90
-0.0799561,90
-0.0784302,90
-0.0769043,90
-0.0750732,90
-0.0735474,90
-0.0723267,90
-0.071106,90
-0.0698853,90
-0.0689697,90
-0.0680542,90
-0.0671387,90
-0.0662231,90
-0.0656128,90
-0.0646973,90
-0.0640869,90
-0.0634766,90
-0.0628662,90
-0.062561,90
-0.0622559,90
-0.0619507,90
-0.0619507,90
-0.0619507,90
-0.062561,90
-0.0631714,90
-0.0634766,90
-0.0637817,90
-0.0637817,90
-0.0634766,90
-0.0631714,90
-0.0628662,90
-0.0628662,90
-0.062561,90
-0.0619507,90
-0.0613403,90
-0.0610352,90
-0.06073,90
-0.0610352,90
-0.0613403,90
-0.0622559,90
-0.0631714,90
-0.0646973,90
-0.0665283,90
-0.0686646,90
-0.071106,90
-0.072937,90
-0.0750732,90
-0.0765991,90
-0.0778198,90
-0.0787354,90
-0.0796509,90
-0.0805664,90
-0.0811768,90
-0.0811768,90
-0.0811768,90
-0.0808716,90
-0.0799561,90
-0.0787354,90
-0.0765991,90
-0.0747681,90
-0.0723267,90
-0.0701904,90
-0.0683594,90
-0.0668335,90
-0.0653076,90
-0.0640869,90
-0.0631714,90
-0.062561,90
-0.0619507,90
-0.0619507,90
-0.0622559,90
-0.062561,90
-0.0631714,90
-0.0634766,90
-0.0637817,90
-0.0634766,90
-0.062561,90
-0.06073,90
-0.0582886,90
-0.0552368,90
-0.0518799,90
-0.0479126,90
-0.0439453,90
-0.0396729,90
-0.0354004,90
-0.0308228,90
-0.0265503,90
-0.0219727,90
-0.017395,90
-0.0131226,90
-0.00854492,90
-0.00427246,90
-0.000305176,90
0.00335693,90
0.00671387,90
0.00946045,90
0.0119019,90
0.0137329,90
0.015564,90
0.0180054,90
0.020752,90
0.0241089,90
0.027771,90
0.0314331,90
0.0344849,90
0.0375366,90
0.0408936,90
0.0439453,90
0.0473022,90
0.0509644,90
0.0540161,90
0.0567627,90
0.0592041,90
0.0610352,90
0.0622559,90
0.062561,90
0.0619507,90
0.0604248,90
0.0582886,90
0.0552368,90
0.0515747,90
0.0469971,90
0.0418091,90
0.0360107,90
0.0302124,90
0.0244141,90
0.0189209,90
0.0134277,90
0.00823975,90
0.00335693,90
-0.000915527,90
-0.00488281,90
-0.00854492,90
-0.0115967,90
-0.0143433,90
-0.0170898,90
-0.0195313,90
-0.0222778,90
-0.0247192,90
-0.0271606,90
-0.0296021,90
-0.0320435,90
-0.0341797,90
-0.0363159,90
-0.038147,90
-0.039978,90
-0.0421143,90
-0.0448608,90
-0.0482178,90
-0.0518799,90
-0.0558472,90
-0.0595093,90
-0.0634766,90
-0.0668335,90
-0.0701904,90
-0.0735474,90
-0.0765991,90
-0.0793457,90
-0.0820923,90
-0.0842285,90
-0.0860596,90
-0.0875854,90
-0.0888062,90
-0.0900269,90
-0.0909424,90
-0.0915527,90
-0.0921631,90
-0.0924683,90
-0.0930786,90
-0.0930786,90
-0.0933838,90
-0.0930786,90
-0.0930786,90
-0.0924683,90
-0.0921631,90
-0.0915527,90
-0.0909424,90
-0.0909424,90
-0.0912476,90
-0.0921631,90
-0.0933838,90
-0.0949097,90
-0.0958252,90
-0.0964355,90
-0.0967407,90
-0.0973511,90
-0.0976563,90
-0.0982666,90
-0.0985718,90
-0.098877,90
-0.0991821,90
-0.0991821,90
-0.0991821,90
-0.0994873,90
-0.100098,90
-0.101013,90
-0.101624,90
-0.102234,90
-0.102234,90
-0.102234,90
-0.101929,90
-0.101318,90
-0.101013,90
-0.101013,90
-0.101624,90
-0.102234,90
-0.102844,90
-0.103455,90
-0.104065,90
-0.104065,90
-0.10376,90
-0.102539,90
-0.100708,90
-0.0982666,90
-0.09552,90
-0.0924683,90
-0.0894165,90
-0.0854492,90
-0.0808716,90
-0.0753784,90
-0.0680542,90
-0.0592041,90
-0.0488281,90
-0.0366211,90
-0.022583,90
-0.00701904,90
0.010376,90
0.0296021,90
0.0509644,90
0.0738525,90
0.0991821,90
0.126038,90
0.154724,90
0.184937,90
0.21637,90
0.248718,90
0.281372,90
0.313721,90
0.344543,90
0.37323,90
0.39856,90
0.419006,90
0.434265,90
0.443115,90
0.445251,90
0.440979,90
0.430908,90
0.415039,90
0.394592,90
0.369263,90
0.339966,90
0.306396,90
0.269775,90
0.230103,85
0.188904,85
0.146484,85
0.103455,85
0.0613403,85
0.0201416,85
-0.0183105,85
-0.0531006,85
-0.0836182,85
-0.108948,85
-0.129089,85
-0.143738,85
-0.153198,85
-0.157776,85
-0.157776,85
-0.154419,85
-0.147705,85
-0.138855,85
-0.128479,85
-0.116882,85
-0.10437,85
-0.0918579,85
-0.0796509,85
-0.0683594,85
-0.0585938,85
-0.0500488,85
-0.0430298,85
-0.0369263,85
-0.0320435,85
-0.0280762,85
-0.0250244,85
-0.0228882,85
-0.0213623,85
-0.0213623,85
-0.0219727,85
-0.0234985,85
-0.0256348,85
-0.0280762,85
-0.0302124,85
-0.0326538,85
-0.03479,85
-0.0366211,85
-0.0384521,85
-0.039978,85
-0.0408936,85
-0.0415039,85
-0.0421143,85
-0.0421143,85
-0.0421143,85
-0.0418091,85
-0.0418091,85
-0.0424194,85
-0.0430298,85
-0.0442505,85
-0.045166,85
-0.0460815,85
-0.0469971,85
-0.0476074,85
-0.0482178,85
-0.0491333,85
-0.050354,85
-0.0512695,85
-0.0521851,85
-0.0531006,85
-0.0534058,85
-0.0531006,85
-0.0527954,85
-0.0521851,85
-0.0515747,85
-0.0509644,85
-0.0500488,85
-0.0491333,85
-0.0479126,85
-0.0460815,85
-0.0442505,85
-0.0424194,85
-0.0405884,85
-0.0387573,85
-0.0366211,85
-0.0344849,85
-0.0326538,85
-0.0311279,85
-0.0302124,85
-0.0296021,85
-0.0292969,85
-0.0289917,85
-0.0289917,85
-0.0286865,85
-0.0283813,85
-0.0283813,85
-0.0280762,85
-0.0280762,85
-0.027771,85
-0.027771,85
-0.027771,85
-0.027771,85
-0.0274658,85
-0.0271606,85
-0.0265503,85
-0.0259399,85
-0.0247192,85
-0.0234985,85
-0.0219727,85
-0.0204468,85
-0.0189209,85
-0.0180054,85
-0.0167847,85
-0.0161743,85
-0.0152588,85
-0.0146484,85
-0.0137329,85
-0.0125122,85
-0.0112915,85
-0.0100708,85
-0.00854492,85
-0.00732422,85
-0.00671387,85
-0.00579834,85
-0.00549316,85
-0.00488281,85
-0.00457764,85
-0.00427246,85
-0.00366211,85
-0.00335693,85
-0.00335693,85
-0.00335693,85
-0.00335693,85
-0.00335693,85
-0.00305176,85
-0.00274658,85
-0.00213623,85
-0.000915527,85
0.000610352,85
0.00244141,85
0.00457764,85
0.00701904,85
0.00915527,85
0.0109863,85
0.0128174,85
0.0146484,85
0.0161743,85
0.0177002,85
0.0189209,85
0.0198364,85
0.020752,85
0.0213623,85
0.0222778,85
0.0231934,85
0.0241089,85
0.0250244,85
0.0256348,85
0.0256348,85
0.0256348,85
0.0256348,85
0.0256348,85
0.0256348,85
0.0256348,85
0.0259399,85
0.0265503,85
0.0274658,85
0.0280762,85
0.0292969,85
0.0305176,85
0.0317383,85
0.0335693,85
0.0357056,85
0.038147,85
0.0408936,85
0.0436401,85
0.0463867,85
0.0491333,85
0.0515747,85
0.0537109,85
0.0558472,85
0.0582886,85
0.0604248,85
0.0631714,85
0.065918,85
0.0689697,85
0.0717163,85
0.0744629,85
0.0769043,85
0.0790405,85
0.0805664,85
0.0820923,85
0.083313,85
0.0848389,85
0.0869751,85
0.0888062,85
0.0909424,85
0.0930786,85
0.0949097,85
0.0967407,85
0.0982666,85
0.0997925,85
0.101624,85
0.10376,85
0.105896,85
0.108337,85
0.110779,85
0.11322,85
0.115356,85
0.117798,85
0.120239,85
0.122375,85
0.124817,85
0.127563,85
0.130005,85
0.132446,85
0.134583,85
0.136414,85
0.137939,85
0.13916,85
0.140076,85
0.141296,85
0.142212,85
0.142822,85
0.143127,85
0.143433,85
0.143738,85
0.144043,85
0.144043,85
0.144348,85
0.144653,85
0.144958,85
0.144653,85
0.144348,85
0.144043,85
0.144043,85
0.144043,85
0.144348,85
0.144348,85
0.144043,85
0.143433,85
0.142517,85
0.141602,85
0.140686,85
0.139771,85
0.13855,85
0.137329,85
0.135193,85
0.132446,85
0.129395,85
0.125732,85
0.121765,85
0.117493,85
0.112915,85
0.108337,85
0.103149,85
0.0973511,85
0.0915527,85
0.0854492,85
0.0793457,85
0.0726318,85
0.065918,85
0.0595093,85
0.0527954,85
0.0466919,85
0.0405884,85
0.03479,85
0.0289917,85
0.0238037,85
0.0186157,85
0.0137329,85
0.00946045,85
0.00549316,85
0.00183105,85
-0.00152588,85
-0.00457764,85
-0.00732422,85
-0.010376,85
-0.0131226,85
-0.0158691,85
-0.0183105,85
-0.020752,85
-0.0231934,85
-0.0253296,85
-0.0274658,85
-0.0296021,85
-0.0317383,85
-0.0338745,85
-0.0363159,85
-0.0384521,85
-0.0408936,85
-0.0436401,85
-0.0460815,85
-0.0482178,85
-0.0506592,85
-0.0527954,85
-0.0549316,85
-0.057373,85
-0.0595093,85
-0.0619507,85
-0.0643921,85
-0.0668335,85
-0.0689697,85
-0.0704956,85
-0.071106,85
-0.071106,85
-0.0708008,85
-0.0704956,85
-0.0701904,85
-0.0695801,85
-0.0692749,85
-0.0689697,85
-0.0686646,85
-0.0683594,85
-0.067749,85
-0.0671387,85
-0.0668335,85
-0.0665283,85
-0.0668335,85
-0.067749,85
-0.0689697,85
-0.0704956,85
-0.0720215,85
-0.0732422,85
-0.0744629,85
-0.0756836,85
-0.0765991,85
-0.078125,85
-0.0796509,85
-0.0811768,85
-0.0827026,85
-0.0839233,85
-0.0848389,85
-0.0848389,85
-0.0842285,85
-0.0830078,85
-0.0817871,85
-0.0805664,85
-0.0793457,85
-0.078125,85
-0.0769043,85
-0.0756836,85
-0.0744629,85
-0.072937,85
-0.0714111,85
-0.0698853,85
-0.0683594,85
-0.0668335,85
-0.0656128,85
-0.0646973,85
-0.0637817,85
-0.0634766,85
-0.0634766,85
-0.0634766,85
-0.0634766,85
-0.0637817,85
-0.0640869,85
-0.0643921,85
-0.0643921,85
-0.0643921,85
-0.0643921,85
-0.0643921,85
-0.0643921,85
-0.0640869,85
-0.0640869,85
-0.0637817,85
-0.0634766,85
-0.0631714,85
-0.062561,85
-0.0622559,85
-0.0619507,85
-0.0616455,85
-0.0616455,85
-0.0613403,85
-0.06073,85
-0.0601196,85
-0.0592041,85
-0.0582886,85
-0.057373,85
-0.0567627,85
-0.0558472,85
-0.0552368,85
-0.0546265,85
-0.0537109,85
-0.0524902,85
-0.0512695,85
-0.0500488,85
-0.0488281,85
-0.0479126,85
-0.0473022,85
-0.0466919,85
-0.0457764,85
-0.0448608,85
-0.0439453,85
-0.0430298,85
-0.0421143,85
-0.0411987,85
-0.039978,85
-0.0387573,85
-0.0369263,85
-0.0357056,85
-0.03479,85
-0.0341797,85
-0.0341797,85
-0.0344849,85
-0.0350952,85
-0.0354004,85
-0.0360107,85
-0.0369263,85
-0.0378418,85
-0.0387573,85
-0.039978,85
-0.0408936,85
-0.0418091,85
-0.0427246,85
-0.0430298,85
-0.043335,85
-0.0436401,85
-0.0439453,85
-0.0442505,85
-0.0445557,85
-0.0445557,85
-0.0442505,85
-0.0439453,85
-0.0436401,85
-0.0430298,85
-0.0427246,85
-0.0424194,85
-0.0418091,85
-0.0411987,85
-0.0402832,85
-0.0393677,85
-0.0384521,85
-0.0378418,85
-0.0369263,85
-0.0363159,85
-0.0357056,85
-0.03479,85
-0.0341797,85
-0.0335693,85
-0.032959,85
-0.0323486,85
-0.0314331,85
-0.0305176,85
-0.0296021,85
-0.0289917,85
-0.0280762,85
-0.0268555,85
-0.0256348,85
-0.0244141,85
-0.0234985,85
-0.022583,85
-0.0222778,85
-0.0222778,85
-0.022583,85
-0.0231934,85
-0.0238037,85
-0.0250244,85
-0.0265503,85
-0.0280762,85
-0.0296021,85
-0.0314331,85
-0.032959,85
-0.0341797,85
-0.0354004,85
-0.0360107,85
-0.0366211,85
-0.0366211,85
-0.0366211,85
-0.0363159,85
-0.0360107,85
-0.0357056,85
-0.0354004,85
-0.0350952,85
-0.03479,85
-0.0344849,85
-0.0338745,85
-0.0335693,85
-0.032959,85
-0.0326538,85
-0.0323486,85
-0.0326538,85
-0.032959,85
-0.0335693,85
-0.0344849,85
-0.0357056,85
-0.0366211,85
-0.0372314,85
-0.0384521,85
-0.0393677,85
-0.0408936,85
-0.0421143,85
-0.0430298,85
-0.0436401,85
-0.043335,85
-0.0427246,85
-0.0418091,85
-0.0408936,85
-0.0396729,85
-0.0387573,85
-0.0378418,85
-0.0369263,85
-0.0357056,85
-0.03479,85
-0.0335693,85
-0.0326538,85
-0.0317383,85
-0.0311279,85
-0.0311279,85
-0.0308228,85
-0.0308228,85
-0.0311279,85
-0.0311279,85
-0.0311279,85
-0.0311279,85
-0.0314331,85
-0.0320435,85
-0.032959,85
-0.0338745,85
-0.03479,85
-0.0357056,85
-0.0363159,85
-0.0363159,85
-0.0363159,85
-0.0360107,85
-0.0354004,85
-0.0350952,85
-0.03479,85
-0.0341797,85
-0.0338745,85
-0.0335693,85
-0.0332642,85
-0.0326538,85
-0.0323486,85
-0.0317383,85
-0.0308228,85
-0.0296021,85
-0.0283813,85
-0.0265503,85
-0.0244141,85
-0.0219727,85
-0.0192261,85
-0.0158691,85
-0.0125122,85
-0.00915527,85
-0.00610352,85
-0.00335693,85
-0.000305176,85
0.00274658,85
0.00579834,85
0.0088501,85
0.0115967,85
0.0140381,85
0.0164795,85
0.0186157,85
0.0210571,85
0.0234985,85
0.0259399,85
0.0280762,85
0.0296021,85
0.0308228,85
0.0323486,85
0.0335693,85
0.0354004,85
0.0372314,85
0.0396729,85
0.0421143,85
0.045166,85
0.0479126,85
0.0509644,85
0.0543213,85
0.057373,85
0.06073,85
0.0643921,85
0.067749,85
0.0708008,85
0.0732422,85
0.0750732,85
0.0765991,85
0.0775146,85
0.078125,85
0.078125,85
0.078125,85
0.0775146,85
0.0769043,85
0.0756836,85
0.0738525,85
0.0717163,85
0.0689697,85
0.065918,85
0.0622559,85
0.0585938,85
0.0546265,85
0.0509644,85
0.0473022,85
0.0439453,85
0.0405884,85
0.0372314,85
0.0341797,85
0.0311279,85
0.0280762,85
0.0247192,85
0.0216675,85
0.0186157,85
0.0152588,85
0.012207,85
0.00915527,85
0.00610352,85
0.00305176,85
0,85
-0.00335693,85
-0.00640869,85
-0.00976563,85
-0.0131226,85
-0.0161743,85
-0.0189209,85
-0.0216675,85
-0.0241089,85
-0.0268555,85
-0.0292969,85
-0.0323486,85
-0.0350952,85
-0.0384521,85
-0.0415039,85
-0.0448608,85
-0.0476074,85
-0.0506592,85
-0.0531006,85
-0.0558472,85
-0.0579834,85
-0.0604248,85
-0.0622559,85
-0.0643921,85
-0.0665283,85
-0.0683594,85
-0.0704956,85
-0.0723267,85
-0.0738525,85
-0.0750732,85
-0.0762939,85
-0.0769043,85
-0.0778198,85
-0.0784302,85
-0.0787354,85
-0.0787354,85
-0.0787354,85
-0.078125,85
-0.0775146,85
-0.0762939,85
-0.0750732,85
-0.0735474,85
-0.0717163,85
-0.0695801,85
-0.0671387,85
-0.0650024,85
-0.0628662,85
-0.0610352,85
-0.0601196,85
-0.0595093,85
-0.0595093,85
-0.0598145,85
-0.06073,85
-0.0619507,85
-0.0631714,85
-0.0646973,85
-0.065918,85
-0.0674438,85
-0.0689697,85
-0.0704956,85
-0.0720215,85
-0.0738525,85
-0.0753784,85
-0.0765991,85
-0.0778198,85
-0.0784302,85
-0.0784302,85
-0.0775146,85
-0.0762939,85
-0.0741577,85
-0.0717163,85
-0.0683594,85
-0.0646973,85
-0.0604248,85
-0.0558472,85
-0.050354,85
-0.0439453,85
-0.0369263,85
-0.0286865,85
-0.0195313,85
-0.00915527,85
0.00274658,85
0.0158691,85
0.0305176,85
0.0469971,85
0.0653076,85
0.0857544,85
0.108643,85
0.133362,85
0.160217,85
0.188904,85
0.219421,85
0.25116,85
0.283813,85
0.316162,85
0.3479,85
0.378113,85
0.405884,85
0.429993,85
0.449524,85
0.462952,85
0.470276,85
0.470886,85
0.465393,85
0.453796,85
0.437012,85
0.415039,85
0.388184,85
0.357056,85
0.322266,85
0.284119,85
0.24353,84
0.201111,84
0.158081,84
0.115356,84
0.0738525,84
0.03479,84
-0.000915527,84
-0.0326538,84
-0.0598145,84
-0.0814819,84
-0.0979614,84
-0.108948,84
-0.115051,84
-0.117188,84
-0.115356,84
-0.110474,84
-0.103149,84
-0.0942993,84
-0.0842285,84
-0.0735474,84
-0.062561,84
-0.0521851,84
-0.0421143,84
-0.032959,84
-0.0250244,84
-0.0183105,84
-0.0131226,84
-0.0088501,84
-0.00610352,84
-0.00457764,84
-0.00396729,84
-0.00427246,84
-0.00518799,84
-0.00610352,84
-0.00701904,84
-0.00762939,84
-0.00823975,84
-0.00854492,84
-0.00915527,84
-0.00915527,84
-0.00946045,84
-0.00946045,84
-0.00946045,84
-0.00946045,84
-0.00976563,84
-0.0106812,84
-0.0119019,84
-0.0137329,84
-0.015564,84
-0.017395,84
-0.0189209,84
-0.0201416,84
-0.0216675,84
-0.0228882,84
-0.0244141,84
-0.0256348,84
-0.0268555,84
-0.0283813,84
-0.0296021,84
-0.0311279,84
-0.0326538,84
-0.0341797,84
-0.03479,84
-0.0350952,84
-0.03479,84
-0.0338745,84
-0.032959,84
-0.0314331,84
-0.0299072,84
-0.0283813,84
-0.0271606,84
-0.0256348,84
-0.0241089,84
-0.0228882,84
-0.0216675,84
-0.0201416,84
-0.0189209,84
-0.017395,84
-0.015564,84
-0.0140381,84
-0.012207,84
-0.0106812,84
-0.00915527,84
-0.00762939,84
-0.00640869,84
-0.00579834,84
-0.00549316,84
-0.00518799,84
-0.00549316,84
-0.00579834,84
-0.00610352,84
-0.00640869,84
-0.00732422,84
-0.00793457,84
-0.00823975,84
-0.0088501,84
-0.0088501,84
-0.00915527,84
-0.00915527,84
-0.00946045,84
-0.00946045,84
-0.00946045,84
-0.00915527,84
-0.00854492,84
-0.00762939,84
-0.00640869,84
-0.00457764,84
-0.00244141,84
0,84
0.00244141,84
0.00518799,84
0.00762939,84
0.010376,84
0.0128174,84
0.0152588,84
0.0177002,84
0.0195313,84
0.0213623,84
0.022583,84
0.0238037,84
0.0247192,84
0.0253296,84
0.0259399,84
0.0262451,84
0.0262451,84
0.0259399,84
0.0256348,84
0.0250244,84
0.0247192,84
0.0241089,84
0.0234985,84
0.0231934,84
0.0228882,84
0.022583,84
0.0222778,84
0.0222778,84
0.0222778,84
0.022583,84
0.0231934,84
0.0244141,84
0.0259399,84
0.027771,84
0.0302124,84
0.0323486,84
0.03479,84
0.0369263,84
0.0390625,84
0.0411987,84
0.043335,84
0.0460815,84
0.0488281,84
0.0515747,84
0.0546265,84
0.0570679,84
0.0588989,84
0.0604248,84
0.0616455,84
0.062561,84
0.0631714,84
0.0637817,84
0.0643921,84
0.0653076,84
0.065918,84
0.0668335,84
0.0674438,84
0.067749,84
0.067749,84
0.0680542,84
0.0683594,84
0.0689697,84
0.0695801,84
0.0704956,84
0.0720215,84
0.0738525,84
0.0762939,84
0.0790405,84
0.0823975,84
0.0857544,84
0.0891113,84
0.0924683,84
0.0958252,84
0.0991821,84
0.102234,84
0.105896,84
0.109253,84
0.112915,84
0.116272,84
0.119934,84
0.122986,84
0.125732,84
0.128479,84
0.130615,84
0.132751,84
0.134583,84
0.136108,84
0.137634,84
0.138855,84
0.140076,84
0.140686,84
0.141296,84
0.141907,84
0.142517,84
0.143433,84
0.144348,84
0.145264,84
0.146179,84
0.14679,84
0.147705,84
0.148926,84
0.150146,84
0.151672,84
0.152893,84
0.154114,84
0.15564,84
0.157166,84
0.158691,84
0.159912,84
0.161133,84
0.162354,84
0.163269,84
0.164185,84
0.1651,84
0.166016,84
0.166931,84
0.168152,84
0.168762,84
0.169373,84
0.169373,84
0.169373,84
0.168762,84
0.168152,84
0.167542,84
0.166626,84
0.16571,84
0.164795,84
0.163879,84
0.162659,84
0.161438,84
0.159912,84
0.158081,84
0.15625,84
0.153809,84
0.151062,84
0.14801,84
0.145264,84
0.142212,84
0.13916,84
0.136108,84
0.132446,84
0.128479,84
0.124512,84
0.119629,84
0.114746,84
0.109558,84
0.10376,84
0.0979614,84
0.0918579,84
0.0854492,84
0.0790405,84
0.072937,84
0.0674438,84
0.0622559,84
0.057373,84
0.0524902,84
0.0473022,84
0.0421143,84
0.0369263,84
0.0314331,84
0.0265503,84
0.0216675,84
0.017395,84
0.0134277,84
0.00976563,84
0.00671387,84
0.00366211,84
0.0012207,84
-0.0012207,84
-0.00335693,84
-0.00518799,84
-0.00701904,84
-0.00854492,84
-0.00976563,84
-0.0112915,84
-0.0125122,84
-0.0140381,84
-0.0158691,84
-0.0177002,84
-0.0198364,84
-0.0216675,84
-0.0234985,84
-0.0250244,84
-0.0262451,84
-0.0274658,84
-0.0286865,84
-0.0299072,84
-0.0314331,84
-0.032959,84
-0.0341797,84
-0.0354004,84
-0.0369263,84
-0.038147,84
-0.0396729,84
-0.0408936,84
-0.0421143,84
-0.0430298,84
-0.0439453,84
-0.0445557,84
-0.0454712,84
-0.0463867,84
-0.0473022,84
-0.0482178,84
-0.0491333,84
-0.0494385,84
-0.0494385,84
-0.0491333,84
-0.0485229,84
-0.0482178,84
-0.0482178,84
-0.0482178,84
-0.0482178,84
-0.0485229,84
-0.0485229,84
-0.0482178,84
-0.0476074,84
-0.0469971,84
-0.0460815,84
-0.045166,84
-0.0442505,84
-0.043335,84
-0.0427246,84
-0.0424194,84
-0.0421143,84
-0.0418091,84
-0.0418091,84
-0.0418091,84
-0.0418091,84
-0.0424194,84
-0.0430298,84
-0.0436401,84
-0.0442505,84
-0.0448608,84
-0.0454712,84
-0.0457764,84
-0.0457764,84
-0.0454712,84
-0.0445557,84
-0.043335,84
-0.0418091,84
-0.0402832,84
-0.0387573,84
-0.0375366,84
-0.0366211,84
-0.0354004,84
-0.0338745,84
-0.0320435,84
-0.0302124,84
-0.0286865,84
-0.027771,84
-0.027771,84
-0.0280762,84
-0.0289917,84
-0.0302124,84
-0.0314331,84
-0.0326538,84
-0.0335693,84
-0.0344849,84
-0.0354004,84
-0.0363159,84
-0.0372314,84
-0.038147,84
-0.0387573,84
-0.0390625,84
-0.0393677,84
-0.0393677,84
-0.0390625,84
-0.0384521,84
-0.0372314,84
-0.0360107,84
-0.0344849,84
-0.0326538,84
-0.0305176,84
-0.0286865,84
-0.0268555,84
-0.0250244,84
-0.0234985,84
-0.0222778,84
-0.0213623,84
-0.0204468,84
-0.0198364,84
-0.0192261,84
-0.0186157,84
-0.0183105,84
-0.0180054,84
-0.0180054,84
-0.0180054,84
-0.0180054,84
-0.0177002,84
-0.0170898,84
-0.0164795,84
-0.015564,84
-0.0149536,84
-0.0143433,84
-0.0137329,84
-0.0134277,84
-0.0131226,84
-0.0131226,84
-0.0131226,84
-0.0131226,84
-0.0131226,84
-0.0131226,84
-0.0134277,84
-0.0137329,84
-0.0140381,84
-0.0143433,84
-0.0143433,84
-0.0143433,84
-0.0140381,84
-0.0137329,84
-0.0134277,84
-0.0131226,84
-0.0125122,84
-0.0119019,84
-0.0112915,84
-0.0100708,84
-0.0088501,84
-0.00762939,84
-0.00640869,84
-0.00518799,84
-0.00427246,84
-0.00335693,84
-0.00274658,84
-0.00183105,84
-0.0012207,84
-0.000915527,84
-0.000610352,84
-0.000610352,84
-0.000915527,84
-0.00152588,84
-0.00213623,84
-0.00305176,84
-0.00427246,84
-0.00518799,84
-0.00640869,84
-0.00732422,84
-0.00793457,84
-0.00854492,84
-0.00946045,84
-0.0100708,84
-0.0109863,84
-0.0115967,84
-0.012207,84
-0.0125122,84
-0.0125122,84
-0.012207,84
-0.0119019,84
-0.0109863,84
-0.010376,84
-0.00976563,84
-0.00915527,84
-0.00854492,84
-0.00823975,84
-0.00823975,84
-0.00854492,84
-0.0088501,84
-0.0088501,84
-0.00854492,84
-0.00823975,84
-0.00793457,84
-0.00823975,84
-0.00915527,84
-0.0100708,84
-0.0109863,84
-0.0115967,84
-0.0119019,84
-0.012207,84
-0.012207,84
-0.012207,84
-0.0119019,84
-0.0119019,84
-0.0115967,84
-0.0115967,84
-0.0115967,84
-0.0115967,84
-0.0112915,84
-0.0106812,84
-0.00976563,84
-0.00854492,84
-0.00762939,84
-0.00701904,84
-0.00640869,84
-0.00640869,84
-0.00671387,84
-0.00732422,84
-0.00793457,84
-0.0088501,84
-0.00976563,84
-0.0106812,84
-0.0109863,84
-0.0115967,84
-0.0115967,84
-0.0119019,84
-0.0119019,84
-0.012207,84
-0.012207,84
-0.0125122,84
-0.0128174,84
-0.0128174,84
-0.0131226,84
-0.0134277,84
-0.0137329,84
-0.0140381,84
-0.0140381,84
-0.0140381,84
-0.0137329,84
-0.0137329,84
-0.0137329,84
-0.0143433,84
-0.015564,84
-0.0167847,84
-0.0183105,84
-0.0195313,84
-0.0204468,84
-0.0210571,84
-0.0213623,84
-0.0219727,84
-0.022583,84
-0.0234985,84
-0.0244141,84
-0.0256348,84
-0.0265503,84
-0.0271606,84
-0.027771,84
-0.0274658,84
-0.0265503,84
-0.0256348,84
-0.0241089,84
-0.0222778,84
-0.020752,84
-0.0192261,84
-0.0177002,84
-0.0167847,84
-0.0158691,84
-0.0152588,84
-0.0146484,84
-0.0143433,84
-0.0140381,84
-0.0143433,84
-0.0143433,84
-0.0149536,84
-0.015564,84
-0.0158691,84
-0.0164795,84
-0.0170898,84
-0.0177002,84
-0.0183105,84
-0.0186157,84
-0.0192261,84
-0.0195313,84
-0.0201416,84
-0.0213623,84
-0.022583,84
-0.0241089,84
-0.0253296,84
-0.0262451,84
-0.0268555,84
-0.0271606,84
-0.0268555,84
-0.0265503,84
-0.0265503,84
-0.0262451,84
-0.0262451,84
-0.0268555,84
-0.0274658,84
-0.0280762,84
-0.0289917,84
-0.0296021,84
-0.0299072,84
-0.0302124,84
-0.0299072,84
-0.0296021,84
-0.0289917,84
-0.027771,84
-0.0265503,84
-0.0250244,84
-0.0234985,84
-0.0219727,84
-0.0204468,84
-0.0189209,84
-0.017395,84
-0.0158691,84
-0.0146484,84
-0.0137329,84
-0.0125122,84
-0.0115967,84
-0.0109863,84
-0.0109863,84
-0.0109863,84
-0.0112915,84
-0.0119019,84
-0.0131226,84
-0.0140381,84
-0.0152588,84
-0.0164795,84
-0.017395,84
-0.0186157,84
-0.0195313,84
-0.020752,84
-0.0219727,84
-0.0228882,84
-0.0231934,84
-0.0231934,84
-0.0228882,84
-0.0222778,84
-0.0216675,84
-0.020752,84
-0.0195313,84
-0.0177002,84
-0.0158691,84
-0.0134277,84
-0.0109863,84
-0.00823975,84
-0.00549316,84
-0.00274658,84
0,84
0.00244141,84
0.00488281,84
0.00762939,84
0.010376,84
0.0128174,84
0.0152588,84
0.0177002,84
0.0198364,84
0.0219727,84
0.0241089,84
0.0262451,84
0.0280762,84
0.0299072,84
0.0317383,84
0.0335693,84
0.0357056,84
0.038147,84
0.0405884,84
0.043335,84
0.0463867,84
0.0494385,84
0.0524902,84
0.055542,84
0.0588989,84
0.0622559,84
0.065918,84
0.0695801,84
0.0732422,84
0.0765991,84
0.0796509,84
0.0823975,84
0.0845337,84
0.0860596,84
0.0872803,84
0.0878906,84
0.0878906,84
0.0875854,84
0.0869751,84
0.0857544,84
0.0845337,84
0.0827026,84
0.0802612,84
0.0775146,84
0.0741577,84
0.0704956,84
0.0665283,84
0.062561,84
0.0582886,84
0.0543213,84
0.050354,84
0.0463867,84
0.0427246,84
0.0390625,84
0.0360107,84
0.032959,84
0.0302124,84
0.0274658,84
0.0250244,84
0.0222778,84
0.0198364,84
0.0170898,84
0.0149536,84
0.0128174,84
0.0109863,84
0.00915527,84
0.00732422,84
0.00579834,84
0.00396729,84
0.00244141,84
0.00152588,84
0.000610352,84
-0.000305176,84
-0.00152588,84
-0.00366211,84
-0.00671387,84
-0.0106812,84
-0.0146484,84
-0.0186157,84
-0.022583,84
-0.0259399,84
-0.0289917,84
-0.0320435,84
-0.0350952,84
-0.038147,84
-0.0411987,84
-0.0442505,84
-0.0469971,84
-0.0497437,84
-0.0521851,84
-0.0543213,84
-0.0558472,84
-0.0567627,84
-0.0567627,84
-0.0564575,84
-0.0558472,84
-0.0549316,84
-0.0540161,84
-0.0531006,84
-0.0524902,84
-0.0518799,84
-0.0509644,84
-0.050354,84
-0.0497437,84
-0.0491333,84
-0.0488281,84
-0.0491333,84
-0.0494385,84
-0.0500488,84
-0.0509644,84
-0.0518799,84
-0.0524902,84
-0.0534058,84
-0.0540161,84
-0.0546265,84
-0.0552368,84
-0.0552368,84
-0.0552368,84
-0.0549316,84
-0.0540161,84
-0.0534058,84
-0.0524902,84
-0.0518799,84
-0.0512695,84
-0.0506592,84
-0.0500488,84
-0.0494385,84
-0.0488281,84
-0.0482178,84
-0.0479126,84
-0.0473022,84
-0.0466919,84
-0.0454712,84
-0.0436401,84
-0.0415039,84
-0.0387573,84
-0.0354004,84
-0.0314331,84
-0.0265503,84
-0.0204468,84
-0.0128174,84
-0.00305176,84
0.00854492,84
0.0222778,84
0.038147,84
0.0564575,84
0.0772095,84
0.100098,84
0.125122,84
0.152283,84
0.181274,84
0.212097,84
0.243835,84
0.2771,84
0.310669,84
0.343933,84
0.375977,84
0.406189,84
0.43335,84
0.457153,84
0.476379,84
0.489807,84
0.496521,84
0.496521,84
0.489807,84
0.476685,84
0.458069,84
0.434265,84
0.405579,84
0.372314,84
0.335388,84
0.29541,84
0.253601,75
0.209961,75
0.166016,75
0.122375,75
0.0793457,75
0.0384521,75
0.000610352,75
-0.0332642,75
-0.062561,75
-0.0863647,75
-0.10437,75
-0.116882,75
-0.123596,75
-0.125427,75
-0.122986,75
-0.116882,75
-0.107727,75
-0.0961304,75
-0.0827026,75
-0.0689697,75
-0.0549316,75
-0.0415039,75
-0.0292969,75
-0.0180054,75
-0.00854492,75
-0.000305176,75
0.00640869,75
0.0119019,75
0.015564,75
0.0183105,75
0.0195313,75
0.0198364,75
0.0189209,75
0.0170898,75
0.0143433,75
0.010376,75
0.00610352,75
0.00152588,75
-0.00305176,75
-0.00701904,75
-0.0106812,75
-0.0140381,75
-0.0164795,75
-0.0186157,75
-0.0201416,75
-0.0213623,75
-0.022583,75
-0.0234985,75
-0.0241089,75
-0.0247192,75
-0.0247192,75
-0.0247192,75
-0.0247192,75
-0.0247192,75
-0.0238037,75
-0.022583,75
-0.020752,75
-0.0189209,75
-0.017395,75
-0.0158691,75
-0.0146484,75
-0.0131226,75
-0.0119019,75
-0.0106812,75
-0.00976563,75
-0.0088501,75
-0.00823975,75
-0.00793457,75
-0.00762939,75
-0.00762939,75
-0.00762939,75
-0.00762939,75
-0.00732422,75
-0.00701904,75
-0.00701904,75
-0.00701904,75
-0.00701904,75
-0.00732422,75
-0.00732422,75
-0.00732422,75
-0.00671387,75
-0.00610352,75
-0.00488281,75
-0.00366211,75
-0.00213623,75
-0.000610352,75
0.000610352,75
0.00183105,75
0.00305176,75
0.00427246,75
0.00549316,75
0.00671387,75
0.00793457,75
0.0088501,75
0.00946045,75
0.0100708,75
0.010376,75
0.0106812,75
0.0106812,75
0.0106812,75
0.0109863,75
0.0112915,75
0.0115967,75
0.0115967,75
0.0115967,75
0.0119019,75
0.012207,75
0.0125122,75
0.0128174,75
0.0131226,75
0.0137329,75
0.0143433,75
0.015564,75
0.0167847,75
0.0180054,75
0.0189209,75
0.0192261,75
0.0195313,75
0.0195313,75
0.0192261,75
0.0192261,75
0.0192261,75
0.0195313,75
0.0204468,75
0.0213623,75
0.022583,75
0.0241089,75
0.0259399,75
0.027771,75
0.0296021,75
0.0314331,75
0.0332642,75
0.0350952,75
0.0369263,75
0.0387573,75
0.0402832,75
0.0421143,75
0.0439453,75
0.0457764,75
0.0476074,75
0.0494385,75
0.0509644,75
0.0521851,75
0.0527954,75
0.0534058,75
0.0537109,75
0.0540161,75
0.0540161,75
0.0540161,75
0.0540161,75
0.0540161,75
0.0543213,75
0.0546265,75
0.0549316,75
0.0552368,75
0.0558472,75
0.0561523,75
0.0567627,75
0.0579834,75
0.0592041,75
0.0613403,75
0.0634766,75
0.065918,75
0.0680542,75
0.0701904,75
0.0717163,75
0.0732422,75
0.0747681,75
0.0762939,75
0.0778198,75
0.0790405,75
0.0802612,75
0.0814819,75
0.0830078,75
0.0848389,75
0.0866699,75
0.0888062,75
0.0912476,75
0.093689,75
0.0961304,75
0.098877,75
0.101318,75
0.10376,75
0.106201,75
0.108643,75
0.111084,75
0.11322,75
0.115662,75
0.117798,75
0.120544,75
0.122986,75
0.125122,75
0.126648,75
0.128174,75
0.129395,75
0.13031,75
0.131226,75
0.131836,75
0.132141,75
0.132751,75
0.133667,75
0.134583,75
0.135498,75
0.136719,75
0.137939,75
0.139465,75
0.140991,75
0.142822,75
0.144958,75
0.147095,75
0.149231,75
0.151367,75
0.153809,75
0.15625,75
0.158386,75
0.160522,75
0.162354,75
0.163879,75
0.1651,75
0.166321,75
0.167542,75
0.168457,75
0.169067,75
0.169373,75
0.169373,75
0.169067,75
0.169067,75
0.168762,75
0.168457,75
0.168457,75
0.168152,75
0.168152,75
0.167847,75
0.167236,75
0.166626,75
0.16571,75
0.16449,75
0.162964,75
0.161133,75
0.159607,75
0.157471,75
0.155334,75
0.152893,75
0.149841,75
0.146179,75
0.142212,75
0.137939,75
0.133057,75
0.127869,75
0.122681,75
0.117188,75
0.111694,75
0.106201,75
0.100403,75
0.0949097,75
0.0897217,75
0.0845337,75
0.0793457,75
0.0741577,75
0.0689697,75
0.0640869,75
0.0595093,75
0.0552368,75
0.0506592,75
0.0463867,75
0.0418091,75
0.0375366,75
0.0335693,75
0.0299072,75
0.0265503,75
0.0228882,75
0.0192261,75
0.0152588,75
0.0109863,75
0.00671387,75
0.00244141,75
-0.00152588,75
-0.00579834,75
-0.00976563,75
-0.0137329,75
-0.0177002,75
-0.0216675,75
-0.0253296,75
-0.0289917,75
-0.0323486,75
-0.0350952,75
-0.0372314,75
-0.0390625,75
-0.0408936,75
-0.0424194,75
-0.0436401,75
-0.0442505,75
-0.0448608,75
-0.045166,75
-0.0454712,75
-0.0463867,75
-0.0473022,75
-0.0482178,75
-0.0497437,75
-0.0512695,75
-0.0524902,75
-0.0537109,75
-0.0546265,75
-0.055542,75
-0.0561523,75
-0.0570679,75
-0.0579834,75
-0.0592041,75
-0.0601196,75
-0.0613403,75
-0.062561,75
-0.0637817,75
-0.0653076,75
-0.0665283,75
-0.0674438,75
-0.0683594,75
-0.0692749,75
-0.0695801,75
-0.0695801,75
-0.0692749,75
-0.0686646,75
-0.0680542,75
-0.0671387,75
-0.0662231,75
-0.0653076,75
-0.0643921,75
-0.0634766,75
-0.062561,75
-0.0619507,75
-0.0613403,75
-0.0610352,75
-0.06073,75
-0.0601196,75
-0.0595093,75
-0.0588989,75
-0.0579834,75
-0.0570679,75
-0.0564575,75
-0.0558472,75
-0.0549316,75
-0.0546265,75
-0.0543213,75
-0.0546265,75
-0.0552368,75
-0.0558472,75
-0.0564575,75
-0.0567627,75
-0.057373,75
-0.0576782,75
-0.0579834,75
-0.0582886,75
-0.0585938,75
-0.0588989,75
-0.0585938,75
-0.0582886,75
-0.0579834,75
-0.0576782,75
-0.0570679,75
-0.0564575,75
-0.0558472,75
-0.0549316,75
-0.0537109,75
-0.0524902,75
-0.0512695,75
-0.0497437,75
-0.0488281,75
-0.0479126,75
-0.0476074,75
-0.0476074,75
-0.0476074,75
-0.0476074,75
-0.0476074,75
-0.0476074,75
-0.0473022,75
-0.0473022,75
-0.0473022,75
-0.0476074,75
-0.0476074,75
-0.0479126,75
-0.0482178,75
-0.0485229,75
-0.0485229,75
-0.0482178,75
-0.0479126,75
-0.0476074,75
-0.0469971,75
-0.0463867,75
-0.0457764,75
-0.045166,75
-0.0442505,75
-0.043335,75
-0.0421143,75
-0.0405884,75
-0.0390625,75
-0.0375366,75
-0.0363159,75
-0.0354004,75
-0.03479,75
-0.0344849,75
-0.0338745,75
-0.0335693,75
-0.0335693,75
-0.0332642,75
-0.0335693,75
-0.0335693,75
-0.0338745,75
-0.0338745,75
-0.0338745,75
-0.0335693,75
-0.0332642,75
-0.0326538,75
-0.0323486,75
-0.0317383,75
-0.0311279,75
-0.0308228,75
-0.0302124,75
-0.0299072,75
-0.0292969,75
-0.0283813,75
-0.0274658,75
-0.0265503,75
-0.0256348,75
-0.0247192,75
-0.0244141,75
-0.0241089,75
-0.0238037,75
-0.0231934,75
-0.0222778,75
-0.0216675,75
-0.020752,75
-0.0201416,75
-0.0195313,75
-0.0195313,75
-0.0195313,75
-0.0198364,75
-0.0201416,75
-0.0204468,75
-0.020752,75
-0.0213623,75
-0.0222778,75
-0.0228882,75
-0.0234985,75
-0.0238037,75
-0.0244141,75
-0.0244141,75
-0.0244141,75
-0.0241089,75
-0.0234985,75
-0.022583,75
-0.0216675,75
-0.0210571,75
-0.020752,75
-0.020752,75
-0.0204468,75
-0.0204468,75
-0.0204468,75
-0.0204468,75
-0.020752,75
-0.020752,75
-0.0210571,75
-0.0210571,75
-0.020752,75
-0.020752,75
-0.0210571,75
-0.0216675,75
-0.022583,75
-0.0238037,75
-0.0250244,75
-0.0262451,75
-0.0268555,75
-0.0274658,75
-0.027771,75
-0.027771,75
-0.0274658,75
-0.0274658,75
-0.0271606,75
-0.0271606,75
-0.0268555,75
-0.0268555,75
-0.0265503,75
-0.0262451,75
-0.0259399,75
-0.0259399,75
-0.0256348,75
-0.0256348,75
-0.0256348,75
-0.0262451,75
-0.0268555,75
-0.027771,75
-0.0283813,75
-0.0289917,75
-0.0292969,75
-0.0296021,75
-0.0296021,75
-0.0299072,75
-0.0299072,75
-0.0299072,75
-0.0299072,75
-0.0296021,75
-0.0292969,75
-0.0286865,75
-0.0283813,75
-0.027771,75
-0.0268555,75
-0.0262451,75
-0.0259399,75
-0.0256348,75
-0.0259399,75
-0.0262451,75
-0.0265503,75
-0.0271606,75
-0.027771,75
-0.0283813,75
-0.0286865,75
-0.0292969,75
-0.0299072,75
-0.0305176,75
-0.0314331,75
-0.0323486,75
-0.0332642,75
-0.0338745,75
-0.0344849,75
-0.03479,75
-0.03479,75
-0.0344849,75
-0.0341797,75
-0.0335693,75
-0.0332642,75
-0.0326538,75
-0.0323486,75
-0.0317383,75
-0.0308228,75
-0.0299072,75
-0.0292969,75
-0.0286865,75
-0.0283813,75
-0.0286865,75
-0.0286865,75
-0.0289917,75
-0.0292969,75
-0.0289917,75
-0.0286865,75
-0.0283813,75
-0.0280762,75
-0.0280762,75
-0.0280762,75
-0.0280762,75
-0.0280762,75
-0.0280762,75
-0.0280762,75
-0.0283813,75
-0.0283813,75
-0.0286865,75
-0.0289917,75
-0.0292969,75
-0.0299072,75
-0.0305176,75
-0.0311279,75
-0.0314331,75
-0.0320435,75
-0.0323486,75
-0.032959,75
-0.0332642,75
-0.0341797,75
-0.0350952,75
-0.0363159,75
-0.0372314,75
-0.038147,75
-0.0384521,75
-0.0384521,75
-0.0384521,75
-0.0384521,75
-0.038147,75
-0.0378418,75
-0.0372314,75
-0.0363159,75
-0.0350952,75
-0.0338745,75
-0.0326538,75
-0.0314331,75
-0.0302124,75
-0.0292969,75
-0.0286865,75
-0.0283813,75
-0.0286865,75
-0.0289917,75
-0.0292969,75
-0.0299072,75
-0.0302124,75
-0.0308228,75
-0.0317383,75
-0.0326538,75
-0.0338745,75
-0.03479,75
-0.0357056,75
-0.0366211,75
-0.0372314,75
-0.0375366,75
-0.0375366,75
-0.0372314,75
-0.0369263,75
-0.0366211,75
-0.0363159,75
-0.0360107,75
-0.0357056,75
-0.0350952,75
-0.03479,75
-0.0341797,75
-0.0332642,75
-0.0323486,75
-0.0314331,75
-0.0302124,75
-0.0299072,75
-0.0296021,75
-0.0299072,75
-0.0302124,75
-0.0305176,75
-0.0308228,75
-0.0311279,75
-0.0311279,75
-0.0311279,75
-0.0311279,75
-0.0311279,75
-0.0308228,75
-0.0305176,75
-0.0302124,75
-0.0302124,75
-0.0299072,75
-0.0296021,75
-0.0292969,75
-0.0289917,75
-0.0286865,75
-0.0286865,75
-0.0283813,75
-0.0283813,75
-0.0283813,75
-0.0283813,75
-0.0286865,75
-0.0286865,75
-0.0283813,75
-0.0280762,75
-0.0271606,75
-0.0265503,75
-0.0262451,75
-0.0259399,75
-0.0256348,75
-0.0259399,75
-0.0259399,75
-0.0259399,75
-0.0259399,75
-0.0256348,75
-0.0250244,75
-0.0247192,75
-0.0241089,75
-0.0234985,75
-0.0231934,75
-0.0228882,75
-0.0231934,75
-0.0234985,75
-0.0241089,75
-0.0247192,75
-0.0256348,75
-0.0265503,75
-0.0274658,75
-0.0283813,75
-0.0292969,75
-0.0299072,75
-0.0302124,75
-0.0305176,75
-0.0305176,75
-0.0302124,75
-0.0302124,75
-0.0299072,75
-0.0296021,75
-0.0292969,75
-0.0283813,75
-0.0271606,75
-0.0259399,75
-0.0241089,75
-0.022583,75
-0.020752,75
-0.0195313,75
-0.0186157,75
-0.0177002,75
-0.0170898,75
-0.0164795,75
-0.0161743,75
-0.0161743,75
-0.0164795,75
-0.0167847,75
-0.0177002,75
-0.0186157,75
-0.0198364,75
-0.0216675,75
-0.0231934,75
-0.0247192,75
-0.0259399,75
-0.0265503,75
-0.0271606,75
-0.0274658,75
-0.027771,75
-0.027771,75
-0.027771,75
-0.0271606,75
-0.0259399,75
-0.0247192,75
-0.0228882,75
-0.0210571,75
-0.0192261,75
-0.017395,75
-0.0152588,75
-0.0131226,75
-0.0106812,75
-0.00762939,75
-0.00457764,75
-0.0012207,75
0.00244141,75
0.00610352,75
0.0100708,75
0.0137329,75
0.0170898,75
0.0201416,75
0.0231934,75
0.0262451,75
0.0292969,75
0.0326538,75
0.0357056,75
0.0390625,75
0.0421143,75
0.045166,75
0.0476074,75
0.0500488,75
0.0521851,75
0.0543213,75
0.0561523,75
0.0576782,75
0.0588989,75
0.0601196,75
0.0613403,75
0.0622559,75
0.0634766,75
0.0650024,75
0.0662231,75
0.0680542,75
0.0695801,75
0.0714111,75
0.0735474,75
0.0759888,75
0.078125,75
0.0805664,75
0.0827026,75
0.0842285,75
0.0857544,75
0.0869751,75
0.0878906,75
0.0888062,75
0.0888062,75
0.088501,75
0.0878906,75
0.0866699,75
0.0854492,75
0.0836182,75
0.0811768,75
0.0778198,75
0.0741577,75
0.0698853,75
0.0653076,75
0.06073,75
0.0561523,75
0.0518799,75
0.0479126,75
0.0442505,75
0.0408936,75
0.0375366,75
0.0344849,75
0.0314331,75
0.0283813,75
0.0262451,75
0.0241089,75
0.0222778,75
0.0210571,75
0.0201416,75
0.0195313,75
0.0186157,75
0.0180054,75
0.0170898,75
0.0161743,75
0.0143433,75
0.0125122,75
0.010376,75
0.00793457,75
0.00518799,75
0.00244141,75
-0.000305176,75
-0.00305176,75
-0.00579834,75
-0.00854492,75
-0.0115967,75
-0.0149536,75
-0.0180054,75
-0.0213623,75
-0.0244141,75
-0.0271606,75
-0.0296021,75
-0.0314331,75
-0.0326538,75
-0.0338745,75
-0.0344849,75
-0.0344849,75
-0.0341797,75
-0.0338745,75
-0.032959,75
-0.0320435,75
-0.0308228,75
-0.0296021,75
-0.0286865,75
-0.027771,75
-0.0271606,75
-0.0268555,75
-0.0265503,75
-0.0265503,75
-0.0265503,75
-0.0265503,75
-0.0268555,75
-0.0271606,75
-0.027771,75
-0.0286865,75
-0.0296021,75
-0.0305176,75
-0.0314331,75
-0.0323486,75
-0.0332642,75
-0.0344849,75
-0.0360107,75
-0.0372314,75
-0.0384521,75
-0.0396729,75
-0.0405884,75
-0.0408936,75
-0.0411987,75
-0.0411987,75
-0.0411987,75
-0.0411987,75
-0.0411987,75
-0.0411987,75
-0.0411987,75
-0.0408936,75
-0.039978,75
-0.0387573,75
-0.0366211,75
-0.0341797,75
-0.0311279,75
-0.027771,75
-0.0234985,75
-0.0186157,75
-0.0128174,75
-0.00610352,75
0.0012207,75
0.0100708,75
0.0201416,75
0.0323486,75
0.0463867,75
0.062561,75
0.0808716,75
0.101013,75
0.123596,75
0.14801,75
0.174866,75
0.203552,75
0.23407,75
0.266418,75
0.299988,75
0.334167,75
0.368042,75
0.400696,75
0.432129,75
0.460815,75
0.48584,75
0.505981,75
0.520325,75
0.52887,75
0.530701,75
0.525818,75
0.514832,75
0.497437,75
0.473938,75
0.444946,75
0.410767,75
0.372314,75
0.3302,75
0.285339,67
0.238037,67
0.189819,67
0.141602,67
0.0946045,67
0.0500488,67
0.0088501,67
-0.027771,67
-0.0595093,67
-0.0857544,67
-0.105896,67
-0.120239,67
-0.128479,67
-0.131226,67
-0.129395,67
-0.123596,67
-0.115051,67
-0.10376,67
-0.0912476,67
-0.0775146,67
-0.0634766,67
-0.0494385,67
-0.0357056,67
-0.022583,67
-0.010376,67
0.000610352,67
0.00976563,67
0.0170898,67
0.022583,67
0.0265503,67
0.0286865,67
0.0296021,67
0.0292969,67
0.0283813,67
0.0274658,67
0.0265503,67
0.0262451,67
0.0262451,67
0.0268555,67
0.0268555,67
0.0268555,67
0.0262451,67
0.0253296,67
0.0244141,67
0.0234985,67
0.0228882,67
0.0222778,67
0.0213623,67
0.0204468,67
0.0192261,67
0.0180054,67
0.0167847,67
0.015564,67
0.0143433,67
0.0128174,67
0.0112915,67
0.00976563,67
0.00854492,67
0.00732422,67
0.00640869,67
0.00579834,67
0.00579834,67
0.00640869,67
0.00701904,67
0.00823975,67
0.00976563,67
0.0109863,67
0.012207,67
0.0131226,67
0.0140381,67
0.0149536,67
0.0158691,67
0.0170898,67
0.0186157,67
0.0201416,67
0.0216675,67
0.0231934,67
0.0244141,67
0.0253296,67
0.0262451,67
0.0271606,67
0.027771,67
0.0283813,67
0.0286865,67
0.0289917,67
0.0289917,67
0.0289917,67
0.0292969,67
0.0292969,67
0.0299072,67
0.0302124,67
0.0308228,67
0.0311279,67
0.0311279,67
0.0308228,67
0.0305176,67
0.0299072,67
0.0292969,67
0.0289917,67
0.0292969,67
0.0299072,67
0.0308228,67
0.0323486,67
0.0338745,67
0.0357056,67
0.0378418,67
0.0402832,67
0.0424194,67
0.0442505,67
0.0454712,67
0.0463867,67
0.0473022,67
0.0479126,67
0.0488281,67
0.0497437,67
0.0509644,67
0.0521851,67
0.0531006,67
0.0540161,67
0.0543213,67
0.0546265,67
0.0549316,67
0.0552368,67
0.0552368,67
0.0552368,67
0.0549316,67
0.0549316,67
0.0552368,67
0.055542,67
0.0558472,67
0.0567627,67
0.0576782,67
0.0588989,67
0.0601196,67
0.0616455,67
0.0628662,67
0.0643921,67
0.0656128,67
0.0668335,67
0.0680542,67
0.0692749,67
0.0708008,67
0.0723267,67
0.0741577,67
0.0759888,67
0.078125,67
0.0802612,67
0.0827026,67
0.0848389,67
0.0872803,67
0.0900269,67
0.0921631,67
0.0942993,67
0.0964355,67
0.0982666,67
0.0997925,67
0.101013,67
0.102539,67
0.10376,67
0.10498,67
0.106201,67
0.107117,67
0.108032,67
0.108337,67
0.108643,67
0.108948,67
0.109558,67
0.110474,67
0.111084,67
0.112,67
0.112915,67
0.113831,67
0.115051,67
0.116272,67
0.117493,67
0.119019,67
0.120239,67
0.12207,67
0.123901,67
0.125732,67
0.127563,67
0.1297,67
0.131836,67
0.134277,67
0.137024,67
0.139771,67
0.142212,67
0.144653,67
0.147095,67
0.149231,67
0.151062,67
0.152893,67
0.154724,67
0.156555,67
0.158691,67
0.160522,67
0.162659,67
0.164795,67
0.166626,67
0.168762,67
0.170898,67
0.172729,67
0.174561,67
0.176086,67
0.177612,67
0.179138,67
0.180359,67
0.18158,67
0.183105,67
0.184631,67
0.186157,67
0.187988,67
0.189514,67
0.19104,67
0.192566,67
0.194092,67
0.195923,67
0.197754,67
0.199585,67
0.201416,67
0.202942,67
0.204468,67
0.205383,67
0.205994,67
0.206299,67
0.206299,67
0.206299,67
0.206299,67
0.206299,67
0.206299,67
0.206299,67
0.205994,67
0.205688,67
0.205078,67
0.204468,67
0.203857,67
0.202637,67
0.201111,67
0.198975,67
0.197144,67
0.194702,67
0.192566,67
0.190125,67
0.187988,67
0.185547,67
0.1828,67
0.180359,67
0.177612,67
0.174561,67
0.171509,67
0.167847,67
0.164185,67
0.159607,67
0.155029,67
0.149841,67
0.144653,67
0.139465,67
0.133972,67
0.128784,67
0.123596,67
0.118408,67
0.113831,67
0.108948,67
0.10437,67
0.0997925,67
0.0949097,67
0.090332,67
0.0860596,67
0.0820923,67
0.078125,67
0.0738525,67
0.0698853,67
0.0656128,67
0.0613403,67
0.0567627,67
0.0524902,67
0.0485229,67
0.045166,67
0.0418091,67
0.0384521,67
0.03479,67
0.0308228,67
0.0265503,67
0.022583,67
0.0189209,67
0.0152588,67
0.0115967,67
0.00854492,67
0.00518799,67
0.00213623,67
-0.000915527,67
-0.00366211,67
-0.00610352,67
-0.00793457,67
-0.00915527,67
-0.0100708,67
-0.010376,67
-0.010376,67
-0.0100708,67
-0.0100708,67
-0.010376,67
-0.0109863,67
-0.0112915,67
-0.0112915,67
-0.0112915,67
-0.0112915,67
-0.0112915,67
-0.0112915,67
-0.0112915,67
-0.0112915,67
-0.0115967,67
-0.0119019,67
-0.012207,67
-0.0128174,67
-0.0137329,67
-0.0149536,67
-0.0161743,67
-0.0177002,67
-0.0195313,67
-0.0213623,67
-0.0228882,67
-0.0241089,67
-0.0250244,67
-0.0259399,67
-0.0262451,67
-0.0265503,67
-0.0262451,67
-0.0256348,67
-0.0253296,67
-0.0250244,67
-0.0250244,67
-0.0247192,67
-0.0247192,67
-0.0241089,67
-0.0234985,67
-0.0228882,67
-0.0219727,67
-0.020752,67
-0.0195313,67
-0.0186157,67
-0.0180054,67
-0.0170898,67
-0.0167847,67
-0.0161743,67
-0.0158691,67
-0.015564,67
-0.015564,67
-0.015564,67
-0.015564,67
-0.015564,67
-0.0152588,67
-0.0149536,67
-0.0146484,67
-0.0143433,67
-0.0143433,67
-0.0143433,67
-0.0143433,67
-0.0143433,67
-0.0143433,67
-0.0137329,67
-0.0131226,67
-0.0119019,67
-0.0106812,67
-0.00915527,67
-0.00762939,67
-0.00640869,67
-0.00549316,67
-0.00488281,67
-0.00457764,67
-0.00427246,67
-0.00396729,67
-0.00366211,67
-0.00335693,67
-0.00335693,67
-0.00335693,67
-0.00335693,67
-0.00366211,67
-0.00427246,67
-0.00457764,67
-0.00518799,67
-0.00549316,67
-0.00579834,67
-0.00640869,67
-0.00671387,67
-0.00732422,67
-0.00793457,67
-0.00854492,67
-0.0088501,67
-0.00854492,67
-0.00793457,67
-0.00671387,67
-0.00518799,67
-0.00366211,67
-0.00183105,67
-0.000610352,67
0.000305176,67
0.0012207,67
0.00213623,67
0.00335693,67
0.00396729,67
0.00457764,67
0.00518799,67
0.00518799,67
0.00488281,67
0.00457764,67
0.00396729,67
0.00335693,67
0.00274658,67
0.00213623,67
0.00152588,67
0.00152588,67
0.00183105,67
0.00183105,67
0.00213623,67
0.00213623,67
0.00244141,67
0.00274658,67
0.00335693,67
0.00396729,67
0.00488281,67
0.00579834,67
0.00701904,67
0.00823975,67
0.00946045,67
0.0112915,67
0.0131226,67
0.0149536,67
0.0161743,67
0.0170898,67
0.0177002,67
0.0183105,67
0.0189209,67
0.0195313,67
0.0201416,67
0.020752,67
0.0210571,67
0.0210571,67
0.0213623,67
0.0219727,67
0.0228882,67
0.0234985,67
0.0241089,67
0.0244141,67
0.0241089,67
0.0231934,67
0.0222778,67
0.0210571,67
0.0201416,67
0.0192261,67
0.0186157,67
0.0180054,67
0.017395,67
0.0164795,67
0.015564,67
0.0149536,67
0.0146484,67
0.0140381,67
0.0137329,67
0.0131226,67
0.012207,67
0.0112915,67
0.0106812,67
0.00976563,67
0.00915527,67
0.0088501,67
0.00854492,67
0.00823975,67
0.00854492,67
0.0088501,67
0.00946045,67
0.00976563,67
0.0100708,67
0.0100708,67
0.00976563,67
0.00976563,67
0.00946045,67
0.00946045,67
0.00946045,67
0.00946045,67
0.00946045,67
0.00915527,67
0.00915527,67
0.00915527,67
0.00946045,67
0.0100708,67
0.0106812,67
0.0109863,67
0.0115967,67
0.012207,67
0.0125122,67
0.0128174,67
0.0131226,67
0.0134277,67
0.0134277,67
0.0137329,67
0.0140381,67
0.0146484,67
0.0149536,67
0.015564,67
0.0158691,67
0.0164795,67
0.0170898,67
0.0177002,67
0.0183105,67
0.0192261,67
0.0198364,67
0.0204468,67
0.0204468,67
0.0195313,67
0.0183105,67
0.0167847,67
0.0152588,67
0.0140381,67
0.0128174,67
0.0119019,67
0.0112915,67
0.0109863,67
0.0106812,67
0.0100708,67
0.00946045,67
0.00854492,67
0.00701904,67
0.00549316,67
0.00427246,67
0.00335693,67
0.00305176,67
0.00274658,67
0.00274658,67
0.00274658,67
0.00274658,67
0.00305176,67
0.00305176,67
0.00335693,67
0.00366211,67
0.00335693,67
0.00335693,67
0.00305176,67
0.00244141,67
0.00152588,67
0.000610352,67
-0.000610352,67
-0.00183105,67
-0.00274658,67
-0.00366211,67
-0.00427246,67
-0.00518799,67
-0.00640869,67
-0.00732422,67
-0.00823975,67
-0.0088501,67
-0.00946045,67
-0.00946045,67
-0.00915527,67
-0.00823975,67
-0.00701904,67
-0.00549316,67
-0.00335693,67
-0.0012207,67
0.000610352,67
0.00244141,67
0.00396729,67
0.00549316,67
0.00701904,67
0.00854492,67
0.00976563,67
0.0106812,67
0.0112915,67
0.0115967,67
0.0115967,67
0.0115967,67
0.0112915,67
0.0109863,67
0.0100708,67
0.00946045,67
0.0088501,67
0.00823975,67
0.00793457,67
0.00732422,67
0.00640869,67
0.00488281,67
0.00335693,67
0.00152588,67
-0.000305176,67
-0.00183105,67
-0.00335693,67
-0.00457764,67
-0.00549316,67
-0.00610352,67
-0.00640869,67
-0.00671387,67
-0.00701904,67
-0.00732422,67
-0.00762939,67
-0.00793457,67
-0.00762939,67
-0.00762939,67
-0.00732422,67
-0.00701904,67
-0.00701904,67
-0.00701904,67
-0.00701904,67
-0.00701904,67
-0.00701904,67
-0.00671387,67
-0.00579834,67
-0.00488281,67
-0.00396729,67
-0.00335693,67
-0.00335693,67
-0.00366211,67
-0.00396729,67
-0.00488281,67
-0.00549316,67
-0.00640869,67
-0.00732422,67
-0.00793457,67
-0.00823975,67
-0.00854492,67
-0.0088501,67
-0.0088501,67
-0.00854492,67
-0.00823975,67
-0.00762939,67
-0.00671387,67
-0.00549316,67
-0.00396729,67
-0.00244141,67
-0.000610352,67
0.000610352,67
0.00152588,67
0.00244141,67
0.00274658,67
0.00244141,67
0.00244141,67
0.00213623,67
0.00183105,67
0.00183105,67
0.00183105,67
0.00183105,67
0.00152588,67
0.000915527,67
0,67
-0.000915527,67
-0.00183105,67
-0.00213623,67
-0.00183105,67
-0.0012207,67
-0.000915527,67
-0.000610352,67
-0.000610352,67
-0.000610352,67
-0.000610352,67
-0.000610352,67
-0.000610352,67
-0.000610352,67
-0.0012207,67
-0.00152588,67
-0.00213623,67
-0.00274658,67
-0.00335693,67
-0.00396729,67
-0.00457764,67
-0.00579834,67
-0.00701904,67
-0.00854492,67
-0.0100708,67
-0.0115967,67
-0.0131226,67
-0.0143433,67
-0.0149536,67
-0.0152588,67
-0.0152588,67
-0.0146484,67
-0.0140381,67
-0.0134277,67
-0.0128174,67
-0.0119019,67
-0.0109863,67
-0.0100708,67
-0.00915527,67
-0.00854492,67
-0.00793457,67
-0.00732422,67
-0.00671387,67
-0.00640869,67
-0.00640869,67
-0.00610352,67
-0.00610352,67
-0.00610352,67
-0.00610352,67
-0.00640869,67
-0.00640869,67
-0.00671387,67
-0.00640869,67
-0.00610352,67
-0.00549316,67
-0.00427246,67
-0.00244141,67
0,67
0.00274658,67
0.00579834,67
0.00946045,67
0.0134277,67
0.0177002,67
0.0222778,67
0.0268555,67
0.0314331,67
0.0363159,67
0.0411987,67
0.0457764,67
0.0500488,67
0.0543213,67
0.0582886,67
0.0616455,67
0.0643921,67
0.0665283,67
0.067749,67
0.0686646,67
0.0692749,67
0.0698853,67
0.0701904,67
0.0708008,67
0.0720215,67
0.0732422,67
0.0747681,67
0.0759888,67
0.0769043,67
0.0778198,67
0.0784302,67
0.0790405,67
0.0793457,67
0.0796509,67
0.0802612,67
0.0808716,67
0.0814819,67
0.0823975,67
0.0827026,67
0.083313,67
0.0836182,67
0.0839233,67
0.0836182,67
0.0830078,67
0.0820923,67
0.0802612,67
0.0784302,67
0.0759888,67
0.0735474,67
0.0708008,67
0.0683594,67
0.0656128,67
0.0631714,67
0.0604248,67
0.057373,67
0.0543213,67
0.0515747,67
0.0485229,67
0.0457764,67
0.0427246,67
0.0396729,67
0.0366211,67
0.0332642,67
0.0299072,67
0.0262451,67
0.022583,67
0.0189209,67
0.0152588,67
0.0115967,67
0.00823975,67
0.00518799,67
0.00213623,67
-0.000610352,67
-0.00335693,67
-0.00610352,67
-0.00854492,67
-0.0109863,67
-0.0128174,67
-0.0149536,67
-0.0164795,67
-0.0180054,67
-0.0195313,67
-0.0210571,67
-0.0222778,67
-0.0234985,67
-0.0244141,67
-0.0253296,67
-0.0262451,67
-0.0271606,67
-0.027771,67
-0.0286865,67
-0.0296021,67
-0.0305176,67
-0.0314331,67
-0.0323486,67
-0.0335693,67
-0.03479,67
-0.0363159,67
-0.0378418,67
-0.039978,67
-0.0418091,67
-0.0439453,67
-0.0460815,67
-0.0476074,67
-0.0488281,67
-0.0497437,67
-0.050354,67
-0.0509644,67
-0.0512695,67
-0.0515747,67
-0.0515747,67
-0.0512695,67
-0.0506592,67
-0.0494385,67
-0.0479126,67
-0.0457764,67
-0.0436401,67
-0.0418091,67
-0.039978,67
-0.0387573,67
-0.038147,67
-0.0378418,67
-0.038147,67
-0.0384521,67
-0.0387573,67
-0.0387573,67
-0.0393677,67
-0.039978,67
-0.0411987,67
-0.0427246,67
-0.0442505,67
-0.0460815,67
-0.0476074,67
-0.0488281,67
-0.0497437,67
-0.0500488,67
-0.0497437,67
-0.0485229,67
-0.0466919,67
-0.0436401,67
-0.039978,67
-0.0357056,67
-0.0305176,67
-0.0238037,67
-0.0158691,67
-0.00610352,67
0.00518799,67
0.0180054,67
0.0326538,67
0.0488281,67
0.0668335,67
0.0866699,67
0.108643,67
0.132446,67
0.158081,67
0.186157,67
0.21637,67
0.248413,67
0.281677,67
0.316162,67
0.350647,67
0.384521,67
0.41687,67
0.446167,67
0.471802,67
0.492859,67
0.508423,67
0.517578,67
0.520325,67
0.516357,67
0.505981,67
0.488892,67
0.465393,67
0.436096,67
0.401306,67
0.361328,67
0.317383,67
0.269775,69
0.220337,69
0.169373,69
0.118713,69
0.0692749,69
0.0222778,69
-0.0210571,69
-0.0604248,69
-0.0949097,69
-0.123596,69
-0.146484,69
-0.163269,69
-0.173645,69
-0.178528,69
-0.178223,69
-0.17334,69
-0.164795,69
-0.153503,69
-0.139771,69
-0.124817,69
-0.108948,69
-0.0930786,69
-0.0778198,69
-0.0637817,69
-0.0509644,69
-0.039978,69
-0.0311279,69
-0.0241089,69
-0.0189209,69
-0.015564,69
-0.0140381,69
-0.0134277,69
-0.0137329,69
-0.0149536,69
-0.0161743,69
-0.0180054,69
-0.0198364,69
-0.0219727,69
-0.0241089,69
-0.0262451,69
-0.0283813,69
-0.0299072,69
-0.0308228,69
-0.0311279,69
-0.0311279,69
-0.0305176,69
-0.0302124,69
-0.0296021,69
-0.0296021,69
-0.0296021,69
-0.0302124,69
-0.0311279,69
-0.0320435,69
-0.0332642,69
-0.0344849,69
-0.0357056,69
-0.0369263,69
-0.038147,69
-0.0396729,69
-0.0411987,69
-0.0424194,69
-0.0439453,69
-0.0448608,69
-0.0457764,69
-0.0460815,69
-0.0466919,69
-0.0466919,69
-0.0463867,69
-0.0460815,69
-0.0454712,69
-0.0442505,69
-0.0427246,69
-0.0411987,69
-0.0390625,69
-0.0366211,69
-0.0338745,69
-0.0311279,69
-0.0280762,69
-0.0253296,69
-0.022583,69
-0.0204468,69
-0.0186157,69
-0.0167847,69
-0.015564,69
-0.0143433,69
-0.0134277,69
-0.0128174,69
-0.0125122,69
-0.0125122,69
-0.0125122,69
-0.0128174,69
-0.0131226,69
-0.0137329,69
-0.0146484,69
-0.0152588,69
-0.0158691,69
-0.0167847,69
-0.017395,69
-0.0180054,69
-0.0189209,69
-0.0192261,69
-0.0198364,69
-0.0201416,69
-0.0201416,69
-0.0201416,69
-0.0192261,69
-0.0180054,69
-0.0161743,69
-0.0143433,69
-0.012207,69
-0.010376,69
-0.00854492,69
-0.00640869,69
-0.00488281,69
-0.00305176,69
-0.00152588,69
-0.000305176,69
0.000915527,69
0.00213623,69
0.00305176,69
0.00396729,69
0.00427246,69
0.00457764,69
0.00427246,69
0.00427246,69
0.00396729,69
0.00366211,69
0.00366211,69
0.00335693,69
0.00335693,69
0.00335693,69
0.00335693,69
0.00366211,69
0.00396729,69
0.00427246,69
0.00518799,69
0.00610352,69
0.00762939,69
0.00946045,69
0.0115967,69
0.0140381,69
0.0161743,69
0.0186157,69
0.020752,69
0.0231934,69
0.0256348,69
0.027771,69
0.0292969,69
0.0302124,69
0.0305176,69
0.0305176,69
0.0302124,69
0.0299072,69
0.0292969,69
0.0292969,69
0.0289917,69
0.0289917,69
0.0289917,69
0.0292969,69
0.0296021,69
0.0305176,69
0.0320435,69
0.0338745,69
0.0360107,69
0.038147,69
0.0408936,69
0.0436401,69
0.0469971,69
0.050354,69
0.0540161,69
0.057373,69
0.0604248,69
0.0631714,69
0.0656128,69
0.067749,69
0.0701904,69
0.0723267,69
0.0747681,69
0.0765991,69
0.0778198,69
0.0787354,69
0.0787354,69
0.0787354,69
0.0784302,69
0.0784302,69
0.0784302,69
0.0787354,69
0.0793457,69
0.0799561,69
0.0811768,69
0.0823975,69
0.0839233,69
0.0857544,69
0.0872803,69
0.0891113,69
0.0912476,69
0.0933838,69
0.0958252,69
0.0982666,69
0.100708,69
0.103149,69
0.105286,69
0.107422,69
0.109558,69
0.111389,69
0.11322,69
0.115051,69
0.117188,69
0.119019,69
0.120544,69
0.12207,69
0.123291,69
0.124512,69
0.125732,69
0.127258,69
0.129089,69
0.131226,69
0.133667,69
0.135803,69
0.137634,69
0.138855,69
0.140076,69
0.140991,69
0.141602,69
0.142517,69
0.143433,69
0.144653,69
0.145569,69
0.146484,69
0.14679,69
0.147095,69
0.14679,69
0.146179,69
0.145569,69
0.144653,69
0.143433,69
0.142212,69
0.140686,69
0.13916,69
0.137634,69
0.136108,69
0.134888,69
0.133667,69
0.132751,69
0.131531,69
0.13031,69
0.128479,69
0.126038,69
0.122986,69
0.119629,69
0.115662,69
0.111084,69
0.105896,69
0.100098,69
0.0942993,69
0.088501,69
0.0827026,69
0.0762939,69
0.0698853,69
0.062561,69
0.0552368,69
0.0476074,69
0.039978,69
0.0326538,69
0.0250244,69
0.0177002,69
0.0109863,69
0.00427246,69
-0.00213623,69
-0.00762939,69
-0.0125122,69
-0.0164795,69
-0.0198364,69
-0.022583,69
-0.0250244,69
-0.0271606,69
-0.0296021,69
-0.0320435,69
-0.0344849,69
-0.0369263,69
-0.0396729,69
-0.0424194,69
-0.0454712,69
-0.0491333,69
-0.0527954,69
-0.0564575,69
-0.0601196,69
-0.0634766,69
-0.0665283,69
-0.0698853,69
-0.0732422,69
-0.0765991,69
-0.0802612,69
-0.083313,69
-0.0866699,69
-0.0897217,69
-0.0921631,69
-0.0946045,69
-0.0967407,69
-0.098877,69
-0.100708,69
-0.102539,69
-0.10437,69
-0.105591,69
-0.106812,69
-0.107422,69
-0.108032,69
-0.108337,69
-0.108643,69
-0.109253,69
-0.109558,69
-0.110168,69
-0.111084,69
-0.111694,69
-0.112305,69
-0.112305,69
-0.112305,69
-0.112,69
-0.111694,69
-0.110779,69
-0.109863,69
-0.108948,69
-0.107727,69
-0.106812,69
-0.105896,69
-0.10498,69
-0.104065,69
-0.103149,69
-0.102234,69
-0.101929,69
-0.101624,69
-0.101929,69
-0.102234,69
-0.102844,69
-0.103455,69
-0.10376,69
-0.103455,69
-0.103455,69
-0.103455,69
-0.10376,69
-0.10437,69
-0.105286,69
-0.106506,69
-0.107422,69
-0.108643,69
-0.109253,69
-0.109863,69
-0.110168,69
-0.110474,69
-0.110474,69
-0.110474,69
-0.109863,69
-0.109253,69
-0.108643,69
-0.108032,69
-0.107727,69
-0.107727,69
-0.107422,69
-0.107727,69
-0.107727,69
-0.107727,69
-0.107727,69
-0.107422,69
-0.107117,69
-0.106506,69
-0.105896,69
-0.105286,69
-0.104675,69
-0.10437,69
-0.10376,69
-0.10376,69
-0.103455,69
-0.103455,69
-0.103455,69
-0.10376,69
-0.10376,69
-0.10376,69
-0.103455,69
-0.103149,69
-0.102234,69
-0.101624,69
-0.100708,69
-0.0997925,69
-0.098877,69
-0.0976563,69
-0.0964355,69
-0.0949097,69
-0.0933838,69
-0.0918579,69
-0.0900269,69
-0.0881958,69
-0.0866699,69
-0.085144,69
-0.0842285,69
-0.083313,69
-0.0823975,69
-0.0814819,69
-0.0808716,69
-0.0799561,69
-0.0790405,69
-0.0784302,69
-0.078125,69
-0.0778198,69
-0.0775146,69
-0.0775146,69
-0.0778198,69
-0.078125,69
-0.0787354,69
-0.0793457,69
-0.0799561,69
-0.0802612,69
-0.0802612,69
-0.0799561,69
-0.0793457,69
-0.0784302,69
-0.0775146,69
-0.0765991,69
-0.0759888,69
-0.0756836,69
-0.0756836,69
-0.0759888,69
-0.0765991,69
-0.0772095,69
-0.0778198,69
-0.0778198,69
-0.0778198,69
-0.0775146,69
-0.0772095,69
-0.0775146,69
-0.0778198,69
-0.0784302,69
-0.0793457,69
-0.0802612,69
-0.0811768,69
-0.0817871,69
-0.0827026,69
-0.083313,69
-0.0836182,69
-0.0836182,69
-0.083313,69
-0.0827026,69
-0.0820923,69
-0.0808716,69
-0.0796509,69
-0.0784302,69
-0.0775146,69
-0.0765991,69
-0.0756836,69
-0.0747681,69
-0.0741577,69
-0.0735474,69
-0.072937,69
-0.0726318,69
-0.0726318,69
-0.0723267,69
-0.0726318,69
-0.0726318,69
-0.0732422,69
-0.0735474,69
-0.0741577,69
-0.0750732,69
-0.0753784,69
-0.0759888,69
-0.0759888,69
-0.0762939,69
-0.0762939,69
-0.0762939,69
-0.0762939,69
-0.0759888,69
-0.0753784,69
-0.0750732,69
-0.0744629,69
-0.0738525,69
-0.0735474,69
-0.072937,69
-0.0726318,69
-0.0726318,69
-0.0726318,69
-0.0726318,69
-0.0732422,69
-0.0738525,69
-0.0747681,69
-0.0756836,69
-0.0765991,69
-0.0775146,69
-0.0784302,69
-0.0796509,69
-0.0811768,69
-0.0827026,69
-0.0845337,69
-0.0863647,69
-0.0875854,69
-0.0888062,69
-0.0900269,69
-0.0906372,69
-0.0909424,69
-0.0909424,69
-0.090332,69
-0.0891113,69
-0.0878906,69
-0.0863647,69
-0.085144,69
-0.0839233,69
-0.0830078,69
-0.0823975,69
-0.0820923,69
-0.0814819,69
-0.0811768,69
-0.0811768,69
-0.0808716,69
-0.0808716,69
-0.0805664,69
-0.0805664,69
-0.0805664,69
-0.0808716,69
-0.0811768,69
-0.0817871,69
-0.0830078,69
-0.0839233,69
-0.085144,69
-0.0866699,69
-0.0878906,69
-0.0891113,69
-0.0900269,69
-0.0909424,69
-0.0915527,69
-0.0924683,69
-0.0930786,69
-0.093689,69
-0.0942993,69
-0.0946045,69
-0.0946045,69
-0.0939941,69
-0.0930786,69
-0.0915527,69
-0.0897217,69
-0.0878906,69
-0.0860596,69
-0.0842285,69
-0.0823975,69
-0.0811768,69
-0.0796509,69
-0.0784302,69
-0.0769043,69
-0.0750732,69
-0.072937,69
-0.0704956,69
-0.067749,69
-0.0650024,69
-0.0619507,69
-0.0588989,69
-0.0561523,69
-0.0531006,69
-0.050354,69
-0.0473022,69
-0.0445557,69
-0.0415039,69
-0.0387573,69
-0.0360107,69
-0.0335693,69
-0.0311279,69
-0.0286865,69
-0.0262451,69
-0.0234985,69
-0.020752,69
-0.0180054,69
-0.0149536,69
-0.012207,69
-0.00946045,69
-0.00701904,69
-0.00518799,69
-0.00335693,69
-0.00213623,69
-0.000610352,69
0.000610352,69
0.00213623,69
0.00335693,69
0.00457764,69
0.00549316,69
0.00610352,69
0.00640869,69
0.00671387,69
0.00640869,69
0.00579834,69
0.00457764,69
0.00366211,69
0.00244141,69
0.00152588,69
0.000305176,69
-0.000915527,69
-0.00244141,69
-0.00427246,69
-0.00640869,69
-0.0088501,69
-0.0119019,69
-0.0152588,69
-0.0189209,69
-0.022583,69
-0.0265503,69
-0.0305176,69
-0.0344849,69
-0.038147,69
-0.0421143,69
-0.0457764,69
-0.0491333,69
-0.0527954,69
-0.0564575,69
-0.0598145,69
-0.0634766,69
-0.0668335,69
-0.0704956,69
-0.0738525,69
-0.0775146,69
-0.0808716,69
-0.0839233,69
-0.0869751,69
-0.0894165,69
-0.0918579,69
-0.0939941,69
-0.0961304,69
-0.0976563,69
-0.0991821,69
-0.100708,69
-0.101929,69
-0.103149,69
-0.10437,69
-0.105286,69
-0.106201,69
-0.107117,69
-0.108032,69
-0.108643,69
-0.108948,69
-0.109253,69
-0.109253,69
-0.109253,69
-0.108948,69
-0.108643,69
-0.108337,69
-0.108032,69
-0.107727,69
-0.107727,69
-0.108337,69
-0.108948,69
-0.110168,69
-0.111084,69
-0.112,69
-0.112915,69
-0.113525,69
-0.113831,69
-0.114441,69
-0.114746,69
-0.115356,69
-0.115967,69
-0.116882,69
-0.117188,69
-0.117493,69
-0.117493,69
-0.117493,69
-0.117188,69
-0.116882,69
-0.116577,69
-0.116577,69
-0.116272,69
-0.115662,69
-0.115356,69
-0.115051,69
-0.115051,69
-0.115356,69
-0.115967,69
-0.116882,69
-0.117798,69
-0.119019,69
-0.120239,69
-0.121765,69
-0.122681,69
-0.123596,69
-0.124207,69
-0.124207,69
-0.123901,69
-0.122986,69
-0.121765,69
-0.119934,69
-0.117188,69
-0.113525,69
-0.108948,69
-0.103149,69
-0.0958252,69
-0.0875854,69
-0.0775146,69
-0.0662231,69
-0.0534058,69
-0.0387573,69
-0.022583,69
-0.00457764,69
0.015564,69
0.0375366,69
0.0613403,69
0.0866699,69
0.113525,69
0.141296,69
0.170288,69
0.19928,69
0.227966,69
0.255737,69
0.281982,69
0.306091,69
0.326538,69
0.343018,69
0.354309,69
0.359497,69
0.358582,69
0.351563,69
0.339355,69
0.32196,69
0.299683,69
0.273132,69
0.242615,69
0.208435,69
0.171509,83
0.132751,83
0.0930786,83
0.0531006,83
0.0137329,83
-0.0244141,83
-0.0604248,83
-0.093689,83
-0.123596,83
-0.148926,83
-0.169373,83
-0.184631,83
-0.195007,83
-0.19989,83
-0.2005,83
-0.197144,83
-0.190125,83
-0.180969,83
-0.169678,83
-0.157471,83
-0.144958,83
-0.132446,83
-0.120544,83
-0.109253,83
-0.098877,83
-0.0897217,83
-0.0817871,83
-0.0750732,83
-0.0698853,83
-0.065918,83
-0.0634766,83
-0.0622559,83
-0.062561,83
-0.0637817,83
-0.065918,83
-0.0683594,83
-0.0714111,83
-0.0744629,83
-0.0775146,83
-0.0802612,83
-0.0827026,83
-0.0848389,83
-0.0869751,83
-0.0888062,83
-0.090332,83
-0.0915527,83
-0.0927734,83
-0.0939941,83
-0.0949097,83
-0.09552,83
-0.0958252,83
-0.0958252,83
-0.0958252,83
-0.0952148,83
-0.0949097,83
-0.0939941,83
-0.0933838,83
-0.0924683,83
-0.0915527,83
-0.0909424,83
-0.0897217,83
-0.088501,83
-0.0875854,83
-0.0863647,83
-0.0854492,83
-0.085144,83
-0.0848389,83
-0.0848389,83
-0.0848389,83
-0.0845337,83
-0.0845337,83
-0.0842285,83
-0.0839233,83
-0.0836182,83
-0.0830078,83
-0.0823975,83
-0.0811768,83
-0.0799561,83
-0.0787354,83
-0.0778198,83
-0.0772095,83
-0.0769043,83
-0.0769043,83
-0.0769043,83
-0.0769043,83
-0.0772095,83
-0.0772095,83
-0.0772095,83
-0.0772095,83
-0.0772095,83
-0.0769043,83
-0.0765991,83
-0.0762939,83
-0.0759888,83
-0.0756836,83
-0.0753784,83
-0.0753784,83
-0.0750732,83
-0.0747681,83
-0.0738525,83
-0.072937,83
-0.0717163,83
-0.0701904,83
-0.0683594,83
-0.0665283,83
-0.0643921,83
-0.0619507,83
-0.0595093,83
-0.057373,83
-0.0552368,83
-0.0537109,83
-0.0521851,83
-0.0512695,83
-0.050354,83
-0.0497437,83
-0.0491333,83
-0.0482178,83
-0.0469971,83
-0.0460815,83
-0.045166,83
-0.0445557,83
-0.0439453,83
-0.0436401,83
-0.043335,83
-0.0427246,83
-0.0424194,83
-0.0418091,83
-0.0408936,83
-0.039978,83
-0.0390625,83
-0.038147,83
-0.0369263,83
-0.0357056,83
-0.0341797,83
-0.032959,83
-0.0317383,83
-0.0305176,83
-0.0292969,83
-0.0280762,83
-0.0265503,83
-0.0253296,83
-0.0244141,83
-0.0234985,83
-0.0228882,83
-0.0222778,83
-0.0216675,83
-0.0210571,83
-0.0201416,83
-0.0192261,83
-0.0183105,83
-0.017395,83
-0.0161743,83
-0.0152588,83
-0.0143433,83
-0.0134277,83
-0.0125122,83
-0.0112915,83
-0.010376,83
-0.00915527,83
-0.00793457,83
-0.00671387,83
-0.00549316,83
-0.00457764,83
-0.00335693,83
-0.00213623,83
-0.000915527,83
0.000305176,83
0.00183105,83
0.00366211,83
0.00579834,83
0.00793457,83
0.010376,83
0.0128174,83
0.015564,83
0.0180054,83
0.0204468,83
0.0222778,83
0.0241089,83
0.0259399,83
0.027771,83
0.0296021,83
0.0317383,83
0.0335693,83
0.0354004,83
0.0372314,83
0.0387573,83
0.0402832,83
0.0418091,83
0.0430298,83
0.0445557,83
0.0457764,83
0.0469971,83
0.0482178,83
0.0494385,83
0.0512695,83
0.0527954,83
0.0549316,83
0.057373,83
0.06073,83
0.0643921,83
0.0683594,83
0.072937,83
0.0775146,83
0.0827026,83
0.0881958,83
0.0939941,83
0.0994873,83
0.10437,83
0.108643,83
0.112,83
0.114441,83
0.115967,83
0.116882,83
0.117493,83
0.118103,83
0.118408,83
0.118713,83
0.119019,83
0.119324,83
0.119629,83
0.119324,83
0.118713,83
0.118103,83
0.116882,83
0.115662,83
0.114746,83
0.113831,83
0.113831,83
0.114136,83
0.114746,83
0.115967,83
0.117188,83
0.118103,83
0.119019,83
0.119629,83
0.119629,83
0.119019,83
0.117798,83
0.116272,83
0.114441,83
0.112,83
0.108948,83
0.105286,83
0.101318,83
0.0970459,83
0.0927734,83
0.0881958,83
0.083313,83
0.078125,83
0.072937,83
0.067749,83
0.0622559,83
0.0567627,83
0.0512695,83
0.0457764,83
0.0408936,83
0.0360107,83
0.0311279,83
0.0262451,83
0.0213623,83
0.0161743,83
0.0109863,83
0.00579834,83
0.000610352,83
-0.00457764,83
-0.00976563,83
-0.0152588,83
-0.0204468,83
-0.0256348,83
-0.0308228,83
-0.0357056,83
-0.0402832,83
-0.0448608,83
-0.0494385,83
-0.0543213,83
-0.0592041,83
-0.0640869,83
-0.0686646,83
-0.0726318,83
-0.0762939,83
-0.0799561,83
-0.0836182,83
-0.0866699,83
-0.0897217,83
-0.0924683,83
-0.0949097,83
-0.0970459,83
-0.0991821,83
-0.100708,83
-0.102539,83
-0.104065,83
-0.105591,83
-0.106812,83
-0.108032,83
-0.108643,83
-0.109253,83
-0.109558,83
-0.109863,83
-0.110168,83
-0.110779,83
-0.110779,83
-0.111084,83
-0.111084,83
-0.110779,83
-0.110474,83
-0.110474,83
-0.110779,83
-0.111389,83
-0.11261,83
-0.113831,83
-0.115051,83
-0.116882,83
-0.118408,83
-0.120239,83
-0.121765,83
-0.123596,83
-0.124817,83
-0.126038,83
-0.127258,83
-0.128174,83
-0.129395,83
-0.130615,83
-0.131836,83
-0.132751,83
-0.133667,83
-0.134583,83
-0.134888,83
-0.135193,83
-0.134888,83
-0.134583,83
-0.133972,83
-0.133057,83
-0.132141,83
-0.131226,83
-0.13031,83
-0.129089,83
-0.128174,83
-0.127258,83
-0.126953,83
-0.126648,83
-0.126953,83
-0.127258,83
-0.127869,83
-0.128479,83
-0.129089,83
-0.130005,83
-0.130615,83
-0.131226,83
-0.131531,83
-0.131226,83
-0.131226,83
-0.13092,83
-0.130615,83
-0.13092,83
-0.13092,83
-0.131226,83
-0.131531,83
-0.131531,83
-0.131531,83
-0.131226,83
-0.131226,83
-0.131226,83
-0.13092,83
-0.130615,83
-0.13031,83
-0.1297,83
-0.129089,83
-0.128784,83
-0.128174,83
-0.127563,83
-0.126953,83
-0.126038,83
-0.125122,83
-0.124207,83
-0.122986,83
-0.12146,83
-0.119934,83
-0.118408,83
-0.116272,83
-0.114136,83
-0.112,83
-0.109863,83
-0.107422,83
-0.10498,83
-0.102844,83
-0.100403,83
-0.0985718,83
-0.0967407,83
-0.09552,83
-0.0949097,83
-0.0952148,83
-0.0958252,83
-0.0970459,83
-0.0982666,83
-0.0997925,83
-0.101624,83
-0.103455,83
-0.10498,83
-0.106812,83
-0.108337,83
-0.109863,83
-0.111084,83
-0.112,83
-0.112915,83
-0.11322,83
-0.113525,83
-0.112915,83
-0.112305,83
-0.111084,83
-0.109558,83
-0.107422,83
-0.104675,83
-0.101624,83
-0.0982666,83
-0.0946045,83
-0.0909424,83
-0.0875854,83
-0.0848389,83
-0.0827026,83
-0.0808716,83
-0.0799561,83
-0.0793457,83
-0.0793457,83
-0.0793457,83
-0.0799561,83
-0.0802612,83
-0.0811768,83
-0.0823975,83
-0.0836182,83
-0.085144,83
-0.0863647,83
-0.0875854,83
-0.088501,83
-0.0897217,83
-0.0906372,83
-0.0915527,83
-0.0921631,83
-0.0924683,83
-0.0921631,83
-0.0915527,83
-0.0906372,83
-0.0891113,83
-0.0878906,83
-0.0860596,83
-0.0845337,83
-0.0830078,83
-0.0811768,83
-0.0793457,83
-0.0778198,83
-0.0765991,83
-0.0753784,83
-0.0750732,83
-0.0753784,83
-0.0759888,83
-0.0769043,83
-0.078125,83
-0.0790405,83
-0.0802612,83
-0.0811768,83
-0.0820923,83
-0.083313,83
-0.0848389,83
-0.0863647,83
-0.0878906,83
-0.0894165,83
-0.0906372,83
-0.0915527,83
-0.0924683,83
-0.0927734,83
-0.0933838,83
-0.0933838,83
-0.0930786,83
-0.0924683,83
-0.0918579,83
-0.0912476,83
-0.0906372,83
-0.0894165,83
-0.0881958,83
-0.0866699,83
-0.0854492,83
-0.0839233,83
-0.0820923,83
-0.0805664,83
-0.0790405,83
-0.0778198,83
-0.0772095,83
-0.0769043,83
-0.0775146,83
-0.0784302,83
-0.0796509,83
-0.0805664,83
-0.0814819,83
-0.0823975,83
-0.0830078,83
-0.0836182,83
-0.0842285,83
-0.0842285,83
-0.0842285,83
-0.0839233,83
-0.083313,83
-0.0823975,83
-0.0811768,83
-0.0796509,83
-0.0775146,83
-0.0750732,83
-0.0720215,83
-0.0683594,83
-0.0640869,83
-0.0598145,83
-0.0549316,83
-0.0497437,83
-0.0445557,83
-0.0390625,83
-0.0338745,83
-0.0286865,83
-0.0238037,83
-0.0195313,83
-0.015564,83
-0.0119019,83
-0.0088501,83
-0.00610352,83
-0.00396729,83
-0.00183105,83
0,83
0.00183105,83
0.00396729,83
0.00549316,83
0.00701904,83
0.00823975,83
0.00915527,83
0.00976563,83
0.010376,83
0.0109863,83
0.0115967,83
0.0119019,83
0.012207,83
0.0119019,83
0.0109863,83
0.0100708,83
0.0088501,83
0.00732422,83
0.00579834,83
0.00366211,83
0.00152588,83
-0.000915527,83
-0.00366211,83
-0.00671387,83
-0.00976563,83
-0.0128174,83
-0.0161743,83
-0.0198364,83
-0.0241089,83
-0.0283813,83
-0.0326538,83
-0.0369263,83
-0.0405884,83
-0.0442505,83
-0.0476074,83
-0.0506592,83
-0.0534058,83
-0.0561523,83
-0.0592041,83
-0.0622559,83
-0.0656128,83
-0.0689697,83
-0.0720215,83
-0.0750732,83
-0.0778198,83
-0.0805664,83
-0.083313,83
-0.0860596,83
-0.0888062,83
-0.0912476,83
-0.093689,83
-0.0961304,83
-0.0982666,83
-0.100708,83
-0.102844,83
-0.104675,83
-0.106506,83
-0.108032,83
-0.109558,83
-0.110779,83
-0.112,83
-0.112915,83
-0.113831,83
-0.114746,83
-0.115662,83
-0.116577,83
-0.117493,83
-0.118103,83
-0.119019,83
-0.119629,83
-0.120544,83
-0.121155,83
-0.121765,83
-0.122375,83
-0.122681,83
-0.122986,83
-0.122986,83
-0.122681,83
-0.122375,83
-0.121765,83
-0.12085,83
-0.119629,83
-0.118713,83
-0.117188,83
-0.115356,83
-0.113525,83
-0.111084,83
-0.108948,83
-0.106812,83
-0.104675,83
-0.102844,83
-0.101624,83
-0.100708,83
-0.100098,83
-0.100098,83
-0.100098,83
-0.100403,83
-0.100708,83
-0.101013,83
-0.101929,83
-0.103149,83
-0.10437,83
-0.105591,83
-0.106812,83
-0.108337,83
-0.109253,83
-0.109863,83
-0.109558,83
-0.108643,83
-0.106812,83
-0.104675,83
-0.101624,83
-0.0979614,83
-0.0930786,83
-0.0872803,83
-0.0802612,83
-0.0717163,83
-0.0619507,83
-0.0509644,83
-0.038147,83
-0.0238037,83
-0.00762939,83
0.0100708,83
0.0296021,83
0.0509644,83
0.0741577,83
0.0994873,83
0.126038,83
0.153809,83
0.1828,83
0.212402,83
0.24231,83
0.271606,83
0.299683,83
0.325623,83
0.348206,83
0.366211,83
0.379028,83
0.385742,83
0.386658,83
0.38147,83
0.370483,83
0.354614,83
0.333557,83
0.307617,83
0.2771,83
0.24292,83
0.205688,83
0.166321,90
0.125732,90
0.085144,90
0.0448608,90
0.00579834,90
-0.0314331,90
-0.0656128,90
-0.0961304,90
-0.122375,90
-0.143433,90
-0.158997,90
-0.169373,90
-0.174255,90
-0.174561,90
-0.170593,90
-0.163269,90
-0.153198,90
-0.140991,90
-0.127869,90
-0.114136,90
-0.100708,90
-0.0881958,90
-0.0762939,90
-0.065918,90
-0.0567627,90
-0.0491333,90
-0.0427246,90
-0.0378418,90
-0.0344849,90
-0.0317383,90
-0.0302124,90
-0.0299072,90
-0.0299072,90
-0.0308228,90
-0.0323486,90
-0.0341797,90
-0.0366211,90
-0.0393677,90
-0.0418091,90
-0.0442505,90
-0.0460815,90
-0.0473022,90
-0.0482178,90
-0.0488281,90
-0.0488281,90
-0.0485229,90
-0.0485229,90
-0.0488281,90
-0.0494385,90
-0.050354,90
-0.0512695,90
-0.0524902,90
-0.0540161,90
-0.0552368,90
-0.0564575,90
-0.057373,90
-0.0576782,90
-0.0576782,90
-0.0570679,90
-0.0564575,90
-0.0558472,90
-0.055542,90
-0.0552368,90
-0.0546265,90
-0.0540161,90
-0.0527954,90
-0.0518799,90
-0.0506592,90
-0.0497437,90
-0.0491333,90
-0.0482178,90
-0.0476074,90
-0.0469971,90
-0.0460815,90
-0.045166,90
-0.0442505,90
-0.0427246,90
-0.0411987,90
-0.0396729,90
-0.0384521,90
-0.0378418,90
-0.0372314,90
-0.0369263,90
-0.0369263,90
-0.0372314,90
-0.0372314,90
-0.0372314,90
-0.0369263,90
-0.0363159,90
-0.0354004,90
-0.0350952,90
-0.0344849,90
-0.0341797,90
-0.0338745,90
-0.0338745,90
-0.0335693,90
-0.0332642,90
-0.0332642,90
-0.032959,90
-0.032959,90
-0.032959,90
-0.0326538,90
-0.0323486,90
-0.0317383,90
-0.0308228,90
-0.0299072,90
-0.0289917,90
-0.0280762,90
-0.0268555,90
-0.0256348,90
-0.0247192,90
-0.0241089,90
-0.0234985,90
-0.022583,90
-0.0219727,90
-0.0213623,90
-0.0204468,90
-0.0189209,90
-0.017395,90
-0.015564,90
-0.0140381,90
-0.0125122,90
-0.0109863,90
-0.00976563,90
-0.00854492,90
-0.00701904,90
-0.00579834,90
-0.00427246,90
-0.00274658,90
-0.0012207,90
0,90
0.0012207,90
0.00274658,90
0.00396729,90
0.00579834,90
0.00732422,90
0.00915527,90
0.0109863,90
0.012207,90
0.0134277,90
0.0149536,90
0.0161743,90
0.017395,90
0.0189209,90
0.0210571,90
0.0234985,90
0.0262451,90
0.0289917,90
0.0311279,90
0.0332642,90
0.0350952,90
0.0372314,90
0.0390625,90
0.0411987,90
0.043335,90
0.045166,90
0.0469971,90
0.0485229,90
0.0497437,90
0.050354,90
0.0506592,90
0.0506592,90
0.050354,90
0.050354,90
0.0500488,90
0.0500488,90
0.050354,90
0.0509644,90
0.0518799,90
0.0534058,90
0.0549316,90
0.0570679,90
0.0595093,90
0.062561,90
0.065918,90
0.0701904,90
0.0747681,90
0.0793457,90
0.0836182,90
0.0878906,90
0.0918579,90
0.0958252,90
0.0994873,90
0.102844,90
0.105896,90
0.108643,90
0.111084,90
0.113525,90
0.115662,90
0.117188,90
0.118408,90
0.119324,90
0.119629,90
0.119934,90
0.119934,90
0.119934,90
0.120544,90
0.121155,90
0.122375,90
0.123901,90
0.126038,90
0.128174,90
0.130615,90
0.133057,90
0.135803,90
0.13855,90
0.141907,90
0.144958,90
0.148315,90
0.151672,90
0.155029,90
0.158386,90
0.161438,90
0.16449,90
0.167236,90
0.169678,90
0.171204,90
0.172119,90
0.172729,90
0.172729,90
0.172729,90
0.172424,90
0.172119,90
0.171509,90
0.170593,90
0.169373,90
0.167542,90
0.16571,90
0.163574,90
0.161438,90
0.159607,90
0.158081,90
0.156555,90
0.155334,90
0.154114,90
0.153198,90
0.152588,90
0.151672,90
0.151062,90
0.149841,90
0.148621,90
0.1474,90
0.146484,90
0.145264,90
0.144043,90
0.142212,90
0.139771,90
0.136719,90
0.132751,90
0.128174,90
0.122986,90
0.117493,90
0.111389,90
0.105286,90
0.0991821,90
0.0927734,90
0.0860596,90
0.0790405,90
0.0720215,90
0.0646973,90
0.0576782,90
0.0509644,90
0.0445557,90
0.0384521,90
0.032959,90
0.0283813,90
0.0241089,90
0.0204468,90
0.0167847,90
0.0134277,90
0.00976563,90
0.00610352,90
0.00274658,90
-0.000305176,90
-0.00305176,90
-0.00549316,90
-0.00823975,90
-0.0115967,90
-0.0152588,90
-0.0195313,90
-0.0238037,90
-0.0280762,90
-0.0323486,90
-0.0366211,90
-0.0405884,90
-0.0445557,90
-0.0482178,90
-0.0515747,90
-0.0546265,90
-0.057373,90
-0.0601196,90
-0.062561,90
-0.0643921,90
-0.0662231,90
-0.0671387,90
-0.0680542,90
-0.0683594,90
-0.0686646,90
-0.0686646,90
-0.0683594,90
-0.067749,90
-0.0668335,90
-0.0656128,90
-0.0643921,90
-0.0634766,90
-0.0622559,90
-0.0616455,90
-0.06073,90
-0.0598145,90
-0.0592041,90
-0.0585938,90
-0.0582886,90
-0.0579834,90
-0.057373,90
-0.0570679,90
-0.0564575,90
-0.0558472,90
-0.055542,90
-0.0561523,90
-0.0567627,90
-0.0576782,90
-0.0585938,90
-0.0598145,90
-0.0610352,90
-0.0622559,90
-0.0631714,90
-0.0643921,90
-0.0653076,90
-0.0662231,90
-0.0674438,90
-0.0686646,90
-0.0695801,90
-0.0704956,90
-0.0708008,90
-0.0708008,90
-0.071106,90
-0.0714111,90
-0.0717163,90
-0.0717163,90
-0.0717163,90
-0.0714111,90
-0.0708008,90
-0.0698853,90
-0.0686646,90
-0.0674438,90
-0.0662231,90
-0.0650024,90
-0.0637817,90
-0.0628662,90
-0.0619507,90
-0.0613403,90
-0.06073,90
-0.06073,90
-0.06073,90
-0.0604248,90
-0.0601196,90
-0.0595093,90
-0.0585938,90
-0.057373,90
-0.0561523,90
-0.0549316,90
-0.0540161,90
-0.0531006,90
-0.0524902,90
-0.0521851,90
-0.0518799,90
-0.0518799,90
-0.0521851,90
-0.0521851,90
-0.0521851,90
-0.0518799,90
-0.0515747,90
-0.0515747,90
-0.0512695,90
-0.0515747,90
-0.0515747,90
-0.0518799,90
-0.0518799,90
-0.0518799,90
-0.0518799,90
-0.0515747,90
-0.0512695,90
-0.050354,90
-0.0494385,90
-0.0485229,90
-0.0469971,90
-0.0457764,90
-0.0445557,90
-0.043335,90
-0.0424194,90
-0.0415039,90
-0.0405884,90
-0.0393677,90
-0.0384521,90
-0.0372314,90
-0.0363159,90
-0.0357056,90
-0.03479,90
-0.0341797,90
-0.0335693,90
-0.0326538,90
-0.0320435,90
-0.0314331,90
-0.0308228,90
-0.0305176,90
-0.0305176,90
-0.0302124,90
-0.0296021,90
-0.0289917,90
-0.0286865,90
-0.0283813,90
-0.0283813,90
-0.0289917,90
-0.0299072,90
-0.0308228,90
-0.0320435,90
-0.0332642,90
-0.0344849,90
-0.0357056,90
-0.0369263,90
-0.0378418,90
-0.0387573,90
-0.0393677,90
-0.039978,90
-0.039978,90
-0.039978,90
-0.0393677,90
-0.0390625,90
-0.0387573,90
-0.038147,90
-0.0378418,90
-0.0369263,90
-0.0360107,90
-0.03479,90
-0.0332642,90
-0.0314331,90
-0.0292969,90
-0.0274658,90
-0.0256348,90
-0.0241089,90
-0.0228882,90
-0.0222778,90
-0.0219727,90
-0.0213623,90
-0.0210571,90
-0.0204468,90
-0.0198364,90
-0.0189209,90
-0.0183105,90
-0.0177002,90
-0.017395,90
-0.0170898,90
-0.0170898,90
-0.017395,90
-0.0180054,90
-0.0186157,90
-0.0195313,90
-0.020752,90
-0.0219727,90
-0.0231934,90
-0.0247192,90
-0.0259399,90
-0.0274658,90
-0.0286865,90
-0.0299072,90
-0.0308228,90
-0.0317383,90
-0.0326538,90
-0.0332642,90
-0.0338745,90
-0.0341797,90
-0.0341797,90
-0.0335693,90
-0.0326538,90
-0.0308228,90
-0.0289917,90
-0.0271606,90
-0.0247192,90
-0.0216675,90
-0.0180054,90
-0.0143433,90
-0.010376,90
-0.00671387,90
-0.00305176,90
0.000610352,90
0.00396729,90
0.00732422,90
0.010376,90
0.0128174,90
0.0152588,90
0.017395,90
0.0195313,90
0.0216675,90
0.0238037,90
0.0259399,90
0.0280762,90
0.0299072,90
0.0317383,90
0.0335693,90
0.0354004,90
0.0372314,90
0.0396729,90
0.0418091,90
0.0445557,90
0.0476074,90
0.0506592,90
0.0540161,90
0.057373,90
0.0610352,90
0.0643921,90
0.0671387,90
0.0695801,90
0.0714111,90
0.0723267,90
0.072937,90
0.072937,90
0.0726318,90
0.0720215,90
0.0708008,90
0.0689697,90
0.0665283,90
0.0634766,90
0.0598145,90
0.0552368,90
0.050354,90
0.0448608,90
0.0390625,90
0.0332642,90
0.0274658,90
0.0219727,90
0.0167847,90
0.012207,90
0.00762939,90
0.00396729,90
0.000610352,90
-0.00183105,90
-0.00396729,90
-0.00579834,90
-0.00732422,90
-0.0088501,90
-0.010376,90
-0.0119019,90
-0.0137329,90
-0.015564,90
-0.0177002,90
-0.0198364,90
-0.0219727,90
-0.0241089,90
-0.0265503,90
-0.0292969,90
-0.0323486,90
-0.0357056,90
-0.0390625,90
-0.0427246,90
-0.0460815,90
-0.0500488,90
-0.0540161,90
-0.0579834,90
-0.0619507,90
-0.0653076,90
-0.0680542,90
-0.0701904,90
-0.0723267,90
-0.0735474,90
-0.0747681,90
-0.0753784,90
-0.0759888,90
-0.0759888,90
-0.0762939,90
-0.0762939,90
-0.0762939,90
-0.0762939,90
-0.0759888,90
-0.0753784,90
-0.0753784,90
-0.0750732,90
-0.0750732,90
-0.0750732,90
-0.0750732,90
-0.0756836,90
-0.0762939,90
-0.0772095,90
-0.078125,90
-0.0790405,90
-0.0799561,90
-0.0808716,90
-0.0817871,90
-0.0823975,90
-0.083313,90
-0.0836182,90
-0.0839233,90
-0.0836182,90
-0.083313,90
-0.0830078,90
-0.083313,90
-0.0836182,90
-0.0842285,90
-0.0845337,90
-0.0848389,90
-0.085144,90
-0.085144,90
-0.085144,90
-0.085144,90
-0.085144,90
-0.0854492,90
-0.0857544,90
-0.0860596,90
-0.0860596,90
-0.0860596,90
-0.0863647,90
-0.0863647,90
-0.0860596,90
-0.0854492,90
-0.0839233,90
-0.0817871,90
-0.0790405,90
-0.0753784,90
-0.0708008,90
-0.0656128,90
-0.0588989,90
-0.0509644,90
-0.0418091,90
-0.0308228,90
-0.0183105,90
-0.00335693,90
0.0137329,90
0.032959,90
0.0540161,90
0.0772095,90
0.101929,90
0.127869,90
0.155334,90
0.183411,90
0.212708,90
0.242615,90
0.272522,90
0.301514,90
0.328979,90
0.354004,90
0.375671,90
0.392761,90
0.404358,90
0.409546,90
0.40863,90
0.401611,90
0.389099,90
0.371399,90
0.348816,90
0.32196,90
0.291138,90
0.256958,90
0.220337,90
0.18158,92
0.141296,92
0.100708,92
0.0601196,92
0.020752,92
-0.0170898,92
-0.0518799,92
-0.0827026,92
-0.109558,92
-0.131226,92
-0.14801,92
-0.159302,92
-0.16571,92
-0.167542,92
-0.164795,92
-0.158691,92
-0.149841,92
-0.138855,92
-0.126343,92
-0.112915,92
-0.0991821,92
-0.0860596,92
-0.0738525,92
-0.0628662,92
-0.0534058,92
-0.0454712,92
-0.0390625,92
-0.0338745,92
-0.0302124,92
-0.027771,92
-0.0265503,92
-0.0262451,92
-0.0265503,92
-0.0271606,92
-0.0283813,92
-0.0299072,92
-0.0320435,92
-0.0344849,92
-0.0372314,92
-0.039978,92
-0.0424194,92
-0.0445557,92
-0.0460815,92
-0.0476074,92
-0.0485229,92
-0.0494385,92
-0.050354,92
-0.0509644,92
-0.0515747,92
-0.0524902,92
-0.0534058,92
-0.0546265,92
-0.0558472,92
-0.057373,92
-0.0588989,92
-0.0604248,92
-0.0619507,92
-0.0634766,92
-0.0643921,92
-0.0653076,92
-0.0656128,92
-0.0656128,92
-0.0650024,92
-0.0637817,92
-0.0622559,92
-0.0610352,92
-0.0595093,92
-0.0585938,92
-0.0579834,92
-0.057373,92
-0.0567627,92
-0.0558472,92
-0.0552368,92
-0.0543213,92
-0.0537109,92
-0.0534058,92
-0.0527954,92
-0.0527954,92
-0.0527954,92
-0.0527954,92
-0.0531006,92
-0.0537109,92
-0.0540161,92
-0.0543213,92
-0.0546265,92
-0.0549316,92
-0.0549316,92
-0.0546265,92
-0.0540161,92
-0.0534058,92
-0.0527954,92
-0.0518799,92
-0.0506592,92
-0.0491333,92
-0.0476074,92
-0.0463867,92
-0.045166,92
-0.0445557,92
-0.0442505,92
-0.0442505,92
-0.0445557,92
-0.0448608,92
-0.0448608,92
-0.045166,92
-0.0454712,92
-0.0457764,92
-0.0460815,92
-0.0466919,92
-0.0469971,92
-0.0473022,92
-0.0473022,92
-0.0469971,92
-0.0460815,92
-0.045166,92
-0.0439453,92
-0.0427246,92
-0.0415039,92
-0.039978,92
-0.0387573,92
-0.0372314,92
-0.0360107,92
-0.03479,92
-0.0341797,92
-0.0335693,92
-0.0332642,92
-0.0332642,92
-0.0332642,92
-0.0335693,92
-0.0332642,92
-0.0326538,92
-0.0320435,92
-0.0308228,92
-0.0296021,92
-0.0286865,92
-0.0274658,92
-0.0265503,92
-0.0253296,92
-0.0244141,92
-0.0234985,92
-0.0228882,92
-0.0219727,92
-0.0210571,92
-0.0192261,92
-0.0170898,92
-0.0143433,92
-0.0112915,92
-0.00762939,92
-0.00457764,92
-0.00152588,92
0.000610352,92
0.00213623,92
0.00305176,92
0.00396729,92
0.00427246,92
0.00457764,92
0.00427246,92
0.00396729,92
0.00305176,92
0.00244141,92
0.00183105,92
0.00152588,92
0.00152588,92
0.00152588,92
0.00183105,92
0.00213623,92
0.00244141,92
0.00244141,92
0.00274658,92
0.00335693,92
0.00427246,92
0.00579834,92
0.00732422,92
0.00946045,92
0.0115967,92
0.0137329,92
0.0164795,92
0.0192261,92
0.0222778,92
0.0253296,92
0.0286865,92
0.0323486,92
0.0360107,92
0.0396729,92
0.0427246,92
0.0454712,92
0.0479126,92
0.0497437,92
0.0512695,92
0.0524902,92
0.0534058,92
0.0543213,92
0.0549316,92
0.055542,92
0.0561523,92
0.0567627,92
0.0570679,92
0.0576782,92
0.0579834,92
0.0585938,92
0.0595093,92
0.06073,92
0.0619507,92
0.0637817,92
0.0656128,92
0.067749,92
0.0701904,92
0.0723267,92
0.0747681,92
0.0772095,92
0.0799561,92
0.0827026,92
0.0854492,92
0.0881958,92
0.0912476,92
0.0939941,92
0.0964355,92
0.0982666,92
0.100098,92
0.101624,92
0.103149,92
0.10437,92
0.105591,92
0.106812,92
0.107727,92
0.108643,92
0.109253,92
0.109253,92
0.109253,92
0.108643,92
0.108032,92
0.107422,92
0.107117,92
0.106812,92
0.106506,92
0.105896,92
0.105286,92
0.10376,92
0.101624,92
0.0991821,92
0.0964355,92
0.0930786,92
0.0894165,92
0.0848389,92
0.0799561,92
0.0744629,92
0.0686646,92
0.062561,92
0.0561523,92
0.0497437,92
0.0430298,92
0.0357056,92
0.0283813,92
0.0210571,92
0.0137329,92
0.00671387,92
-0.000305176,92
-0.00671387,92
-0.0131226,92
-0.0192261,92
-0.0253296,92
-0.0308228,92
-0.0360107,92
-0.0411987,92
-0.0460815,92
-0.0509644,92
-0.055542,92
-0.0595093,92
-0.0631714,92
-0.0668335,92
-0.0704956,92
-0.0741577,92
-0.0778198,92
-0.0817871,92
-0.0854492,92
-0.0891113,92
-0.0924683,92
-0.09552,92
-0.0979614,92
-0.100403,92
-0.102844,92
-0.105591,92
-0.108337,92
-0.111389,92
-0.114441,92
-0.116882,92
-0.119019,92
-0.12085,92
-0.12207,92
-0.122986,92
-0.124207,92
-0.125732,92
-0.127869,92
-0.1297,92
-0.131531,92
-0.132751,92
-0.133972,92
-0.135193,92
-0.136108,92
-0.137634,92
-0.13916,92
-0.140686,92
-0.142517,92
-0.144653,92
-0.146484,92
-0.14801,92
-0.149536,92
-0.150146,92
-0.150757,92
-0.150757,92
-0.150452,92
-0.149841,92
-0.148926,92
-0.147705,92
-0.14679,92
-0.145874,92
-0.145569,92
-0.145264,92
-0.145264,92
-0.145264,92
-0.145264,92
-0.145264,92
-0.145264,92
-0.145264,92
-0.145569,92
-0.146179,92
-0.147095,92
-0.148315,92
-0.149841,92
-0.151672,92
-0.154114,92
-0.156555,92
-0.158997,92
-0.161743,92
-0.164185,92
-0.166626,92
-0.168457,92
-0.170288,92
-0.171509,92
-0.172424,92
-0.173035,92
-0.17334,92
-0.17334,92
-0.173035,92
-0.172119,92
-0.171204,92
-0.169983,92
-0.168457,92
-0.166931,92
-0.165405,92
-0.163879,92
-0.162659,92
-0.161438,92
-0.160217,92
-0.159302,92
-0.158081,92
-0.157166,92
-0.156555,92
-0.15564,92
-0.154724,92
-0.153809,92
-0.153198,92
-0.152283,92
-0.151672,92
-0.151062,92
-0.150757,92
-0.150452,92
-0.150146,92
-0.149841,92
-0.149536,92
-0.149841,92
-0.149841,92
-0.150146,92
-0.150452,92
-0.150757,92
-0.150452,92
-0.149536,92
-0.148621,92
-0.147095,92
-0.145874,92
-0.144958,92
-0.144043,92
-0.143738,92
-0.143433,92
-0.143433,92
-0.143127,92
-0.142822,92
-0.142212,92
-0.141296,92
-0.140076,92
-0.138855,92
-0.137634,92
-0.137024,92
-0.136719,92
-0.137024,92
-0.137329,92
-0.137939,92
-0.13855,92
-0.139465,92
-0.140076,92
-0.140686,92
-0.141296,92
-0.141296,92
-0.141296,92
-0.140991,92
-0.140381,92
-0.139771,92
-0.138855,92
-0.137939,92
-0.137024,92
-0.136414,92
-0.136108,92
-0.135803,92
-0.135498,92
-0.135193,92
-0.135193,92
-0.135193,92
-0.135498,92
-0.135498,92
-0.135498,92
-0.135193,92
-0.134888,92
-0.135193,92
-0.135193,92
-0.135498,92
-0.135193,92
-0.134888,92
-0.134888,92
-0.134888,92
-0.134888,92
-0.134888,92
-0.134583,92
-0.134277,92
-0.133667,92
-0.132446,92
-0.131226,92
-0.130005,92
-0.128784,92
-0.127563,92
-0.126648,92
-0.126038,92
-0.126038,92
-0.126038,92
-0.126648,92
-0.127869,92
-0.128784,92
-0.130005,92
-0.131226,92
-0.132141,92
-0.133057,92
-0.133972,92
-0.134583,92
-0.134888,92
-0.135193,92
-0.134888,92
-0.134277,92
-0.133057,92
-0.131836,92
-0.130615,92
-0.130005,92
-0.13031,92
-0.130615,92
-0.13092,92
-0.13092,92
-0.130615,92
-0.130005,92
-0.129089,92
-0.128174,92
-0.127258,92
-0.126038,92
-0.125122,92
-0.123901,92
-0.122986,92
-0.121765,92
-0.120239,92
-0.118713,92
-0.116577,92
-0.114441,92
-0.111694,92
-0.108948,92
-0.105591,92
-0.102234,92
-0.0982666,92
-0.0946045,92
-0.0912476,92
-0.0878906,92
-0.0848389,92
-0.0820923,92
-0.0793457,92
-0.0769043,92
-0.0744629,92
-0.0720215,92
-0.0695801,92
-0.0668335,92
-0.0640869,92
-0.0616455,92
-0.0588989,92
-0.0561523,92
-0.0531006,92
-0.0500488,92
-0.0469971,92
-0.0436401,92
-0.0402832,92
-0.0369263,92
-0.0338745,92
-0.0314331,92
-0.0289917,92
-0.0274658,92
-0.0259399,92
-0.0250244,92
-0.0247192,92
-0.0250244,92
-0.0256348,92
-0.0268555,92
-0.0286865,92
-0.0311279,92
-0.03479,92
-0.0387573,92
-0.0430298,92
-0.0479126,92
-0.0527954,92
-0.0576782,92
-0.0628662,92
-0.0680542,92
-0.072937,92
-0.0778198,92
-0.0820923,92
-0.0860596,92
-0.0897217,92
-0.0924683,92
-0.0949097,92
-0.0970459,92
-0.098877,92
-0.100098,92
-0.101929,92
-0.10376,92
-0.106201,92
-0.108643,92
-0.110779,92
-0.11322,92
-0.115356,92
-0.117493,92
-0.119324,92
-0.12146,92
-0.124207,92
-0.127258,92
-0.130615,92
-0.133972,92
-0.137634,92
-0.140991,92
-0.144653,92
-0.148315,92
-0.151672,92
-0.154724,92
-0.157776,92
-0.160522,92
-0.163269,92
-0.16571,92
-0.167847,92
-0.169983,92
-0.171509,92
-0.172729,92
-0.173645,92
-0.174255,92
-0.174561,92
-0.174866,92
-0.175476,92
-0.176392,92
-0.177612,92
-0.178833,92
-0.180359,92
-0.181885,92
-0.1828,92
-0.183716,92
-0.184326,92
-0.184937,92
-0.185852,92
-0.186462,92
-0.187378,92
-0.187988,92
-0.188293,92
-0.187988,92
-0.187683,92
-0.186768,92
-0.185852,92
-0.184937,92
-0.184021,92
-0.1828,92
-0.181885,92
-0.180969,92
-0.179749,92
-0.178528,92
-0.177307,92
-0.176392,92
-0.176086,92
-0.176392,92
-0.177002,92
-0.178223,92
-0.179749,92
-0.181885,92
-0.184021,92
-0.186157,92
-0.187988,92
-0.189514,92
-0.190735,92
-0.19165,92
-0.191956,92
-0.191956,92
-0.191345,92
-0.189819,92
-0.187988,92
-0.185242,92
-0.18219,92
-0.177917,92
-0.172729,92
-0.166321,92
-0.158081,92
-0.148926,92
-0.137939,92
-0.125732,92
-0.112,92
-0.0961304,92
-0.0787354,92
-0.0588989,92
-0.0372314,92
-0.0131226,92
0.0128174,92
0.0405884,92
0.0698853,92
0.100098,92
0.13092,92
0.162048,92
0.193481,92
0.223999,92
0.253601,92
0.281372,92
0.306091,92
0.327148,92
0.343323,92
0.353088,92
0.355835,92
0.351868,92
0.341187,92
0.324402,92
0.301819,92
0.274048,92
0.241699,92
0.205383,92
0.166016,92
0.124207,93
0.0811768,93
0.0372314,93
-0.00671387,93
-0.0500488,93
-0.0918579,93
-0.13092,93
-0.166321,93
-0.196838,93
-0.221863,93
-0.241089,93
-0.254822,93
-0.262756,93
-0.265198,93
-0.263062,93
-0.256653,93
-0.247498,93
-0.235901,93
-0.223389,93
-0.210266,93
-0.197449,93
-0.184631,93
-0.172119,93
-0.160522,93
-0.149536,93
-0.139771,93
-0.131226,93
-0.124512,93
-0.119934,93
-0.116882,93
-0.115662,93
-0.115662,93
-0.116577,93
-0.118408,93
-0.12085,93
-0.123901,93
-0.126953,93
-0.130005,93
-0.133057,93
-0.135498,93
-0.137634,93
-0.139771,93
-0.141602,93
-0.143433,93
-0.144958,93
-0.145874,93
-0.14679,93
-0.1474,93
-0.14801,93
-0.148926,93
-0.149841,93
-0.150757,93
-0.151672,93
-0.152588,93
-0.153198,93
-0.153503,93
-0.153503,93
-0.153503,93
-0.153198,93
-0.152588,93
-0.151978,93
-0.151062,93
-0.150146,93
-0.149536,93
-0.148926,93
-0.148315,93
-0.147705,93
-0.147095,93
-0.146179,93
-0.144958,93
-0.143738,93
-0.142517,93
-0.141296,93
-0.140076,93
-0.13916,93
-0.137939,93
-0.136719,93
-0.135193,93
-0.133362,93
-0.132141,93
-0.131226,93
-0.130615,93
-0.130615,93
-0.131226,93
-0.132141,93
-0.133057,93
-0.134277,93
-0.135498,93
-0.136719,93
-0.137634,93
-0.138245,93
-0.13855,93
-0.138245,93
-0.138245,93
-0.137634,93
-0.137329,93
-0.136414,93
-0.135803,93
-0.134583,93
-0.133362,93
-0.132141,93
-0.130615,93
-0.128784,93
-0.126953,93
-0.124817,93
-0.122375,93
-0.119629,93
-0.116577,93
-0.113831,93
-0.111084,93
-0.108643,93
-0.106201,93
-0.104065,93
-0.101929,93
-0.0997925,93
-0.0982666,93
-0.0970459,93
-0.0964355,93
-0.0961304,93
-0.0961304,93
-0.0958252,93
-0.09552,93
-0.0949097,93
-0.0939941,93
-0.0927734,93
-0.0915527,93
-0.090332,93
-0.0897217,93
-0.0891113,93
-0.088501,93
-0.0878906,93
-0.0872803,93
-0.0869751,93
-0.0866699,93
-0.0869751,93
-0.0872803,93
-0.0878906,93
-0.0878906,93
-0.0875854,93
-0.0869751,93
-0.0857544,93
-0.0845337,93
-0.083313,93
-0.0817871,93
-0.0805664,93
-0.0796509,93
-0.0787354,93
-0.0775146,93
-0.0765991,93
-0.0753784,93
-0.0744629,93
-0.0735474,93
-0.0723267,93
-0.0708008,93
-0.0689697,93
-0.0668335,93
-0.0646973,93
-0.062561,93
-0.0604248,93
-0.0585938,93
-0.0567627,93
-0.0546265,93
-0.0524902,93
-0.050354,93
-0.0482178,93
-0.0466919,93
-0.0448608,93
-0.043335,93
-0.0418091,93
-0.0396729,93
-0.0372314,93
-0.03479,93
-0.0323486,93
-0.0296021,93
-0.0271606,93
-0.0247192,93
-0.0222778,93
-0.0201416,93
-0.0180054,93
-0.0164795,93
-0.0149536,93
-0.0134277,93
-0.0115967,93
-0.00976563,93
-0.00762939,93
-0.00518799,93
-0.00305176,93
-0.000915527,93
0.0012207,93
0.00274658,93
0.00457764,93
0.00610352,93
0.00762939,93
0.00915527,93
0.0106812,93
0.0128174,93
0.0149536,93
0.017395,93
0.0198364,93
0.022583,93
0.0250244,93
0.0271606,93
0.0289917,93
0.0308228,93
0.0323486,93
0.0344849,93
0.0369263,93
0.0396729,93
0.0421143,93
0.0448608,93
0.0473022,93
0.0497437,93
0.0518799,93
0.0537109,93
0.055542,93
0.057373,93
0.0585938,93
0.0601196,93
0.0613403,93
0.062561,93
0.0634766,93
0.0643921,93
0.0643921,93
0.0643921,93
0.0640869,93
0.0637817,93
0.0634766,93
0.0634766,93
0.0634766,93
0.0631714,93
0.0628662,93
0.0622559,93
0.0613403,93
0.0604248,93
0.0592041,93
0.057373,93
0.055542,93
0.0531006,93
0.0509644,93
0.0485229,93
0.0463867,93
0.0439453,93
0.0418091,93
0.0390625,93
0.0360107,93
0.0320435,93
0.0274658,93
0.0222778,93
0.0167847,93
0.0106812,93
0.00427246,93
-0.00244141,93
-0.00946045,93
-0.0164795,93
-0.0238037,93
-0.0311279,93
-0.038147,93
-0.045166,93
-0.0521851,93
-0.0588989,93
-0.0656128,93
-0.0720215,93
-0.078125,93
-0.0836182,93
-0.0888062,93
-0.0933838,93
-0.0973511,93
-0.100708,93
-0.103149,93
-0.105591,93
-0.107422,93
-0.109253,93
-0.110779,93
-0.11261,93
-0.114441,93
-0.116577,93
-0.118713,93
-0.121155,93
-0.123596,93
-0.126343,93
-0.128784,93
-0.131531,93
-0.134277,93
-0.137024,93
-0.139771,93
-0.142822,93
-0.145874,93
-0.148621,93
-0.151672,93
-0.154419,93
-0.15686,93
-0.158691,93
-0.160217,93
-0.161133,93
-0.162354,93
-0.162964,93
-0.163269,93
-0.163269,93
-0.162659,93
-0.162354,93
-0.162048,93
-0.162048,93
-0.161438,93
-0.160828,93
-0.159912,93
-0.158997,93
-0.158691,93
-0.158386,93
-0.158691,93
-0.159302,93
-0.159912,93
-0.160522,93
-0.161438,93
-0.162354,93
-0.163574,93
-0.164795,93
-0.166016,93
-0.167236,93
-0.168152,93
-0.168457,93
-0.168762,93
-0.169067,93
-0.169373,93
-0.169983,93
-0.170288,93
-0.170898,93
-0.171204,93
-0.171204,93
-0.170593,93
-0.169678,93
-0.169067,93
-0.168152,93
-0.167542,93
-0.166321,93
-0.165405,93
-0.164185,93
-0.162964,93
-0.162354,93
-0.162048,93
-0.161743,93
-0.161743,93
-0.161743,93
-0.161743,93
-0.162048,93
-0.161743,93
-0.161743,93
-0.161133,93
-0.160522,93
-0.159607,93
-0.158691,93
-0.157776,93
-0.15686,93
-0.155945,93
-0.155334,93
-0.155029,93
-0.155334,93
-0.15564,93
-0.155945,93
-0.15564,93
-0.155334,93
-0.154419,93
-0.153503,93
-0.152588,93
-0.151672,93
-0.150757,93
-0.149841,93
-0.148621,93
-0.147705,93
-0.146484,93
-0.145569,93
-0.144348,93
-0.143433,93
-0.142822,93
-0.141907,93
-0.141296,93
-0.140686,93
-0.140076,93
-0.138855,93
-0.137939,93
-0.136719,93
-0.135803,93
-0.135193,93
-0.133972,93
-0.133057,93
-0.131836,93
-0.13031,93
-0.129395,93
-0.128479,93
-0.127869,93
-0.127563,93
-0.126953,93
-0.126648,93
-0.126343,93
-0.125732,93
-0.125122,93
-0.124207,93
-0.122986,93
-0.121765,93
-0.120239,93
-0.118713,93
-0.117188,93
-0.116272,93
-0.115356,93
-0.115356,93
-0.115356,93
-0.115356,93
-0.115356,93
-0.114746,93
-0.113831,93
-0.11261,93
-0.111694,93
-0.110779,93
-0.110168,93
-0.109863,93
-0.109863,93
-0.110168,93
-0.110168,93
-0.110168,93
-0.109863,93
-0.109863,93
-0.109558,93
-0.109863,93
-0.110168,93
-0.110474,93
-0.111084,93
-0.111389,93
-0.112,93
-0.112305,93
-0.112305,93
-0.112305,93
-0.112305,93
-0.112,93
-0.111389,93
-0.110779,93
-0.109863,93
-0.108948,93
-0.107727,93
-0.106506,93
-0.105591,93
-0.10498,93
-0.10437,93
-0.10376,93
-0.10376,93
-0.10376,93
-0.10376,93
-0.10437,93
-0.10498,93
-0.106201,93
-0.107422,93
-0.108948,93
-0.110474,93
-0.112,93
-0.11261,93
-0.113525,93
-0.113831,93
-0.114441,93
-0.115051,93
-0.115662,93
-0.115967,93
-0.115967,93
-0.115662,93
-0.115051,93
-0.114441,93
-0.113525,93
-0.112,93
-0.110474,93
-0.108643,93
-0.106506,93
-0.104065,93
-0.101624,93
-0.0991821,93
-0.0970459,93
-0.0946045,93
-0.0921631,93
-0.0894165,93
-0.0860596,93
-0.0827026,93
-0.0793457,93
-0.0759888,93
-0.0726318,93
-0.0689697,93
-0.0656128,93
-0.0616455,93
-0.0576782,93
-0.0537109,93
-0.0497437,93
-0.0463867,93
-0.043335,93
-0.0405884,93
-0.0378418,93
-0.0350952,93
-0.032959,93
-0.0308228,93
-0.0289917,93
-0.0271606,93
-0.0256348,93
-0.0238037,93
-0.0219727,93
-0.0195313,93
-0.0170898,93
-0.0137329,93
-0.010376,93
-0.00671387,93
-0.00274658,93
0.000915527,93
0.00488281,93
0.00854492,93
0.0119019,93
0.015564,93
0.0186157,93
0.0216675,93
0.0238037,93
0.0256348,93
0.0268555,93
0.0274658,93
0.0271606,93
0.0262451,93
0.0244141,93
0.0219727,93
0.0189209,93
0.015564,93
0.0115967,93
0.00732422,93
0.00244141,93
-0.00305176,93
-0.00854492,93
-0.0140381,93
-0.0195313,93
-0.0247192,93
-0.0292969,93
-0.0335693,93
-0.0375366,93
-0.0411987,93
-0.0445557,93
-0.0473022,93
-0.0500488,93
-0.0527954,93
-0.0549316,93
-0.057373,93
-0.0595093,93
-0.0616455,93
-0.0637817,93
-0.0665283,93
-0.0698853,93
-0.0732422,93
-0.0772095,93
-0.0811768,93
-0.0857544,93
-0.0900269,93
-0.0946045,93
-0.098877,93
-0.103149,93
-0.107422,93
-0.111694,93
-0.115967,93
-0.120239,93
-0.124512,93
-0.128479,93
-0.132446,93
-0.136108,93
-0.13916,93
-0.141602,93
-0.143433,93
-0.144958,93
-0.146484,93
-0.1474,93
-0.14801,93
-0.14801,93
-0.1474,93
-0.146179,93
-0.144348,93
-0.142212,93
-0.140076,93
-0.138245,93
-0.136719,93
-0.135498,93
-0.133972,93
-0.132751,93
-0.131226,93
-0.130005,93
-0.128784,93
-0.127869,93
-0.126953,93
-0.126343,93
-0.126038,93
-0.125427,93
-0.125427,93
-0.125122,93
-0.125427,93
-0.125732,93
-0.126343,93
-0.127258,93
-0.128479,93
-0.129395,93
-0.13031,93
-0.13092,93
-0.131531,93
-0.131836,93
-0.132141,93
-0.132446,93
-0.132446,93
-0.132446,93
-0.132751,93
-0.132751,93
-0.133057,93
-0.133362,93
-0.133667,93
-0.133972,93
-0.133972,93
-0.133972,93
-0.133667,93
-0.132446,93
-0.130615,93
-0.128174,93
-0.124512,93
-0.119934,93
-0.114441,93
-0.108032,93
-0.100403,93
-0.0915527,93
-0.0814819,93
-0.0701904,93
-0.057373,93
-0.043335,93
-0.0274658,93
-0.00976563,93
0.00976563,93
0.0311279,93
0.0540161,93
0.0790405,93
0.105286,93
0.133057,93
0.161743,93
0.19165,93
0.222473,93
0.253906,93
0.284729,93
0.314331,93
0.342102,93
0.367432,93
0.388794,93
0.405579,93
0.416565,93
0.421753,93
0.420532,93
0.413513,93
0.400391,93
0.38208,93
0.358887,93
0.331116,93
0.299072,93
0.263367,93
0.224304,93
0.1828,92
0.139771,92
0.0958252,92
0.0524902,92
0.0106812,92
-0.0289917,92
-0.065918,92
-0.0991821,92
-0.127563,92
-0.150452,92
-0.167847,92
-0.179443,92
-0.185547,92
-0.186768,92
-0.183105,92
-0.176392,92
-0.167236,92
-0.15625,92
-0.144348,92
-0.131836,92
-0.119324,92
-0.106812,92
-0.0949097,92
-0.0839233,92
-0.0741577,92
-0.065918,92
-0.0592041,92
-0.0543213,92
-0.0506592,92
-0.0482178,92
-0.0466919,92
-0.0463867,92
-0.0469971,92
-0.0485229,92
-0.0500488,92
-0.0515747,92
-0.0527954,92
-0.0534058,92
-0.0540161,92
-0.0540161,92
-0.0540161,92
-0.0540161,92
-0.0543213,92
-0.0546265,92
-0.055542,92
-0.0564575,92
-0.0576782,92
-0.0585938,92
-0.0598145,92
-0.0610352,92
-0.0622559,92
-0.0634766,92
-0.0646973,92
-0.065918,92
-0.0665283,92
-0.0668335,92
-0.0668335,92
-0.0668335,92
-0.0668335,92
-0.0665283,92
-0.0665283,92
-0.0656128,92
-0.0643921,92
-0.062561,92
-0.0604248,92
-0.0579834,92
-0.0558472,92
-0.0543213,92
-0.0527954,92
-0.0512695,92
-0.050354,92
-0.0494385,92
-0.0485229,92
-0.0479126,92
-0.0476074,92
-0.0476074,92
-0.0476074,92
-0.0479126,92
-0.0482178,92
-0.0482178,92
-0.0485229,92
-0.0482178,92
-0.0479126,92
-0.0473022,92
-0.0466919,92
-0.0457764,92
-0.0448608,92
-0.0439453,92
-0.0430298,92
-0.0424194,92
-0.0418091,92
-0.0411987,92
-0.0405884,92
-0.039978,92
-0.0393677,92
-0.0384521,92
-0.0375366,92
-0.0366211,92
-0.0357056,92
-0.03479,92
-0.0338745,92
-0.032959,92
-0.0323486,92
-0.0317383,92
-0.0311279,92
-0.0302124,92
-0.0292969,92
-0.0283813,92
-0.0271606,92
-0.0259399,92
-0.0247192,92
-0.0234985,92
-0.0222778,92
-0.0210571,92
-0.0204468,92
-0.0198364,92
-0.0195313,92
-0.0192261,92
-0.0192261,92
-0.0189209,92
-0.0183105,92
-0.0177002,92
-0.0164795,92
-0.015564,92
-0.0140381,92
-0.0125122,92
-0.0109863,92
-0.00915527,92
-0.00762939,92
-0.00640869,92
-0.00488281,92
-0.00305176,92
-0.000915527,92
0.0012207,92
0.00366211,92
0.00610352,92
0.00854492,92
0.0106812,92
0.0128174,92
0.0143433,92
0.0158691,92
0.0167847,92
0.0177002,92
0.0189209,92
0.0198364,92
0.0213623,92
0.022583,92
0.0241089,92
0.0250244,92
0.0256348,92
0.0262451,92
0.0265503,92
0.0274658,92
0.0286865,92
0.0299072,92
0.0314331,92
0.032959,92
0.0341797,92
0.0354004,92
0.0363159,92
0.0372314,92
0.0378418,92
0.0390625,92
0.039978,92
0.0408936,92
0.0418091,92
0.0427246,92
0.043335,92
0.0442505,92
0.045166,92
0.0463867,92
0.0473022,92
0.0488281,92
0.050354,92
0.0524902,92
0.0552368,92
0.0579834,92
0.06073,92
0.0637817,92
0.0668335,92
0.0698853,92
0.0732422,92
0.0765991,92
0.0799561,92
0.083313,92
0.0866699,92
0.0900269,92
0.093689,92
0.0973511,92
0.101013,92
0.104675,92
0.108032,92
0.111389,92
0.114441,92
0.117493,92
0.119629,92
0.121765,92
0.123596,92
0.125427,92
0.126953,92
0.128784,92
0.130615,92
0.132446,92
0.134583,92
0.137024,92
0.13916,92
0.141296,92
0.143127,92
0.144348,92
0.145264,92
0.145569,92
0.145569,92
0.145874,92
0.146179,92
0.147095,92
0.14801,92
0.149231,92
0.150757,92
0.151978,92
0.153198,92
0.154114,92
0.154724,92
0.155029,92
0.155334,92
0.15564,92
0.15564,92
0.15564,92
0.155945,92
0.155945,92
0.155945,92
0.15564,92
0.155334,92
0.155029,92
0.154724,92
0.153809,92
0.152893,92
0.151672,92
0.150146,92
0.14801,92
0.145874,92
0.143127,92
0.140686,92
0.137939,92
0.134888,92
0.131836,92
0.128479,92
0.124817,92
0.121155,92
0.117188,92
0.11261,92
0.107422,92
0.101929,92
0.0958252,92
0.0894165,92
0.0830078,92
0.0765991,92
0.0704956,92
0.0643921,92
0.0582886,92
0.0518799,92
0.0457764,92
0.0393677,92
0.0335693,92
0.027771,92
0.0222778,92
0.0170898,92
0.012207,92
0.00793457,92
0.00457764,92
0.00183105,92
-0.000305176,92
-0.00183105,92
-0.00335693,92
-0.00457764,92
-0.00579834,92
-0.00671387,92
-0.00823975,92
-0.00976563,92
-0.012207,92
-0.015564,92
-0.0192261,92
-0.0234985,92
-0.0274658,92
-0.0311279,92
-0.0341797,92
-0.0366211,92
-0.0387573,92
-0.0408936,92
-0.0427246,92
-0.0448608,92
-0.0473022,92
-0.0494385,92
-0.0518799,92
-0.0540161,92
-0.0558472,92
-0.057373,92
-0.0582886,92
-0.0585938,92
-0.0585938,92
-0.0579834,92
-0.057373,92
-0.0561523,92
-0.0546265,92
-0.0531006,92
-0.0518799,92
-0.0509644,92
-0.050354,92
-0.0500488,92
-0.0500488,92
-0.0497437,92
-0.0491333,92
-0.0488281,92
-0.0488281,92
-0.0491333,92
-0.0497437,92
-0.050354,92
-0.0509644,92
-0.0512695,92
-0.0515747,92
-0.0518799,92
-0.0524902,92
-0.0534058,92
-0.0543213,92
-0.055542,92
-0.0570679,92
-0.0588989,92
-0.0604248,92
-0.0619507,92
-0.0631714,92
-0.0643921,92
-0.0650024,92
-0.0650024,92
-0.0650024,92
-0.0646973,92
-0.0640869,92
-0.0631714,92
-0.0619507,92
-0.0601196,92
-0.0579834,92
-0.055542,92
-0.0527954,92
-0.050354,92
-0.0479126,92
-0.0457764,92
-0.0442505,92
-0.0430298,92
-0.0421143,92
-0.0418091,92
-0.0411987,92
-0.0411987,92
-0.0408936,92
-0.0408936,92
-0.0408936,92
-0.0411987,92
-0.0415039,92
-0.0418091,92
-0.0424194,92
-0.0427246,92
-0.043335,92
-0.0436401,92
-0.0442505,92
-0.0448608,92
-0.045166,92
-0.0454712,92
-0.045166,92
-0.0445557,92
-0.0436401,92
-0.0424194,92
-0.0411987,92
-0.0396729,92
-0.0384521,92
-0.0369263,92
-0.0354004,92
-0.0338745,92
-0.0320435,92
-0.0305176,92
-0.0292969,92
-0.0280762,92
-0.0268555,92
-0.0253296,92
-0.0238037,92
-0.0219727,92
-0.0201416,92
-0.0183105,92
-0.0161743,92
-0.0143433,92
-0.0125122,92
-0.0106812,92
-0.00915527,92
-0.00762939,92
-0.00640869,92
-0.00549316,92
-0.00457764,92
-0.00366211,92
-0.00335693,92
-0.00335693,92
-0.00396729,92
-0.00488281,92
-0.00579834,92
-0.00671387,92
-0.00762939,92
-0.00823975,92
-0.0088501,92
-0.0088501,92
-0.00854492,92
-0.00823975,92
-0.00762939,92
-0.00732422,92
-0.00701904,92
-0.00671387,92
-0.00640869,92
-0.00579834,92
-0.00518799,92
-0.00427246,92
-0.00305176,92
-0.00152588,92
0.000610352,92
0.00274658,92
0.00457764,92
0.00610352,92
0.00701904,92
0.00762939,92
0.00793457,92
0.00823975,92
0.00823975,92
0.00823975,92
0.00823975,92
0.00793457,92
0.00793457,92
0.00762939,92
0.00701904,92
0.00640869,92
0.00579834,92
0.00518799,92
0.00488281,92
0.00427246,92
0.00396729,92
0.00335693,92
0.00305176,92
0.00244141,92
0.00213623,92
0.00244141,92
0.00274658,92
0.00335693,92
0.00427246,92
0.00549316,92
0.00671387,92
0.00762939,92
0.0088501,92
0.00976563,92
0.0106812,92
0.0112915,92
0.0119019,92
0.012207,92
0.0125122,92
0.0128174,92
0.0125122,92
0.0125122,92
0.012207,92
0.0119019,92
0.0112915,92
0.0109863,92
0.0106812,92
0.00976563,92
0.0088501,92
0.00732422,92
0.00518799,92
0.00274658,92
0.000610352,92
-0.00152588,92
-0.00305176,92
-0.00457764,92
-0.00549316,92
-0.00640869,92
-0.00671387,92
-0.00671387,92
-0.00610352,92
-0.00488281,92
-0.00305176,92
-0.000915527,92
0.00152588,92
0.00427246,92
0.00762939,92
0.0112915,92
0.0152588,92
0.0195313,92
0.0247192,92
0.0299072,92
0.0357056,92
0.0415039,92
0.0469971,92
0.0521851,92
0.0567627,92
0.0613403,92
0.0650024,92
0.0680542,92
0.0708008,92
0.072937,92
0.0747681,92
0.0759888,92
0.0772095,92
0.078125,92
0.0790405,92
0.0799561,92
0.0814819,92
0.083313,92
0.0854492,92
0.0875854,92
0.0900269,92
0.0927734,92
0.0961304,92
0.0997925,92
0.103455,92
0.107117,92
0.110779,92
0.114136,92
0.117188,92
0.120239,92
0.122681,92
0.125122,92
0.126953,92
0.128174,92
0.129395,92
0.130005,92
0.130005,92
0.129395,92
0.128174,92
0.126038,92
0.122986,92
0.119934,92
0.116272,92
0.11261,92
0.108948,92
0.10498,92
0.101013,92
0.0967407,92
0.0921631,92
0.0878906,92
0.083313,92
0.0787354,92
0.0744629,92
0.0698853,92
0.0650024,92
0.0598145,92
0.0546265,92
0.0491333,92
0.0436401,92
0.038147,92
0.0326538,92
0.0274658,92
0.0222778,92
0.0170898,92
0.012207,92
0.00762939,92
0.00305176,92
-0.0012207,92
-0.00518799,92
-0.00854492,92
-0.0109863,92
-0.0134277,92
-0.015564,92
-0.0177002,92
-0.0198364,92
-0.0222778,92
-0.0241089,92
-0.0259399,92
-0.0271606,92
-0.027771,92
-0.0283813,92
-0.0286865,92
-0.0289917,92
-0.0296021,92
-0.0302124,92
-0.0308228,92
-0.0311279,92
-0.0314331,92
-0.0314331,92
-0.0311279,92
-0.0308228,92
-0.0305176,92
-0.0308228,92
-0.0311279,92
-0.0317383,92
-0.0326538,92
-0.0332642,92
-0.0338745,92
-0.03479,92
-0.0357056,92
-0.0366211,92
-0.0375366,92
-0.0384521,92
-0.0396729,92
-0.0405884,92
-0.0418091,92
-0.043335,92
-0.0445557,92
-0.0457764,92
-0.0473022,92
-0.0482178,92
-0.0494385,92
-0.0500488,92
-0.0506592,92
-0.0509644,92
-0.0509644,92
-0.0509644,92
-0.0509644,92
-0.0509644,92
-0.0506592,92
-0.0506592,92
-0.050354,92
-0.0500488,92
-0.0500488,92
-0.0494385,92
-0.0491333,92
-0.0482178,92
-0.0476074,92
-0.0469971,92
-0.0460815,92
-0.0448608,92
-0.043335,92
-0.0411987,92
-0.0387573,92
-0.0357056,92
-0.0320435,92
-0.027771,92
-0.0228882,92
-0.0170898,92
-0.0100708,92
-0.00183105,92
0.00793457,92
0.0192261,92
0.0317383,92
0.0457764,92
0.0616455,92
0.0790405,92
0.098877,92
0.121155,92
0.145569,92
0.172729,92
0.202332,92
0.233459,92
0.266113,92
0.299377,92
0.332947,92
0.365601,92
0.397339,92
0.426941,92
0.453491,92
0.476379,92
0.49408,92
0.505676,92
0.510864,92
0.509338,92
0.502014,92
0.488892,92
0.470581,92
0.447083,92
0.418701,92
0.386047,92
0.349426,92
0.309753,92
0.267639,91
0.224304,91
0.180664,91
0.137024,91
0.0949097,91
0.0549316,91
0.0186157,91
-0.0137329,91
-0.0405884,91
-0.0622559,91
-0.0778198,91
-0.0881958,91
-0.0933838,91
-0.0939941,91
-0.0909424,91
-0.0848389,91
-0.0762939,91
-0.065918,91
-0.0546265,91
-0.0430298,91
-0.0317383,91
-0.020752,91
-0.0106812,91
-0.00152588,91
0.00640869,91
0.0131226,91
0.0180054,91
0.0213623,91
0.0234985,91
0.0238037,91
0.0234985,91
0.0219727,91
0.0198364,91
0.0177002,91
0.0152588,91
0.0131226,91
0.0109863,91
0.0088501,91
0.00701904,91
0.00518799,91
0.00335693,91
0.00183105,91
0.000305176,91
-0.000915527,91
-0.00213623,91
-0.00305176,91
-0.00366211,91
-0.00427246,91
-0.00457764,91
-0.00488281,91
-0.00518799,91
-0.00549316,91
-0.00579834,91
-0.00610352,91
-0.00701904,91
-0.00823975,91
-0.00976563,91
-0.0112915,91
-0.0131226,91
-0.0143433,91
-0.015564,91
-0.0158691,91
-0.0161743,91
-0.0158691,91
-0.015564,91
-0.0149536,91
-0.0140381,91
-0.0131226,91
-0.0119019,91
-0.0106812,91
-0.00976563,91
-0.0088501,91
-0.00823975,91
-0.00762939,91
-0.00701904,91
-0.00610352,91
-0.00518799,91
-0.00396729,91
-0.00305176,91
-0.00183105,91
-0.000610352,91
0.000610352,91
0.00183105,91
0.00305176,91
0.00396729,91
0.00488281,91
0.00579834,91
0.00671387,91
0.00732422,91
0.00823975,91
0.00915527,91
0.010376,91
0.0112915,91
0.012207,91
0.0131226,91
0.0140381,91
0.0149536,91
0.0161743,91
0.0170898,91
0.0180054,91
0.0186157,91
0.0189209,91
0.0189209,91
0.0189209,91
0.0186157,91
0.0186157,91
0.0183105,91
0.0183105,91
0.0183105,91
0.0183105,91
0.0180054,91
0.0177002,91
0.017395,91
0.0170898,91
0.0170898,91
0.017395,91
0.0180054,91
0.0192261,91
0.0210571,91
0.0231934,91
0.0253296,91
0.0280762,91
0.0308228,91
0.0335693,91
0.0363159,91
0.0387573,91
0.0405884,91
0.0424194,91
0.0445557,91
0.0466919,91
0.0488281,91
0.0506592,91
0.0518799,91
0.0521851,91
0.0515747,91
0.0506592,91
0.0494385,91
0.0479126,91
0.0463867,91
0.045166,91
0.0439453,91
0.043335,91
0.0427246,91
0.0424194,91
0.0421143,91
0.0415039,91
0.0411987,91
0.0408936,91
0.0408936,91
0.0411987,91
0.0421143,91
0.043335,91
0.045166,91
0.0473022,91
0.0494385,91
0.0512695,91
0.0534058,91
0.0552368,91
0.0570679,91
0.0592041,91
0.0613403,91
0.0631714,91
0.0653076,91
0.0671387,91
0.0686646,91
0.0701904,91
0.0714111,91
0.0726318,91
0.0738525,91
0.0753784,91
0.0769043,91
0.0787354,91
0.0802612,91
0.0817871,91
0.0830078,91
0.0842285,91
0.0857544,91
0.0872803,91
0.0891113,91
0.0912476,91
0.0930786,91
0.0949097,91
0.0967407,91
0.098877,91
0.101318,91
0.10376,91
0.106506,91
0.109253,91
0.112,91
0.114441,91
0.116577,91
0.118408,91
0.119934,91
0.121155,91
0.122681,91
0.123901,91
0.125732,91
0.127869,91
0.130005,91
0.132141,91
0.134277,91
0.136108,91
0.137329,91
0.13855,91
0.140076,91
0.141296,91
0.142517,91
0.144043,91
0.145264,91
0.146484,91
0.14801,91
0.149841,91
0.151672,91
0.154114,91
0.15625,91
0.158386,91
0.160217,91
0.162048,91
0.163269,91
0.16449,91
0.165405,91
0.166016,91
0.166321,91
0.166321,91
0.166016,91
0.165405,91
0.1651,91
0.164795,91
0.164185,91
0.163574,91
0.162964,91
0.161743,91
0.160217,91
0.158691,91
0.157166,91
0.155334,91
0.153198,91
0.150757,91
0.147705,91
0.144043,91
0.140076,91
0.135803,91
0.131531,91
0.126953,91
0.122375,91
0.117493,91
0.11261,91
0.107727,91
0.102234,91
0.0970459,91
0.0918579,91
0.0863647,91
0.0811768,91
0.0756836,91
0.0704956,91
0.0650024,91
0.0598145,91
0.0540161,91
0.0485229,91
0.0430298,91
0.0375366,91
0.0326538,91
0.0280762,91
0.0238037,91
0.0198364,91
0.0161743,91
0.0128174,91
0.00915527,91
0.00549316,91
0.00183105,91
-0.00183105,91
-0.00518799,91
-0.00823975,91
-0.0109863,91
-0.0140381,91
-0.0167847,91
-0.0198364,91
-0.0228882,91
-0.0256348,91
-0.0280762,91
-0.0299072,91
-0.0317383,91
-0.0335693,91
-0.0354004,91
-0.0378418,91
-0.0402832,91
-0.043335,91
-0.0463867,91
-0.0497437,91
-0.0531006,91
-0.0561523,91
-0.0588989,91
-0.0613403,91
-0.0634766,91
-0.0656128,91
-0.0674438,91
-0.0692749,91
-0.071106,91
-0.0723267,91
-0.0732422,91
-0.0741577,91
-0.0750732,91
-0.0759888,91
-0.0769043,91
-0.0775146,91
-0.078125,91
-0.0784302,91
-0.0784302,91
-0.078125,91
-0.0778198,91
-0.0775146,91
-0.0772095,91
-0.0769043,91
-0.0769043,91
-0.0769043,91
-0.0775146,91
-0.0784302,91
-0.0799561,91
-0.0814819,91
-0.0830078,91
-0.0845337,91
-0.0860596,91
-0.0875854,91
-0.088501,91
-0.0891113,91
-0.0900269,91
-0.090332,91
-0.0909424,91
-0.0912476,91
-0.0915527,91
-0.0915527,91
-0.0912476,91
-0.0906372,91
-0.0897217,91
-0.0888062,91
-0.0872803,91
-0.0860596,91
-0.0845337,91
-0.083313,91
-0.0820923,91
-0.0808716,91
-0.0793457,91
-0.0778198,91
-0.0759888,91
-0.0744629,91
-0.072937,91
-0.0717163,91
-0.0708008,91
-0.0701904,91
-0.0698853,91
-0.0698853,91
-0.0701904,91
-0.0701904,91
-0.0701904,91
-0.0701904,91
-0.0704956,91
-0.0708008,91
-0.0717163,91
-0.0723267,91
-0.0732422,91
-0.0735474,91
-0.0735474,91
-0.0726318,91
-0.0714111,91
-0.0698853,91
-0.0680542,91
-0.0665283,91
-0.0656128,91
-0.0650024,91
-0.0646973,91
-0.0643921,91
-0.0640869,91
-0.0634766,91
-0.0631714,91
-0.062561,91
-0.0619507,91
-0.0616455,91
-0.0613403,91
-0.0616455,91
-0.0616455,91
-0.0619507,91
-0.0622559,91
-0.062561,91
-0.0628662,91
-0.0634766,91
-0.0643921,91
-0.0650024,91
-0.0656128,91
-0.0656128,91
-0.0656128,91
-0.0653076,91
-0.0643921,91
-0.0637817,91
-0.062561,91
-0.0613403,91
-0.0598145,91
-0.0582886,91
-0.0564575,91
-0.0546265,91
-0.0531006,91
-0.0518799,91
-0.0506592,91
-0.0497437,91
-0.0488281,91
-0.0479126,91
-0.0469971,91
-0.0460815,91
-0.0454712,91
-0.045166,91
-0.0454712,91
-0.0454712,91
-0.0460815,91
-0.0463867,91
-0.0469971,91
-0.0473022,91
-0.0469971,91
-0.0466919,91
-0.0460815,91
-0.0457764,91
-0.0454712,91
-0.045166,91
-0.0448608,91
-0.0448608,91
-0.0454712,91
-0.0460815,91
-0.0469971,91
-0.0476074,91
-0.0479126,91
-0.0479126,91
-0.0476074,91
-0.0473022,91
-0.0469971,91
-0.0466919,91
-0.0463867,91
-0.0460815,91
-0.0454712,91
-0.0445557,91
-0.043335,91
-0.0421143,91
-0.0411987,91
-0.0408936,91
-0.0411987,91
-0.0418091,91
-0.0427246,91
-0.0436401,91
-0.0445557,91
-0.0448608,91
-0.045166,91
-0.0454712,91
-0.0457764,91
-0.0460815,91
-0.0466919,91
-0.0476074,91
-0.0488281,91
-0.0500488,91
-0.0515747,91
-0.0527954,91
-0.0540161,91
-0.0549316,91
-0.0558472,91
-0.0564575,91
-0.0570679,91
-0.057373,91
-0.0570679,91
-0.0567627,91
-0.0561523,91
-0.0552368,91
-0.0546265,91
-0.0540161,91
-0.0534058,91
-0.0534058,91
-0.0540161,91
-0.0546265,91
-0.055542,91
-0.0567627,91
-0.0576782,91
-0.0588989,91
-0.0598145,91
-0.0610352,91
-0.0619507,91
-0.0628662,91
-0.0637817,91
-0.0640869,91
-0.0643921,91
-0.0640869,91
-0.0634766,91
-0.062561,91
-0.0613403,91
-0.0604248,91
-0.0595093,91
-0.0592041,91
-0.0585938,91
-0.0579834,91
-0.057373,91
-0.0564575,91
-0.055542,91
-0.0546265,91
-0.0540161,91
-0.0534058,91
-0.0527954,91
-0.0521851,91
-0.0515747,91
-0.0506592,91
-0.0497437,91
-0.0485229,91
-0.0473022,91
-0.0460815,91
-0.0442505,91
-0.0421143,91
-0.0396729,91
-0.0372314,91
-0.0341797,91
-0.0314331,91
-0.0280762,91
-0.0250244,91
-0.0219727,91
-0.0189209,91
-0.0158691,91
-0.0128174,91
-0.00915527,91
-0.00549316,91
-0.00213623,91
0.000915527,91
0.00396729,91
0.00610352,91
0.00793457,91
0.00976563,91
0.0112915,91
0.0131226,91
0.0149536,91
0.017395,91
0.0201416,91
0.0231934,91
0.0265503,91
0.0299072,91
0.032959,91
0.0360107,91
0.0384521,91
0.0405884,91
0.0427246,91
0.0439453,91
0.045166,91
0.0457764,91
0.0457764,91
0.0454712,91
0.045166,91
0.0445557,91
0.0439453,91
0.0427246,91
0.0411987,91
0.0393677,91
0.0369263,91
0.0338745,91
0.0308228,91
0.0274658,91
0.0244141,91
0.0210571,91
0.0183105,91
0.0152588,91
0.0125122,91
0.00976563,91
0.00671387,91
0.00366211,91
0.000610352,91
-0.00274658,91
-0.00579834,91
-0.00915527,91
-0.0134277,91
-0.0180054,91
-0.0231934,91
-0.0286865,91
-0.0344849,91
-0.039978,91
-0.0454712,91
-0.0506592,91
-0.0552368,91
-0.0595093,91
-0.0637817,91
-0.0674438,91
-0.0714111,91
-0.0747681,91
-0.078125,91
-0.0814819,91
-0.0842285,91
-0.0872803,91
-0.0897217,91
-0.0918579,91
-0.093689,91
-0.0949097,91
-0.0961304,91
-0.0967407,91
-0.0967407,91
-0.0967407,91
-0.0970459,91
-0.0970459,91
-0.0976563,91
-0.0979614,91
-0.0985718,91
-0.0994873,91
-0.100708,91
-0.101624,91
-0.102844,91
-0.104065,91
-0.10498,91
-0.106201,91
-0.107117,91
-0.108032,91
-0.109253,91
-0.109863,91
-0.110168,91
-0.110168,91
-0.110474,91
-0.110474,91
-0.110779,91
-0.111084,91
-0.111694,91
-0.112305,91
-0.11261,91
-0.11322,91
-0.113831,91
-0.114136,91
-0.114136,91
-0.114136,91
-0.114136,91
-0.114136,91
-0.114441,91
-0.114746,91
-0.114746,91
-0.114441,91
-0.114136,91
-0.113831,91
-0.113525,91
-0.11322,91
-0.113525,91
-0.113831,91
-0.114441,91
-0.114746,91
-0.115051,91
-0.114746,91
-0.113831,91
-0.112915,91
-0.112,91
-0.110474,91
-0.108948,91
-0.106812,91
-0.10437,91
-0.101624,91
-0.0982666,91
-0.0946045,91
-0.0897217,91
-0.0839233,91
-0.0765991,91
-0.067749,91
-0.0576782,91
-0.0457764,91
-0.0323486,91
-0.0167847,91
0.000305176,91
0.0192261,91
0.0402832,91
0.0634766,91
0.0888062,91
0.115967,91
0.144958,91
0.175781,91
0.207825,91
0.240479,91
0.273132,91
0.304565,91
0.334473,91
0.361328,91
0.384521,91
0.402832,91
0.415344,91
0.422058,91
0.422363,91
0.41687,91
0.405273,91
0.388489,91
0.366821,91
0.339966,91
0.308533,91
0.272827,91
0.23407,91
0.192566,88
0.149536,88
0.105896,88
0.062561,88
0.0201416,88
-0.0198364,88
-0.057373,88
-0.090332,88
-0.118713,88
-0.141907,88
-0.159302,88
-0.170898,88
-0.177307,88
-0.178528,88
-0.175781,88
-0.169678,88
-0.160828,88
-0.150452,88
-0.13855,88
-0.126343,88
-0.113525,88
-0.101318,88
-0.0897217,88
-0.0790405,88
-0.0698853,88
-0.0619507,88
-0.055542,88
-0.050354,88
-0.0469971,88
-0.0448608,88
-0.0442505,88
-0.0448608,88
-0.0466919,88
-0.0491333,88
-0.0518799,88
-0.0549316,88
-0.0579834,88
-0.0613403,88
-0.0643921,88
-0.0674438,88
-0.0701904,88
-0.0726318,88
-0.0753784,88
-0.0775146,88
-0.0793457,88
-0.0808716,88
-0.0820923,88
-0.083313,88
-0.0839233,88
-0.0845337,88
-0.085144,88
-0.0854492,88
-0.0857544,88
-0.0857544,88
-0.0854492,88
-0.085144,88
-0.085144,88
-0.0848389,88
-0.0845337,88
-0.0836182,88
-0.0827026,88
-0.0808716,88
-0.0790405,88
-0.0772095,88
-0.0750732,88
-0.0735474,88
-0.0720215,88
-0.0708008,88
-0.0701904,88
-0.0695801,88
-0.0695801,88
-0.0695801,88
-0.0695801,88
-0.0698853,88
-0.0698853,88
-0.0698853,88
-0.0701904,88
-0.0704956,88
-0.0708008,88
-0.071106,88
-0.0714111,88
-0.0720215,88
-0.072937,88
-0.0735474,88
-0.0741577,88
-0.0747681,88
-0.0747681,88
-0.0744629,88
-0.0741577,88
-0.0735474,88
-0.072937,88
-0.0720215,88
-0.0704956,88
-0.0689697,88
-0.0668335,88
-0.0646973,88
-0.062561,88
-0.0604248,88
-0.0585938,88
-0.0567627,88
-0.0552368,88
-0.0540161,88
-0.0527954,88
-0.0515747,88
-0.050354,88
-0.0491333,88
-0.0479126,88
-0.0463867,88
-0.045166,88
-0.0439453,88
-0.0430298,88
-0.0421143,88
-0.0411987,88
-0.0408936,88
-0.0408936,88
-0.0411987,88
-0.0415039,88
-0.0415039,88
-0.0418091,88
-0.0415039,88
-0.0415039,88
-0.0408936,88
-0.039978,88
-0.0387573,88
-0.0372314,88
-0.0354004,88
-0.0338745,88
-0.0323486,88
-0.0308228,88
-0.0296021,88
-0.0280762,88
-0.0265503,88
-0.0250244,88
-0.0234985,88
-0.0219727,88
-0.0201416,88
-0.0183105,88
-0.0167847,88
-0.0149536,88
-0.0131226,88
-0.0112915,88
-0.00915527,88
-0.00732422,88
-0.00549316,88
-0.00396729,88
-0.00274658,88
-0.00152588,88
-0.000305176,88
0.000915527,88
0.00244141,88
0.00396729,88
0.00488281,88
0.00549316,88
0.00640869,88
0.00701904,88
0.00762939,88
0.00823975,88
0.0088501,88
0.00946045,88
0.00976563,88
0.010376,88
0.0109863,88
0.0115967,88
0.0128174,88
0.0140381,88
0.015564,88
0.0167847,88
0.0183105,88
0.0204468,88
0.022583,88
0.0253296,88
0.027771,88
0.0299072,88
0.0317383,88
0.0341797,88
0.0366211,88
0.0393677,88
0.0424194,88
0.045166,88
0.0476074,88
0.050354,88
0.0527954,88
0.055542,88
0.0579834,88
0.0601196,88
0.0622559,88
0.0637817,88
0.0653076,88
0.0665283,88
0.067749,88
0.0689697,88
0.0704956,88
0.0720215,88
0.0738525,88
0.0756836,88
0.0775146,88
0.0796509,88
0.0817871,88
0.0842285,88
0.0863647,88
0.088501,88
0.0906372,88
0.0927734,88
0.0946045,88
0.0967407,88
0.0985718,88
0.100403,88
0.101929,88
0.103149,88
0.10437,88
0.10498,88
0.105896,88
0.106506,88
0.107117,88
0.107727,88
0.108032,88
0.108643,88
0.108948,88
0.109253,88
0.109558,88
0.109558,88
0.109863,88
0.110474,88
0.111084,88
0.111389,88
0.112305,88
0.11322,88
0.114441,88
0.115967,88
0.117493,88
0.118713,88
0.119324,88
0.119324,88
0.118713,88
0.117798,88
0.116577,88
0.115356,88
0.113831,88
0.111694,88
0.109558,88
0.106812,88
0.103455,88
0.0994873,88
0.0949097,88
0.0897217,88
0.0845337,88
0.0790405,88
0.0732422,88
0.0680542,88
0.062561,88
0.0570679,88
0.0512695,88
0.045166,88
0.0390625,88
0.0332642,88
0.0274658,88
0.0222778,88
0.0170898,88
0.012207,88
0.00762939,88
0.00305176,88
-0.00152588,88
-0.00579834,88
-0.0100708,88
-0.0143433,88
-0.0186157,88
-0.022583,88
-0.0268555,88
-0.0305176,88
-0.0344849,88
-0.0384521,88
-0.0424194,88
-0.0460815,88
-0.0494385,88
-0.0527954,88
-0.0558472,88
-0.0588989,88
-0.0619507,88
-0.0646973,88
-0.067749,88
-0.0704956,88
-0.0732422,88
-0.0759888,88
-0.0787354,88
-0.0814819,88
-0.0842285,88
-0.0869751,88
-0.0897217,88
-0.0921631,88
-0.0946045,88
-0.0964355,88
-0.0979614,88
-0.0991821,88
-0.100708,88
-0.102234,88
-0.104065,88
-0.105896,88
-0.108032,88
-0.109558,88
-0.110779,88
-0.111389,88
-0.111694,88
-0.111389,88
-0.111084,88
-0.110474,88
-0.109863,88
-0.109253,88
-0.108643,88
-0.108032,88
-0.107117,88
-0.105896,88
-0.104675,88
-0.10376,88
-0.102844,88
-0.101929,88
-0.101013,88
-0.0997925,88
-0.0985718,88
-0.0973511,88
-0.0964355,88
-0.0961304,88
-0.0967407,88
-0.0979614,88
-0.0997925,88
-0.101624,88
-0.10376,88
-0.105591,88
-0.107422,88
-0.108948,88
-0.110474,88
-0.111694,88
-0.11261,88
-0.113831,88
-0.114746,88
-0.115356,88
-0.115967,88
-0.115967,88
-0.115967,88
-0.115662,88
-0.114441,88
-0.112915,88
-0.110779,88
-0.108337,88
-0.105591,88
-0.102844,88
-0.100708,88
-0.0991821,88
-0.0979614,88
-0.0973511,88
-0.0970459,88
-0.0967407,88
-0.0964355,88
-0.0964355,88
-0.0964355,88
-0.0964355,88
-0.0970459,88
-0.0976563,88
-0.098877,88
-0.100403,88
-0.101624,88
-0.102539,88
-0.103455,88
-0.103455,88
-0.103455,88
-0.102844,88
-0.102234,88
-0.101318,88
-0.100403,88
-0.0994873,88
-0.0979614,88
-0.0967407,88
-0.0949097,88
-0.0933838,88
-0.0915527,88
-0.0900269,88
-0.088501,88
-0.0872803,88
-0.0866699,88
-0.0863647,88
-0.0860596,88
-0.0857544,88
-0.0854492,88
-0.0857544,88
-0.0860596,88
-0.0866699,88
-0.0875854,88
-0.088501,88
-0.0891113,88
-0.0894165,88
-0.0894165,88
-0.0891113,88
-0.0888062,88
-0.0881958,88
-0.0875854,88
-0.0869751,88
-0.0866699,88
-0.0860596,88
-0.085144,88
-0.0839233,88
-0.0827026,88
-0.0811768,88
-0.0793457,88
-0.0775146,88
-0.0753784,88
-0.0732422,88
-0.0714111,88
-0.0695801,88
-0.0680542,88
-0.0671387,88
-0.0668335,88
-0.0671387,88
-0.067749,88
-0.0686646,88
-0.0695801,88
-0.0708008,88
-0.0717163,88
-0.0726318,88
-0.0735474,88
-0.0741577,88
-0.0747681,88
-0.0756836,88
-0.0765991,88
-0.0778198,88
-0.0790405,88
-0.0802612,88
-0.0811768,88
-0.0817871,88
-0.0820923,88
-0.0820923,88
-0.0820923,88
-0.0814819,88
-0.0805664,88
-0.0793457,88
-0.0778198,88
-0.0756836,88
-0.0738525,88
-0.0720215,88
-0.0704956,88
-0.0692749,88
-0.0686646,88
-0.0680542,88
-0.0674438,88
-0.0665283,88
-0.0656128,88
-0.0646973,88
-0.0637817,88
-0.0631714,88
-0.062561,88
-0.0622559,88
-0.0622559,88
-0.0622559,88
-0.062561,88
-0.0628662,88
-0.0634766,88
-0.0640869,88
-0.0650024,88
-0.0656128,88
-0.0662231,88
-0.0665283,88
-0.0665283,88
-0.0662231,88
-0.0656128,88
-0.0643921,88
-0.0631714,88
-0.0619507,88
-0.0613403,88
-0.0610352,88
-0.0613403,88
-0.0613403,88
-0.0610352,88
-0.0601196,88
-0.0588989,88
-0.0579834,88
-0.0570679,88
-0.0567627,88
-0.0570679,88
-0.0576782,88
-0.0588989,88
-0.0604248,88
-0.0619507,88
-0.0634766,88
-0.0646973,88
-0.0662231,88
-0.0674438,88
-0.0686646,88
-0.0698853,88
-0.071106,88
-0.0723267,88
-0.0732422,88
-0.0738525,88
-0.0741577,88
-0.0744629,88
-0.0744629,88
-0.0741577,88
-0.0738525,88
-0.0735474,88
-0.0732422,88
-0.0726318,88
-0.0723267,88
-0.0723267,88
-0.0723267,88
-0.0726318,88
-0.0732422,88
-0.0741577,88
-0.0750732,88
-0.0759888,88
-0.0772095,88
-0.0784302,88
-0.0796509,88
-0.0808716,88
-0.0820923,88
-0.083313,88
-0.0839233,88
-0.0842285,88
-0.0842285,88
-0.0839233,88
-0.0836182,88
-0.0836182,88
-0.083313,88
-0.0830078,88
-0.0823975,88
-0.0820923,88
-0.0814819,88
-0.0808716,88
-0.0805664,88
-0.0799561,88
-0.0796509,88
-0.0790405,88
-0.0784302,88
-0.0778198,88
-0.0772095,88
-0.0765991,88
-0.0759888,88
-0.0753784,88
-0.0744629,88
-0.0735474,88
-0.0726318,88
-0.0720215,88
-0.0720215,88
-0.0723267,88
-0.0726318,88
-0.072937,88
-0.0726318,88
-0.0720215,88
-0.0704956,88
-0.0692749,88
-0.0683594,88
-0.0680542,88
-0.0683594,88
-0.0695801,88
-0.0704956,88
-0.0714111,88
-0.0723267,88
-0.072937,88
-0.0738525,88
-0.0747681,88
-0.0756836,88
-0.0765991,88
-0.0775146,88
-0.078125,88
-0.0790405,88
-0.0796509,88
-0.0802612,88
-0.0808716,88
-0.0814819,88
-0.0814819,88
-0.0811768,88
-0.0805664,88
-0.0793457,88
-0.078125,88
-0.0765991,88
-0.0747681,88
-0.0726318,88
-0.0701904,88
-0.0674438,88
-0.0640869,88
-0.0604248,88
-0.0567627,88
-0.0524902,88
-0.0482178,88
-0.0436401,88
-0.0390625,88
-0.03479,88
-0.0305176,88
-0.0259399,88
-0.0213623,88
-0.0164795,88
-0.0115967,88
-0.00671387,88
-0.00183105,88
0.00244141,88
0.00671387,88
0.0109863,88
0.0149536,88
0.0186157,88
0.022583,88
0.0259399,88
0.0296021,88
0.0332642,88
0.0369263,88
0.0402832,88
0.0439453,88
0.0473022,88
0.0506592,88
0.0534058,88
0.0558472,88
0.0570679,88
0.0576782,88
0.0576782,88
0.0570679,88
0.0564575,88
0.0558472,88
0.0549316,88
0.0534058,88
0.0512695,88
0.0482178,88
0.0442505,88
0.0393677,88
0.0344849,88
0.0296021,88
0.0244141,88
0.0195313,88
0.0146484,88
0.00976563,88
0.00518799,88
0.000305176,88
-0.00457764,88
-0.00946045,88
-0.0137329,88
-0.0180054,88
-0.0213623,88
-0.0247192,88
-0.0274658,88
-0.0296021,88
-0.0314331,88
-0.0323486,88
-0.0332642,88
-0.0338745,88
-0.03479,88
-0.0360107,88
-0.0372314,88
-0.0384521,88
-0.039978,88
-0.0415039,88
-0.0430298,88
-0.0448608,88
-0.0469971,88
-0.0488281,88
-0.0512695,88
-0.0540161,88
-0.0567627,88
-0.0598145,88
-0.0628662,88
-0.0662231,88
-0.0692749,88
-0.0723267,88
-0.0756836,88
-0.0784302,88
-0.0808716,88
-0.0827026,88
-0.0842285,88
-0.0854492,88
-0.0863647,88
-0.0869751,88
-0.0872803,88
-0.0872803,88
-0.0869751,88
-0.0863647,88
-0.085144,88
-0.0836182,88
-0.0817871,88
-0.0799561,88
-0.078125,88
-0.0769043,88
-0.0756836,88
-0.0750732,88
-0.0747681,88
-0.0744629,88
-0.0744629,88
-0.0747681,88
-0.0753784,88
-0.0762939,88
-0.0775146,88
-0.0790405,88
-0.0805664,88
-0.0823975,88
-0.0842285,88
-0.0857544,88
-0.0872803,88
-0.088501,88
-0.0897217,88
-0.0906372,88
-0.0912476,88
-0.0918579,88
-0.0924683,88
-0.0927734,88
-0.0927734,88
-0.0927734,88
-0.0921631,88
-0.0915527,88
-0.0900269,88
-0.088501,88
-0.0863647,88
-0.0842285,88
-0.0817871,88
-0.0790405,88
-0.0759888,88
-0.0723267,88
-0.0686646,88
-0.0643921,88
-0.0598145,88
-0.0546265,88
-0.0485229,88
-0.0411987,88
-0.0326538,88
-0.022583,88
-0.0112915,88
0.00152588,88
0.0158691,88
0.0317383,88
0.0497437,88
0.0695801,88
0.0915527,88
0.115662,88
0.141602,88
0.169678,88
0.19928,88
0.230713,88
0.263977,88
0.297852,88
0.332031,88
0.365601,88
0.397644,88
0.426941,88
0.452881,88
0.473938,88
0.489807,88
0.499268,88
0.502319,88
0.498962,88
0.489502,88
0.473938,88
0.452576,88
0.42572,88
0.393677,88
0.357056,88
0.316467,88
0.272522,88
0.226135,80
0.178223,80
0.130005,80
0.0830078,80
0.038147,80
-0.00335693,80
-0.0405884,80
-0.0726318,80
-0.0997925,80
-0.121155,80
-0.136719,80
-0.146484,80
-0.150757,80
-0.149841,80
-0.144958,80
-0.136414,80
-0.125732,80
-0.11322,80
-0.0991821,80
-0.0848389,80
-0.0701904,80
-0.0558472,80
-0.0421143,80
-0.0296021,80
-0.0186157,80
-0.0088501,80
-0.000915527,80
0.00518799,80
0.00946045,80
0.0115967,80
0.0125122,80
0.0119019,80
0.0106812,80
0.00915527,80
0.00793457,80
0.00671387,80
0.00549316,80
0.00427246,80
0.00305176,80
0.00152588,80
0.000305176,80
-0.0012207,80
-0.00244141,80
-0.00335693,80
-0.00427246,80
-0.00518799,80
-0.00640869,80
-0.00732422,80
-0.00823975,80
-0.00915527,80
-0.00976563,80
-0.0100708,80
-0.010376,80
-0.010376,80
-0.010376,80
-0.00976563,80
-0.0088501,80
-0.00732422,80
-0.00579834,80
-0.00396729,80
-0.00183105,80
0,80
0.00183105,80
0.00335693,80
0.00427246,80
0.00488281,80
0.00549316,80
0.00610352,80
0.00671387,80
0.00732422,80
0.00762939,80
0.00762939,80
0.00762939,80
0.00732422,80
0.00640869,80
0.00549316,80
0.00427246,80
0.00335693,80
0.00244141,80
0.00183105,80
0.00152588,80
0.00183105,80
0.00244141,80
0.00305176,80
0.00366211,80
0.00488281,80
0.00610352,80
0.00762939,80
0.00976563,80
0.0119019,80
0.0143433,80
0.0167847,80
0.0195313,80
0.0219727,80
0.0241089,80
0.0262451,80
0.0280762,80
0.0299072,80
0.0317383,80
0.0332642,80
0.03479,80
0.0360107,80
0.0369263,80
0.0375366,80
0.0378418,80
0.038147,80
0.0387573,80
0.0393677,80
0.0396729,80
0.0396729,80
0.039978,80
0.039978,80
0.039978,80
0.0402832,80
0.0402832,80
0.0402832,80
0.039978,80
0.039978,80
0.0396729,80
0.0396729,80
0.0396729,80
0.039978,80
0.0405884,80
0.0415039,80
0.0427246,80
0.0442505,80
0.0457764,80
0.0473022,80
0.0491333,80
0.0509644,80
0.0531006,80
0.055542,80
0.0579834,80
0.0604248,80
0.0628662,80
0.0653076,80
0.067749,80
0.0698853,80
0.0717163,80
0.0735474,80
0.0750732,80
0.0765991,80
0.0778198,80
0.0787354,80
0.0796509,80
0.0805664,80
0.0814819,80
0.0820923,80
0.0827026,80
0.0830078,80
0.0836182,80
0.0839233,80
0.0842285,80
0.085144,80
0.0857544,80
0.0866699,80
0.0875854,80
0.0888062,80
0.0900269,80
0.0915527,80
0.0930786,80
0.0952148,80
0.0973511,80
0.100098,80
0.102539,80
0.105286,80
0.107727,80
0.110168,80
0.112305,80
0.114746,80
0.117188,80
0.119934,80
0.122681,80
0.125732,80
0.128784,80
0.131836,80
0.134583,80
0.137329,80
0.139771,80
0.142517,80
0.144958,80
0.14801,80
0.150757,80
0.153809,80
0.155945,80
0.157776,80
0.158997,80
0.159912,80
0.160522,80
0.161743,80
0.162659,80
0.163879,80
0.1651,80
0.166016,80
0.166931,80
0.167542,80
0.168457,80
0.169373,80
0.170288,80
0.171509,80
0.173035,80
0.174561,80
0.176392,80
0.178528,80
0.180664,80
0.183411,80
0.186157,80
0.189209,80
0.192566,80
0.196228,80
0.200195,80
0.204163,80
0.207214,80
0.209656,80
0.211792,80
0.213318,80
0.214539,80
0.215759,80
0.216675,80
0.217285,80
0.21759,80
0.217896,80
0.218201,80
0.218506,80
0.219116,80
0.219421,80
0.219421,80
0.219116,80
0.218201,80
0.217285,80
0.216064,80
0.215149,80
0.213928,80
0.212708,80
0.211792,80
0.210571,80
0.209656,80
0.208435,80
0.207214,80
0.205994,80
0.204468,80
0.202637,80
0.2005,80
0.198059,80
0.195618,80
0.192566,80
0.189819,80
0.186462,80
0.183411,80
0.179749,80
0.176086,80
0.172119,80
0.168457,80
0.1651,80
0.161438,80
0.157776,80
0.153503,80
0.148315,80
0.142517,80
0.136414,80
0.13031,80
0.123901,80
0.117798,80
0.112,80
0.106506,80
0.100708,80
0.0952148,80
0.0897217,80
0.0842285,80
0.0790405,80
0.0741577,80
0.0695801,80
0.0653076,80
0.0613403,80
0.0576782,80
0.0546265,80
0.0518799,80
0.0491333,80
0.0469971,80
0.045166,80
0.0436401,80
0.0424194,80
0.0415039,80
0.0405884,80
0.0393677,80
0.0384521,80
0.0372314,80
0.0360107,80
0.03479,80
0.0335693,80
0.0320435,80
0.0305176,80
0.0289917,80
0.027771,80
0.0265503,80
0.0259399,80
0.0253296,80
0.0250244,80
0.0247192,80
0.0244141,80
0.0241089,80
0.0238037,80
0.0228882,80
0.0216675,80
0.0204468,80
0.0192261,80
0.0180054,80
0.0170898,80
0.0164795,80
0.0161743,80
0.0158691,80
0.015564,80
0.0152588,80
0.0149536,80
0.0143433,80
0.0140381,80
0.0137329,80
0.0140381,80
0.0143433,80
0.0143433,80
0.0146484,80
0.0146484,80
0.0149536,80
0.015564,80
0.0170898,80
0.0186157,80
0.020752,80
0.022583,80
0.0241089,80
0.0250244,80
0.0253296,80
0.0250244,80
0.0247192,80
0.0238037,80
0.0228882,80
0.0216675,80
0.0201416,80
0.0189209,80
0.0180054,80
0.0167847,80
0.0152588,80
0.0137329,80
0.0119019,80
0.010376,80
0.0088501,80
0.00793457,80
0.00701904,80
0.00640869,80
0.00640869,80
0.00671387,80
0.00732422,80
0.00823975,80
0.00976563,80
0.0112915,80
0.0134277,80
0.0152588,80
0.0167847,80
0.0183105,80
0.0195313,80
0.020752,80
0.0219727,80
0.0234985,80
0.0253296,80
0.0268555,80
0.0280762,80
0.0292969,80
0.0302124,80
0.0311279,80
0.0320435,80
0.0326538,80
0.0332642,80
0.0332642,80
0.032959,80
0.0326538,80
0.032959,80
0.0335693,80
0.0341797,80
0.0350952,80
0.0357056,80
0.0360107,80
0.0363159,80
0.0366211,80
0.0369263,80
0.0369263,80
0.0369263,80
0.0372314,80
0.0375366,80
0.0378418,80
0.0384521,80
0.0393677,80
0.0405884,80
0.0415039,80
0.0424194,80
0.043335,80
0.0442505,80
0.0454712,80
0.0466919,80
0.0482178,80
0.0497437,80
0.0509644,80
0.0518799,80
0.0524902,80
0.0531006,80
0.0534058,80
0.0540161,80
0.0543213,80
0.0549316,80
0.0552368,80
0.0552368,80
0.0552368,80
0.0549316,80
0.0543213,80
0.0540161,80
0.0537109,80
0.0537109,80
0.0540161,80
0.0546265,80
0.0552368,80
0.0558472,80
0.0567627,80
0.0579834,80
0.0592041,80
0.06073,80
0.0622559,80
0.0637817,80
0.0653076,80
0.0668335,80
0.0683594,80
0.0695801,80
0.071106,80
0.0726318,80
0.0738525,80
0.0753784,80
0.0762939,80
0.0765991,80
0.0765991,80
0.0765991,80
0.0762939,80
0.0762939,80
0.0762939,80
0.0762939,80
0.0759888,80
0.0753784,80
0.0750732,80
0.0744629,80
0.0738525,80
0.0735474,80
0.0735474,80
0.0735474,80
0.0738525,80
0.0738525,80
0.0738525,80
0.0735474,80
0.0732422,80
0.072937,80
0.0723267,80
0.0720215,80
0.0714111,80
0.0708008,80
0.0704956,80
0.0704956,80
0.0701904,80
0.0698853,80
0.0698853,80
0.0695801,80
0.0695801,80
0.0692749,80
0.0689697,80
0.0683594,80
0.067749,80
0.0674438,80
0.0671387,80
0.0674438,80
0.0680542,80
0.0689697,80
0.0701904,80
0.071106,80
0.0720215,80
0.0723267,80
0.0723267,80
0.0723267,80
0.0720215,80
0.0717163,80
0.071106,80
0.0704956,80
0.0695801,80
0.0683594,80
0.0665283,80
0.0650024,80
0.0631714,80
0.0616455,80
0.0601196,80
0.0585938,80
0.0570679,80
0.0552368,80
0.0534058,80
0.0518799,80
0.0506592,80
0.0494385,80
0.0488281,80
0.0488281,80
0.0491333,80
0.0494385,80
0.0497437,80
0.050354,80
0.0512695,80
0.0518799,80
0.0531006,80
0.0540161,80
0.0549316,80
0.0558472,80
0.0570679,80
0.0579834,80
0.0588989,80
0.0598145,80
0.0604248,80
0.06073,80
0.0604248,80
0.0601196,80
0.0595093,80
0.0592041,80
0.0585938,80
0.0579834,80
0.057373,80
0.0564575,80
0.055542,80
0.0546265,80
0.0537109,80
0.0527954,80
0.0521851,80
0.0515747,80
0.0506592,80
0.050354,80
0.0497437,80
0.0494385,80
0.0488281,80
0.0485229,80
0.0482178,80
0.0479126,80
0.0476074,80
0.0476074,80
0.0476074,80
0.0482178,80
0.0488281,80
0.0497437,80
0.0509644,80
0.0518799,80
0.0527954,80
0.0534058,80
0.0537109,80
0.0543213,80
0.0549316,80
0.055542,80
0.0558472,80
0.0564575,80
0.0567627,80
0.0570679,80
0.0570679,80
0.057373,80
0.0576782,80
0.0579834,80
0.0582886,80
0.0588989,80
0.0595093,80
0.0601196,80
0.0604248,80
0.06073,80
0.06073,80
0.0604248,80
0.0601196,80
0.0601196,80
0.0601196,80
0.0604248,80
0.0604248,80
0.0604248,80
0.0601196,80
0.0598145,80
0.0598145,80
0.0598145,80
0.0598145,80
0.0598145,80
0.0601196,80
0.0604248,80
0.0610352,80
0.0619507,80
0.0628662,80
0.0640869,80
0.0653076,80
0.0668335,80
0.0689697,80
0.0714111,80
0.0744629,80
0.0778198,80
0.0817871,80
0.0860596,80
0.0906372,80
0.09552,80
0.100708,80
0.105896,80
0.111389,80
0.116577,80
0.12146,80
0.126038,80
0.1297,80
0.133057,80
0.135803,80
0.138245,80
0.140076,80
0.141907,80
0.143433,80
0.144958,80
0.14679,80
0.14801,80
0.148926,80
0.149536,80
0.149536,80
0.149536,80
0.149231,80
0.149231,80
0.149536,80
0.149536,80
0.150146,80
0.150757,80
0.151367,80
0.152283,80
0.153198,80
0.154419,80
0.15564,80
0.15686,80
0.157471,80
0.157776,80
0.157471,80
0.156555,80
0.155029,80
0.153198,80
0.151062,80
0.148315,80
0.145569,80
0.141907,80
0.137939,80
0.133362,80
0.128174,80
0.122681,80
0.117188,80
0.111694,80
0.106201,80
0.100708,80
0.09552,80
0.0906372,80
0.0860596,80
0.0823975,80
0.0790405,80
0.0762939,80
0.0741577,80
0.0720215,80
0.0701904,80
0.0683594,80
0.0668335,80
0.0653076,80
0.0640869,80
0.0631714,80
0.062561,80
0.0622559,80
0.0619507,80
0.0616455,80
0.0610352,80
0.0601196,80
0.0592041,80
0.0576782,80
0.055542,80
0.0531006,80
0.0500488,80
0.0469971,80
0.0436401,80
0.0405884,80
0.0375366,80
0.03479,80
0.0323486,80
0.0305176,80
0.0289917,80
0.027771,80
0.0265503,80
0.0256348,80
0.0244141,80
0.0231934,80
0.0219727,80
0.0210571,80
0.0204468,80
0.020752,80
0.0210571,80
0.0219727,80
0.0228882,80
0.0241089,80
0.0253296,80
0.0268555,80
0.0280762,80
0.0289917,80
0.0292969,80
0.0289917,80
0.0286865,80
0.0280762,80
0.0271606,80
0.0265503,80
0.0256348,80
0.0250244,80
0.0244141,80
0.0234985,80
0.022583,80
0.0216675,80
0.0204468,80
0.0192261,80
0.0180054,80
0.0164795,80
0.0152588,80
0.0137329,80
0.0125122,80
0.0119019,80
0.0112915,80
0.0109863,80
0.0109863,80
0.0112915,80
0.0119019,80
0.0128174,80
0.0143433,80
0.0167847,80
0.0198364,80
0.0234985,80
0.027771,80
0.032959,80
0.0384521,80
0.0445557,80
0.0521851,80
0.0610352,80
0.0714111,80
0.0839233,80
0.0979614,80
0.114441,80
0.133057,80
0.153809,80
0.176697,80
0.201721,80
0.228882,80
0.257874,80
0.288391,80
0.321045,80
0.354614,80
0.389099,80
0.423584,80
0.457153,80
0.489197,80
0.518494,80
0.543823,80
0.56427,80
0.578918,80
0.586548,80
0.587463,80
0.58136,80
0.568848,80
0.549622,80
0.524292,80
0.493469,80
0.457458,80
0.41687,80
0.372314,80
0.325012,78
0.275879,78
0.225525,78
0.175171,78
0.126038,78
0.0799561,78
0.0372314,78
-0.000610352,78
-0.032959,78
-0.0598145,78
-0.0805664,78
-0.0952148,78
-0.104065,78
-0.107117,78
-0.105591,78
-0.0991821,78
-0.0894165,78
-0.0765991,78
-0.0616455,78
-0.0457764,78
-0.0292969,78
-0.0128174,78
0.00305176,78
0.0177002,78
0.0311279,78
0.0424194,78
0.0518799,78
0.0588989,78
0.0637817,78
0.0662231,78
0.0671387,78
0.065918,78
0.0634766,78
0.0601196,78
0.0558472,78
0.0515747,78
0.0473022,78
0.043335,78
0.0396729,78
0.0360107,78
0.0326538,78
0.0292969,78
0.0262451,78
0.0228882,78
0.0201416,78
0.0177002,78
0.0158691,78
0.0146484,78
0.0143433,78
0.0146484,78
0.0152588,78
0.0161743,78
0.0170898,78
0.0180054,78
0.0189209,78
0.0195313,78
0.0201416,78
0.020752,78
0.0213623,78
0.0216675,78
0.0222778,78
0.022583,78
0.0234985,78
0.0244141,78
0.0253296,78
0.0259399,78
0.0259399,78
0.0256348,78
0.0250244,78
0.0241089,78
0.0231934,78
0.0222778,78
0.0216675,78
0.0216675,78
0.0216675,78
0.0216675,78
0.0219727,78
0.0222778,78
0.0222778,78
0.0228882,78
0.0234985,78
0.0241089,78
0.0250244,78
0.0259399,78
0.0271606,78
0.0283813,78
0.0299072,78
0.0314331,78
0.0326538,78
0.0332642,78
0.0335693,78
0.0338745,78
0.0341797,78
0.0344849,78
0.03479,78
0.0354004,78
0.0354004,78
0.0354004,78
0.0354004,78
0.0350952,78
0.0344849,78
0.0338745,78
0.032959,78
0.0317383,78
0.0305176,78
0.0296021,78
0.0286865,78
0.027771,78
0.0271606,78
0.0265503,78
0.0262451,78
0.0256348,78
0.0253296,78
0.0247192,78
0.0241089,78
0.0238037,78
0.0234985,78
0.0238037,78
0.0241089,78
0.0247192,78
0.0256348,78
0.0268555,78
0.0280762,78
0.0296021,78
0.0311279,78
0.0326538,78
0.0344849,78
0.0363159,78
0.0387573,78
0.0411987,78
0.0436401,78
0.0463867,78
0.0491333,78
0.0518799,78
0.0543213,78
0.0567627,78
0.0588989,78
0.0610352,78
0.0634766,78
0.0656128,78
0.0674438,78
0.0692749,78
0.0704956,78
0.0720215,78
0.0732422,78
0.0747681,78
0.0756836,78
0.0762939,78
0.0765991,78
0.0765991,78
0.0765991,78
0.0765991,78
0.0765991,78
0.0765991,78
0.0762939,78
0.0756836,78
0.0747681,78
0.0738525,78
0.0735474,78
0.072937,78
0.072937,78
0.0732422,78
0.0738525,78
0.0747681,78
0.0756836,78
0.0765991,78
0.0775146,78
0.0787354,78
0.0799561,78
0.0811768,78
0.0827026,78
0.0839233,78
0.0854492,78
0.0872803,78
0.0894165,78
0.0915527,78
0.0939941,78
0.0958252,78
0.0979614,78
0.0994873,78
0.100708,78
0.101929,78
0.102844,78
0.103455,78
0.10437,78
0.10498,78
0.105896,78
0.106812,78
0.108032,78
0.109253,78
0.110474,78
0.112305,78
0.114136,78
0.115967,78
0.117798,78
0.119629,78
0.121155,78
0.122986,78
0.125122,78
0.126953,78
0.129395,78
0.131836,78
0.133972,78
0.136108,78
0.138245,78
0.140381,78
0.142822,78
0.144958,78
0.1474,78
0.149536,78
0.151672,78
0.153503,78
0.155029,78
0.15625,78
0.15686,78
0.15686,78
0.156555,78
0.15625,78
0.155945,78
0.155334,78
0.154419,78
0.153503,78
0.152588,78
0.151978,78
0.151062,78
0.150452,78
0.149841,78
0.149231,78
0.148315,78
0.147705,78
0.146484,78
0.145569,78
0.144348,78
0.143127,78
0.141907,78
0.140991,78
0.139771,78
0.138855,78
0.137634,78
0.136414,78
0.134888,78
0.133362,78
0.131531,78
0.129395,78
0.126343,78
0.122375,78
0.117798,78
0.11261,78
0.107422,78
0.101929,78
0.0967407,78
0.0918579,78
0.0869751,78
0.0820923,78
0.0769043,78
0.0717163,78
0.065918,78
0.0595093,78
0.0527954,78
0.0460815,78
0.0396729,78
0.032959,78
0.0265503,78
0.0201416,78
0.0140381,78
0.00823975,78
0.00244141,78
-0.00305176,78
-0.00823975,78
-0.0131226,78
-0.0177002,78
-0.0222778,78
-0.0265503,78
-0.0308228,78
-0.03479,78
-0.0387573,78
-0.0427246,78
-0.0463867,78
-0.0500488,78
-0.0534058,78
-0.0561523,78
-0.0585938,78
-0.06073,78
-0.062561,78
-0.0643921,78
-0.0665283,78
-0.0689697,78
-0.0714111,78
-0.0741577,78
-0.0772095,78
-0.0799561,78
-0.0830078,78
-0.0860596,78
-0.0891113,78
-0.0921631,78
-0.0949097,78
-0.0979614,78
-0.100403,78
-0.102844,78
-0.105286,78
-0.107422,78
-0.109253,78
-0.111084,78
-0.112915,78
-0.114136,78
-0.115356,78
-0.116272,78
-0.117188,78
-0.117188,78
-0.117188,78
-0.116882,78
-0.116272,78
-0.115662,78
-0.115051,78
-0.114746,78
-0.114746,78
-0.114746,78
-0.114441,78
-0.114136,78
-0.113525,78
-0.11261,78
-0.111389,78
-0.110168,78
-0.109253,78
-0.108948,78
-0.109558,78
-0.110779,78
-0.11261,78
-0.114746,78
-0.116882,78
-0.118713,78
-0.119934,78
-0.12085,78
-0.12146,78
-0.12207,78
-0.122681,78
-0.123596,78
-0.124817,78
-0.126343,78
-0.127869,78
-0.129395,78
-0.130615,78
-0.131531,78
-0.132446,78
-0.132751,78
-0.132751,78
-0.132751,78
-0.132446,78
-0.131836,78
-0.131531,78
-0.130615,78
-0.1297,78
-0.128784,78
-0.127869,78
-0.126953,78
-0.126038,78
-0.125427,78
-0.124817,78
-0.124512,78
-0.124512,78
-0.124817,78
-0.125122,78
-0.125427,78
-0.126038,78
-0.126343,78
-0.126648,78
-0.126953,78
-0.127258,78
-0.127258,78
-0.127563,78
-0.127869,78
-0.128174,78
-0.128784,78
-0.129395,78
-0.130005,78
-0.130615,78
-0.131226,78
-0.131531,78
-0.131226,78
-0.13092,78
-0.13031,78
-0.1297,78
-0.129089,78
-0.128174,78
-0.127563,78
-0.126648,78
-0.125732,78
-0.125427,78
-0.124817,78
-0.124817,78
-0.124207,78
-0.123901,78
-0.122986,78
-0.12207,78
-0.12085,78
-0.119629,78
-0.118713,78
-0.118408,78
-0.118103,78
-0.118103,78
-0.118713,78
-0.119019,78
-0.119324,78
-0.119629,78
-0.119629,78
-0.119629,78
-0.119629,78
-0.119324,78
-0.119629,78
-0.119629,78
-0.120239,78
-0.120544,78
-0.12146,78
-0.12207,78
-0.122681,78
-0.123291,78
-0.123596,78
-0.123901,78
-0.123596,78
-0.123291,78
-0.122681,78
-0.12207,78
-0.12207,78
-0.12207,78
-0.122375,78
-0.122986,78
-0.123596,78
-0.124207,78
-0.124817,78
-0.125122,78
-0.125427,78
-0.125122,78
-0.124817,78
-0.124207,78
-0.123596,78
-0.122986,78
-0.122681,78
-0.122681,78
-0.122681,78
-0.122986,78
-0.123291,78
-0.123596,78
-0.123901,78
-0.124207,78
-0.124512,78
-0.124817,78
-0.125122,78
-0.125427,78
-0.125732,78
-0.126038,78
-0.126343,78
-0.126953,78
-0.127563,78
-0.128174,78
-0.129089,78
-0.129395,78
-0.130005,78
-0.130005,78
-0.130005,78
-0.1297,78
-0.129395,78
-0.128784,78
-0.127869,78
-0.126953,78
-0.126038,78
-0.125122,78
-0.124207,78
-0.123291,78
-0.12207,78
-0.121155,78
-0.119934,78
-0.119019,78
-0.117798,78
-0.116577,78
-0.115356,78
-0.114136,78
-0.11322,78
-0.112305,78
-0.111694,78
-0.111389,78
-0.111084,78
-0.111389,78
-0.111694,78
-0.112305,78
-0.112915,78
-0.113831,78
-0.114746,78
-0.115662,78
-0.116577,78
-0.117798,78
-0.119019,78
-0.120544,78
-0.122681,78
-0.125122,78
-0.127869,78
-0.130615,78
-0.133057,78
-0.135498,78
-0.137329,78
-0.138855,78
-0.140076,78
-0.140991,78
-0.141907,78
-0.142212,78
-0.142822,78
-0.143127,78
-0.142822,78
-0.142517,78
-0.141602,78
-0.140686,78
-0.139771,78
-0.138855,78
-0.137939,78
-0.137329,78
-0.137024,78
-0.136719,78
-0.136414,78
-0.136414,78
-0.136414,78
-0.136414,78
-0.136414,78
-0.137024,78
-0.137634,78
-0.13855,78
-0.139771,78
-0.140991,78
-0.142517,78
-0.144043,78
-0.145569,78
-0.146484,78
-0.147095,78
-0.1474,78
-0.147705,78
-0.147705,78
-0.14801,78
-0.148315,78
-0.148315,78
-0.148315,78
-0.148315,78
-0.147705,78
-0.1474,78
-0.146484,78
-0.145874,78
-0.144958,78
-0.144653,78
-0.144348,78
-0.144348,78
-0.144653,78
-0.145264,78
-0.145569,78
-0.145264,78
-0.144958,78
-0.144348,78
-0.143433,78
-0.142822,78
-0.141907,78
-0.140991,78
-0.140381,78
-0.139771,78
-0.139771,78
-0.140381,78
-0.141602,78
-0.142822,78
-0.143738,78
-0.144348,78
-0.144653,78
-0.144653,78
-0.144653,78
-0.144653,78
-0.144653,78
-0.144653,78
-0.144958,78
-0.145569,78
-0.146179,78
-0.14679,78
-0.1474,78
-0.1474,78
-0.147095,78
-0.146179,78
-0.145264,78
-0.144043,78
-0.143127,78
-0.142517,78
-0.141602,78
-0.140991,78
-0.139771,78
-0.13855,78
-0.137024,78
-0.135498,78
-0.133972,78
-0.132446,78
-0.13092,78
-0.130005,78
-0.129395,78
-0.128784,78
-0.128174,78
-0.127563,78
-0.126648,78
-0.125427,78
-0.123901,78
-0.12207,78
-0.119629,78
-0.117188,78
-0.114441,78
-0.111694,78
-0.108948,78
-0.105896,78
-0.102539,78
-0.0991821,78
-0.0958252,78
-0.0921631,78
-0.088501,78
-0.085144,78
-0.0817871,78
-0.0790405,78
-0.0762939,78
-0.0735474,78
-0.0714111,78
-0.0689697,78
-0.0665283,78
-0.0637817,78
-0.0610352,78
-0.0585938,78
-0.0558472,78
-0.0534058,78
-0.0512695,78
-0.0497437,78
-0.0485229,78
-0.0482178,78
-0.0479126,78
-0.0482178,78
-0.0485229,78
-0.0485229,78
-0.0485229,78
-0.0485229,78
-0.0485229,78
-0.0488281,78
-0.0491333,78
-0.0497437,78
-0.0506592,78
-0.0515747,78
-0.0531006,78
-0.0546265,78
-0.0564575,78
-0.0582886,78
-0.0601196,78
-0.0619507,78
-0.0637817,78
-0.0656128,78
-0.067749,78
-0.0698853,78
-0.0720215,78
-0.0744629,78
-0.0775146,78
-0.0805664,78
-0.0836182,78
-0.0869751,78
-0.0900269,78
-0.0927734,78
-0.0952148,78
-0.0973511,78
-0.098877,78
-0.100708,78
-0.102539,78
-0.104675,78
-0.106812,78
-0.109253,78
-0.111694,78
-0.113831,78
-0.115662,78
-0.117493,78
-0.119324,78
-0.12085,78
-0.122986,78
-0.125122,78
-0.127258,78
-0.1297,78
-0.132141,78
-0.134583,78
-0.137024,78
-0.139465,78
-0.141907,78
-0.144348,78
-0.147095,78
-0.150146,78
-0.152893,78
-0.15564,78
-0.158081,78
-0.160217,78
-0.161743,78
-0.162964,78
-0.163879,78
-0.16449,78
-0.164795,78
-0.16449,78
-0.164185,78
-0.163269,78
-0.162659,78
-0.162354,78
-0.162659,78
-0.162964,78
-0.163269,78
-0.163879,78
-0.164185,78
-0.164185,78
-0.163879,78
-0.163269,78
-0.162659,78
-0.162048,78
-0.161133,78
-0.160522,78
-0.159912,78
-0.159302,78
-0.158997,78
-0.158997,78
-0.158691,78
-0.158691,78
-0.158386,78
-0.157776,78
-0.15686,78
-0.155945,78
-0.154724,78
-0.153503,78
-0.152588,78
-0.151672,78
-0.151062,78
-0.150757,78
-0.150452,78
-0.150452,78
-0.150452,78
-0.150757,78
-0.150757,78
-0.151062,78
-0.151672,78
-0.152283,78
-0.152283,78
-0.151978,78
-0.151062,78
-0.149536,78
-0.147705,78
-0.145569,78
-0.142822,78
-0.139771,78
-0.135498,78
-0.130005,78
-0.122986,78
-0.114136,78
-0.103149,78
-0.0900269,78
-0.0753784,78
-0.0585938,78
-0.039978,78
-0.0192261,78
0.00335693,78
0.0283813,78
0.0552368,78
0.0842285,78
0.115051,78
0.14801,78
0.182495,78
0.21759,78
0.252075,78
0.285645,78
0.316772,78
0.345154,78
0.369568,78
0.389404,78
0.403442,78
0.411377,78
0.412598,78
0.407104,78
0.395203,78
0.377197,78
0.353394,78
0.323486,78
0.288391,78
0.248718,78
0.205078,78
0.158691,77
0.110168,77
0.06073,77
0.0112915,77
-0.0363159,77
-0.0814819,77
-0.122986,77
-0.160217,77
-0.191956,77
-0.218201,77
-0.238342,77
-0.252686,77
-0.260925,77
-0.263977,77
-0.261536,77
-0.254822,77
-0.244446,77
-0.231323,77
-0.216064,77
-0.19928,77
-0.18219,77
-0.164795,77
-0.14801,77
-0.132141,77
-0.118103,77
-0.105591,77
-0.0952148,77
-0.0869751,77
-0.0808716,77
-0.0769043,77
-0.0744629,77
-0.0738525,77
-0.0744629,77
-0.0762939,77
-0.0787354,77
-0.0820923,77
-0.0857544,77
-0.0894165,77
-0.0933838,77
-0.0970459,77
-0.100708,77
-0.10376,77
-0.106506,77
-0.108948,77
-0.110779,77
-0.112,77
-0.112915,77
-0.11322,77
-0.11322,77
-0.112915,77
-0.112305,77
-0.111389,77
-0.110474,77
-0.108948,77
-0.107422,77
-0.106201,77
-0.10498,77
-0.10376,77
-0.102539,77
-0.101624,77
-0.100403,77
-0.0994873,77
-0.0985718,77
-0.0979614,77
-0.0973511,77
-0.0973511,77
-0.0973511,77
-0.0976563,77
-0.0979614,77
-0.0982666,77
-0.0982666,77
-0.0979614,77
-0.0976563,77
-0.0973511,77
-0.0973511,77
-0.0973511,77
-0.0973511,77
-0.0973511,77
-0.0967407,77
-0.0961304,77
-0.0946045,77
-0.0930786,77
-0.0915527,77
-0.0900269,77
-0.088501,77
-0.0875854,77
-0.0872803,77
-0.0869751,77
-0.0866699,77
-0.0863647,77
-0.0857544,77
-0.085144,77
-0.0845337,77
-0.083313,77
-0.0820923,77
-0.0805664,77
-0.0790405,77
-0.0775146,77
-0.0759888,77
-0.0741577,77
-0.0720215,77
-0.0701904,77
-0.0683594,77
-0.0668335,77
-0.0656128,77
-0.0646973,77
-0.0637817,77
-0.0628662,77
-0.0613403,77
-0.0601196,77
-0.0588989,77
-0.057373,77
-0.0564575,77
-0.055542,77
-0.0549316,77
-0.0543213,77
-0.0540161,77
-0.0540161,77
-0.0537109,77
-0.0531006,77
-0.0524902,77
-0.0515747,77
-0.0506592,77
-0.0494385,77
-0.0482178,77
-0.0466919,77
-0.0454712,77
-0.0436401,77
-0.0421143,77
-0.0402832,77
-0.0384521,77
-0.0369263,77
-0.0354004,77
-0.0341797,77
-0.0332642,77
-0.0323486,77
-0.0320435,77
-0.0314331,77
-0.0305176,77
-0.0299072,77
-0.0286865,77
-0.027771,77
-0.0265503,77
-0.0253296,77
-0.0241089,77
-0.022583,77
-0.0210571,77
-0.0192261,77
-0.017395,77
-0.015564,77
-0.0140381,77
-0.0125122,77
-0.0106812,77
-0.00915527,77
-0.00732422,77
-0.00518799,77
-0.00274658,77
-0.000610352,77
0.0012207,77
0.00274658,77
0.00427246,77
0.00549316,77
0.00671387,77
0.00762939,77
0.0088501,77
0.00976563,77
0.0112915,77
0.0128174,77
0.0143433,77
0.0161743,77
0.0180054,77
0.0195313,77
0.0210571,77
0.0222778,77
0.0234985,77
0.0250244,77
0.0265503,77
0.0283813,77
0.0305176,77
0.032959,77
0.0357056,77
0.0387573,77
0.0415039,77
0.0442505,77
0.0460815,77
0.0476074,77
0.0485229,77
0.0494385,77
0.0506592,77
0.0521851,77
0.0543213,77
0.0567627,77
0.0595093,77
0.062561,77
0.0656128,77
0.0686646,77
0.071106,77
0.0732422,77
0.0753784,77
0.0775146,77
0.0796509,77
0.0823975,77
0.0854492,77
0.0888062,77
0.0921631,77
0.09552,77
0.098877,77
0.101929,77
0.104675,77
0.107117,77
0.109558,77
0.111694,77
0.113831,77
0.115967,77
0.117798,77
0.119934,77
0.121765,77
0.123596,77
0.124817,77
0.126038,77
0.126648,77
0.127258,77
0.127563,77
0.127869,77
0.128479,77
0.128784,77
0.129089,77
0.128784,77
0.127869,77
0.126953,77
0.125732,77
0.124817,77
0.123596,77
0.122681,77
0.12146,77
0.119934,77
0.118103,77
0.116272,77
0.114136,77
0.111694,77
0.109558,77
0.107117,77
0.10498,77
0.102844,77
0.100098,77
0.0970459,77
0.0933838,77
0.0891113,77
0.0845337,77
0.0799561,77
0.0750732,77
0.0704956,77
0.0656128,77
0.06073,77
0.055542,77
0.0500488,77
0.0445557,77
0.0390625,77
0.0335693,77
0.0280762,77
0.022583,77
0.0170898,77
0.0115967,77
0.00610352,77
0.000915527,77
-0.00396729,77
-0.0088501,77
-0.0134277,77
-0.0180054,77
-0.022583,77
-0.0271606,77
-0.0314331,77
-0.0354004,77
-0.0393677,77
-0.043335,77
-0.0469971,77
-0.0506592,77
-0.0546265,77
-0.0588989,77
-0.0628662,77
-0.0665283,77
-0.0698853,77
-0.0726318,77
-0.0747681,77
-0.0769043,77
-0.0787354,77
-0.0805664,77
-0.0827026,77
-0.0842285,77
-0.0857544,77
-0.0866699,77
-0.0872803,77
-0.0875854,77
-0.0875854,77
-0.0875854,77
-0.0872803,77
-0.0872803,77
-0.0872803,77
-0.0875854,77
-0.0878906,77
-0.0888062,77
-0.0897217,77
-0.0912476,77
-0.0927734,77
-0.0946045,77
-0.0961304,77
-0.0979614,77
-0.0997925,77
-0.101624,77
-0.103455,77
-0.105286,77
-0.106812,77
-0.108643,77
-0.110474,77
-0.111694,77
-0.112915,77
-0.113525,77
-0.114136,77
-0.114441,77
-0.114441,77
-0.114441,77
-0.114136,77
-0.113525,77
-0.112305,77
-0.111389,77
-0.110168,77
-0.109253,77
-0.108337,77
-0.107422,77
-0.106201,77
-0.105286,77
-0.104675,77
-0.104065,77
-0.104065,77
-0.104065,77
-0.10437,77
-0.104675,77
-0.104675,77
-0.10437,77
-0.104065,77
-0.10376,77
-0.104065,77
-0.104675,77
-0.105286,77
-0.106201,77
-0.107117,77
-0.107727,77
-0.108337,77
-0.108643,77
-0.108948,77
-0.108643,77
-0.108032,77
-0.107117,77
-0.105896,77
-0.104675,77
-0.10376,77
-0.103149,77
-0.102539,77
-0.101929,77
-0.101318,77
-0.100708,77
-0.100098,77
-0.0997925,77
-0.0994873,77
-0.098877,77
-0.0985718,77
-0.0976563,77
-0.0967407,77
-0.0958252,77
-0.0949097,77
-0.0939941,77
-0.0933838,77
-0.0930786,77
-0.0927734,77
-0.0924683,77
-0.0924683,77
-0.0924683,77
-0.0924683,77
-0.0924683,77
-0.0924683,77
-0.0921631,77
-0.0915527,77
-0.0909424,77
-0.0897217,77
-0.088501,77
-0.0875854,77
-0.0866699,77
-0.0857544,77
-0.0848389,77
-0.0839233,77
-0.0830078,77
-0.0817871,77
-0.0808716,77
-0.0796509,77
-0.0784302,77
-0.0772095,77
-0.0759888,77
-0.0750732,77
-0.0741577,77
-0.0735474,77
-0.0726318,77
-0.0720215,77
-0.0714111,77
-0.0708008,77
-0.0698853,77
-0.0692749,77
-0.0686646,77
-0.0680542,77
-0.0674438,77
-0.0668335,77
-0.065918,77
-0.0650024,77
-0.0643921,77
-0.0637817,77
-0.0637817,77
-0.0637817,77
-0.0637817,77
-0.0634766,77
-0.0631714,77
-0.0628662,77
-0.0628662,77
-0.0634766,77
-0.0640869,77
-0.0646973,77
-0.0650024,77
-0.0653076,77
-0.0656128,77
-0.0662231,77
-0.0674438,77
-0.0689697,77
-0.0704956,77
-0.0720215,77
-0.0732422,77
-0.0741577,77
-0.0747681,77
-0.0750732,77
-0.0753784,77
-0.0756836,77
-0.0756836,77
-0.0753784,77
-0.0753784,77
-0.0750732,77
-0.0744629,77
-0.0732422,77
-0.0720215,77
-0.0708008,77
-0.0692749,77
-0.067749,77
-0.0662231,77
-0.0650024,77
-0.0643921,77
-0.0637817,77
-0.0634766,77
-0.0634766,77
-0.0631714,77
-0.0631714,77
-0.0628662,77
-0.0631714,77
-0.0634766,77
-0.0640869,77
-0.0650024,77
-0.0662231,77
-0.0671387,77
-0.0683594,77
-0.0698853,77
-0.071106,77
-0.0726318,77
-0.0738525,77
-0.0747681,77
-0.0756836,77
-0.0759888,77
-0.0759888,77
-0.0759888,77
-0.0756836,77
-0.0750732,77
-0.0747681,77
-0.0744629,77
-0.0738525,77
-0.0735474,77
-0.0732422,77
-0.072937,77
-0.0723267,77
-0.0717163,77
-0.0714111,77
-0.071106,77
-0.0708008,77
-0.0704956,77
-0.0701904,77
-0.0701904,77
-0.0701904,77
-0.0704956,77
-0.0708008,77
-0.0714111,77
-0.0717163,77
-0.0723267,77
-0.0723267,77
-0.0726318,77
-0.0726318,77
-0.0723267,77
-0.0720215,77
-0.0714111,77
-0.0704956,77
-0.0692749,77
-0.0686646,77
-0.0683594,77
-0.0689697,77
-0.0698853,77
-0.0708008,77
-0.0720215,77
-0.0732422,77
-0.0741577,77
-0.0744629,77
-0.0750732,77
-0.0759888,77
-0.0775146,77
-0.0790405,77
-0.0811768,77
-0.083313,77
-0.0854492,77
-0.0869751,77
-0.088501,77
-0.0897217,77
-0.0909424,77
-0.0915527,77
-0.0918579,77
-0.0915527,77
-0.0906372,77
-0.0894165,77
-0.0878906,77
-0.0863647,77
-0.085144,77
-0.0839233,77
-0.0827026,77
-0.0817871,77
-0.0808716,77
-0.0802612,77
-0.0799561,77
-0.0802612,77
-0.0808716,77
-0.0817871,77
-0.0830078,77
-0.0842285,77
-0.0854492,77
-0.0866699,77
-0.0878906,77
-0.0891113,77
-0.090332,77
-0.0912476,77
-0.0915527,77
-0.0918579,77
-0.0921631,77
-0.0924683,77
-0.0927734,77
-0.0933838,77
-0.093689,77
-0.0933838,77
-0.0924683,77
-0.0912476,77
-0.0897217,77
-0.0881958,77
-0.0863647,77
-0.0848389,77
-0.083313,77
-0.0823975,77
-0.0814819,77
-0.0811768,77
-0.0811768,77
-0.0814819,77
-0.0820923,77
-0.0823975,77
-0.0830078,77
-0.083313,77
-0.0836182,77
-0.0839233,77
-0.0842285,77
-0.0842285,77
-0.0842285,77
-0.0842285,77
-0.0839233,77
-0.083313,77
-0.0830078,77
-0.0820923,77
-0.0814819,77
-0.0805664,77
-0.0793457,77
-0.0778198,77
-0.0759888,77
-0.0738525,77
-0.0717163,77
-0.0692749,77
-0.0668335,77
-0.0640869,77
-0.0613403,77
-0.0585938,77
-0.0558472,77
-0.0534058,77
-0.0509644,77
-0.0485229,77
-0.0460815,77
-0.0436401,77
-0.0415039,77
-0.0390625,77
-0.0369263,77
-0.0350952,77
-0.0332642,77
-0.0317383,77
-0.0308228,77
-0.0296021,77
-0.0286865,77
-0.027771,77
-0.0265503,77
-0.0253296,77
-0.0238037,77
-0.0219727,77
-0.0201416,77
-0.0186157,77
-0.0167847,77
-0.0152588,77
-0.0134277,77
-0.0115967,77
-0.00915527,77
-0.00610352,77
-0.00274658,77
0.000610352,77
0.00366211,77
0.00610352,77
0.00793457,77
0.0088501,77
0.0088501,77
0.00854492,77
0.00793457,77
0.00701904,77
0.00579834,77
0.00427246,77
0.00244141,77
0.000305176,77
-0.00244141,77
-0.00579834,77
-0.00946045,77
-0.0134277,77
-0.0177002,77
-0.0219727,77
-0.0262451,77
-0.0302124,77
-0.0338745,77
-0.0369263,77
-0.0396729,77
-0.0421143,77
-0.0436401,77
-0.0448608,77
-0.0454712,77
-0.0460815,77
-0.0466919,77
-0.0473022,77
-0.0479126,77
-0.0491333,77
-0.0509644,77
-0.0531006,77
-0.055542,77
-0.0579834,77
-0.0610352,77
-0.0643921,77
-0.067749,77
-0.0717163,77
-0.0756836,77
-0.0799561,77
-0.0839233,77
-0.0881958,77
-0.0921631,77
-0.0961304,77
-0.0997925,77
-0.103149,77
-0.105896,77
-0.108643,77
-0.111084,77
-0.113525,77
-0.115356,77
-0.116882,77
-0.118103,77
-0.119019,77
-0.119629,77
-0.120239,77
-0.12085,77
-0.12146,77
-0.121765,77
-0.122375,77
-0.122681,77
-0.122986,77
-0.123291,77
-0.123596,77
-0.123901,77
-0.124207,77
-0.124512,77
-0.125122,77
-0.125427,77
-0.125732,77
-0.126038,77
-0.126038,77
-0.125427,77
-0.124817,77
-0.123901,77
-0.122681,77
-0.12146,77
-0.120239,77
-0.119019,77
-0.118103,77
-0.116882,77
-0.116272,77
-0.115356,77
-0.114441,77
-0.113831,77
-0.113525,77
-0.113525,77
-0.113831,77
-0.114746,77
-0.115662,77
-0.116577,77
-0.117493,77
-0.118408,77
-0.119019,77
-0.119324,77
-0.119324,77
-0.119019,77
-0.119019,77
-0.118713,77
-0.118408,77
-0.117493,77
-0.115662,77
-0.11322,77
-0.110168,77
-0.106812,77
-0.102844,77
-0.0982666,77
-0.0930786,77
-0.0872803,77
-0.0802612,77
-0.0720215,77
-0.062561,77
-0.0515747,77
-0.0387573,77
-0.0241089,77
-0.00793457,77
0.010376,77
0.0308228,77
0.0527954,77
0.0765991,77
0.102234,77
0.129395,77
0.158081,77
0.187683,77
0.218201,77
0.248718,77
0.278625,77
0.307312,77
0.333557,77
0.35675,77
0.375671,77
0.389404,77
0.397034,77
0.398254,77
0.393677,77
0.382996,77
0.366821,77
0.344849,77
0.317993,77
0.286255,77
0.250244,77
0.211182,77
0.169983,78
0.126953,78
0.0836182,78
0.0402832,78
-0.00183105,78
-0.0421143,78
-0.0796509,78
-0.11322,78
-0.141907,78
-0.16571,78
-0.183716,78
-0.196533,78
-0.203552,78
-0.205994,78
-0.203857,78
-0.197754,78
-0.188599,78
-0.177307,78
-0.16449,78
-0.150452,78
-0.135803,78
-0.12085,78
-0.106201,78
-0.0921631,78
-0.0790405,78
-0.0671387,78
-0.0567627,78
-0.0482178,78
-0.0411987,78
-0.0360107,78
-0.0323486,78
-0.0299072,78
-0.0286865,78
-0.0286865,78
-0.0292969,78
-0.0305176,78
-0.0323486,78
-0.0344849,78
-0.0369263,78
-0.0393677,78
-0.0418091,78
-0.0442505,78
-0.0463867,78
-0.0485229,78
-0.050354,78
-0.0524902,78
-0.0546265,78
-0.0567627,78
-0.0588989,78
-0.06073,78
-0.062561,78
-0.0637817,78
-0.0646973,78
-0.0653076,78
-0.0653076,78
-0.0650024,78
-0.0646973,78
-0.0637817,78
-0.062561,78
-0.0613403,78
-0.0601196,78
-0.0585938,78
-0.0570679,78
-0.055542,78
-0.0537109,78
-0.0518799,78
-0.0497437,78
-0.0476074,78
-0.0457764,78
-0.0439453,78
-0.0421143,78
-0.0405884,78
-0.0387573,78
-0.0369263,78
-0.0354004,78
-0.0341797,78
-0.0332642,78
-0.0326538,78
-0.0323486,78
-0.0323486,78
-0.0326538,78
-0.032959,78
-0.0335693,78
-0.0338745,78
-0.0344849,78
-0.0350952,78
-0.0360107,78
-0.0369263,78
-0.0375366,78
-0.038147,78
-0.038147,78
-0.038147,78
-0.0378418,78
-0.0372314,78
-0.0363159,78
-0.0350952,78
-0.0338745,78
-0.0323486,78
-0.0308228,78
-0.0286865,78
-0.0265503,78
-0.0241089,78
-0.0213623,78
-0.0183105,78
-0.0152588,78
-0.012207,78
-0.00976563,78
-0.00732422,78
-0.00549316,78
-0.00366211,78
-0.00213623,78
-0.000610352,78
0.000915527,78
0.00213623,78
0.00366211,78
0.00488281,78
0.00579834,78
0.00640869,78
0.00732422,78
0.00793457,78
0.00854492,78
0.00915527,78
0.00946045,78
0.00946045,78
0.00976563,78
0.010376,78
0.0109863,78
0.0119019,78
0.0131226,78
0.0140381,78
0.0146484,78
0.0152588,78
0.0161743,78
0.017395,78
0.0189209,78
0.0204468,78
0.0216675,78
0.0231934,78
0.0244141,78
0.0253296,78
0.0265503,78
0.027771,78
0.0289917,78
0.0302124,78
0.0314331,78
0.0326538,78
0.0338745,78
0.0344849,78
0.0354004,78
0.0360107,78
0.0366211,78
0.0378418,78
0.0390625,78
0.0405884,78
0.0424194,78
0.0442505,78
0.0463867,78
0.0485229,78
0.0506592,78
0.0527954,78
0.055542,78
0.0579834,78
0.06073,78
0.0637817,78
0.0671387,78
0.0704956,78
0.0738525,78
0.0769043,78
0.0799561,78
0.0823975,78
0.0848389,78
0.0869751,78
0.0891113,78
0.0909424,78
0.0924683,78
0.093689,78
0.0949097,78
0.0958252,78
0.0964355,78
0.0973511,78
0.0982666,78
0.0994873,78
0.101318,78
0.103455,78
0.105591,78
0.108337,78
0.110779,78
0.113525,78
0.116272,78
0.119019,78
0.12207,78
0.124817,78
0.127869,78
0.131226,78
0.134583,78
0.138245,78
0.141602,78
0.144653,78
0.1474,78
0.149536,78
0.151672,78
0.153198,78
0.154724,78
0.155945,78
0.15686,78
0.157776,78
0.158691,78
0.159607,78
0.160217,78
0.161133,78
0.162354,78
0.163879,78
0.16571,78
0.167542,78
0.169678,78
0.172119,78
0.174561,78
0.176697,78
0.178833,78
0.180664,78
0.182495,78
0.183716,78
0.184937,78
0.186157,78
0.187378,78
0.187988,78
0.188904,78
0.189514,78
0.189819,78
0.189819,78
0.189819,78
0.189514,78
0.188599,78
0.187683,78
0.186462,78
0.184937,78
0.183411,78
0.181274,78
0.179138,78
0.176392,78
0.173645,78
0.171204,78
0.168762,78
0.166626,78
0.16449,78
0.162354,78
0.159302,78
0.15564,78
0.151062,78
0.146179,78
0.140686,78
0.134888,78
0.129089,78
0.123291,78
0.117188,78
0.111389,78
0.105591,78
0.0994873,78
0.093689,78
0.0878906,78
0.0820923,78
0.0759888,78
0.0701904,78
0.0640869,78
0.0582886,78
0.0521851,78
0.0466919,78
0.0411987,78
0.0363159,78
0.0314331,78
0.0271606,78
0.0231934,78
0.0195313,78
0.0158691,78
0.0125122,78
0.00946045,78
0.00610352,78
0.00244141,78
-0.0012207,78
-0.00518799,78
-0.0088501,78
-0.0125122,78
-0.0158691,78
-0.0189209,78
-0.0216675,78
-0.0241089,78
-0.0259399,78
-0.027771,78
-0.0289917,78
-0.0305176,78
-0.0317383,78
-0.0335693,78
-0.0354004,78
-0.0375366,78
-0.0393677,78
-0.0415039,78
-0.043335,78
-0.0448608,78
-0.0463867,78
-0.0479126,78
-0.0494385,78
-0.0506592,78
-0.0521851,78
-0.0531006,78
-0.0543213,78
-0.0552368,78
-0.0561523,78
-0.0570679,78
-0.0576782,78
-0.0585938,78
-0.0592041,78
-0.0598145,78
-0.0601196,78
-0.0601196,78
-0.0598145,78
-0.0598145,78
-0.0595093,78
-0.0595093,78
-0.0598145,78
-0.0601196,78
-0.0604248,78
-0.0610352,78
-0.0619507,78
-0.0628662,78
-0.0637817,78
-0.0646973,78
-0.0656128,78
-0.0665283,78
-0.0674438,78
-0.0686646,78
-0.0695801,78
-0.0701904,78
-0.0708008,78
-0.0708008,78
-0.0708008,78
-0.0708008,78
-0.071106,78
-0.071106,78
-0.071106,78
-0.0708008,78
-0.0698853,78
-0.0689697,78
-0.0674438,78
-0.065918,78
-0.0640869,78
-0.0622559,78
-0.0604248,78
-0.0588989,78
-0.057373,78
-0.0558472,78
-0.0546265,78
-0.0531006,78
-0.0518799,78
-0.0512695,78
-0.0506592,78
-0.050354,78
-0.0500488,78
-0.0500488,78
-0.050354,78
-0.0506592,78
-0.0512695,78
-0.0518799,78
-0.0524902,78
-0.0531006,78
-0.0537109,78
-0.0543213,78
-0.0546265,78
-0.0552368,78
-0.0561523,78
-0.0564575,78
-0.0570679,78
-0.0570679,78
-0.0567627,78
-0.0558472,78
-0.0543213,78
-0.0524902,78
-0.050354,78
-0.0479126,78
-0.0448608,78
-0.0418091,78
-0.0387573,78
-0.0360107,78
-0.0338745,78
-0.0320435,78
-0.0311279,78
-0.0302124,78
-0.0296021,78
-0.0289917,78
-0.0283813,78
-0.027771,78
-0.0274658,78
-0.0274658,78
-0.027771,78
-0.0283813,78
-0.0292969,78
-0.0302124,78
-0.0311279,78
-0.0320435,78
-0.032959,78
-0.0335693,78
-0.0341797,78
-0.0344849,78
-0.0344849,78
-0.0341797,78
-0.032959,78
-0.0317383,78
-0.0299072,78
-0.027771,78
-0.0256348,78
-0.0238037,78
-0.0219727,78
-0.020752,78
-0.0195313,78
-0.0183105,78
-0.017395,78
-0.0164795,78
-0.0158691,78
-0.015564,78
-0.0158691,78
-0.0164795,78
-0.017395,78
-0.0183105,78
-0.0192261,78
-0.0204468,78
-0.0216675,78
-0.0231934,78
-0.0250244,78
-0.0268555,78
-0.0286865,78
-0.0299072,78
-0.0314331,78
-0.0326538,78
-0.0338745,78
-0.0350952,78
-0.0363159,78
-0.0372314,78
-0.0378418,78
-0.038147,78
-0.038147,78
-0.0375366,78
-0.0369263,78
-0.0357056,78
-0.0344849,78
-0.032959,78
-0.0317383,78
-0.0302124,78
-0.0289917,78
-0.027771,78
-0.0268555,78
-0.0259399,78
-0.0250244,78
-0.0241089,78
-0.0228882,78
-0.0222778,78
-0.0219727,78
-0.0216675,78
-0.0219727,78
-0.0228882,78
-0.0238037,78
-0.0250244,78
-0.0262451,78
-0.0271606,78
-0.0283813,78
-0.0292969,78
-0.0305176,78
-0.0317383,78
-0.032959,78
-0.0338745,78
-0.0350952,78
-0.0360107,78
-0.0366211,78
-0.0369263,78
-0.0369263,78
-0.0363159,78
-0.0354004,78
-0.0341797,78
-0.0326538,78
-0.0305176,78
-0.0280762,78
-0.0250244,78
-0.0219727,78
-0.0192261,78
-0.0170898,78
-0.0152588,78
-0.0137329,78
-0.012207,78
-0.010376,78
-0.0088501,78
-0.00701904,78
-0.00579834,78
-0.00457764,78
-0.00366211,78
-0.00274658,78
-0.00183105,78
-0.000915527,78
-0.000305176,78
0.000305176,78
0.0012207,78
0.00213623,78
0.00335693,78
0.00488281,78
0.00671387,78
0.00946045,78
0.0125122,78
0.0158691,78
0.0198364,78
0.0241089,78
0.0283813,78
0.0326538,78
0.0369263,78
0.0408936,78
0.0445557,78
0.0482178,78
0.0518799,78
0.055542,78
0.0588989,78
0.0616455,78
0.0634766,78
0.0646973,78
0.0653076,78
0.0650024,78
0.0643921,78
0.0631714,78
0.0616455,78
0.0601196,78
0.0579834,78
0.055542,78
0.0527954,78
0.0497437,78
0.0463867,78
0.0430298,78
0.039978,78
0.0369263,78
0.0341797,78
0.0317383,78
0.0292969,78
0.0268555,78
0.0244141,78
0.0219727,78
0.0195313,78
0.0170898,78
0.0149536,78
0.0128174,78
0.0106812,78
0.00793457,78
0.00488281,78
0.000915527,78
-0.00335693,78
-0.00793457,78
-0.0125122,78
-0.017395,78
-0.0222778,78
-0.0271606,78
-0.0317383,78
-0.0363159,78
-0.0405884,78
-0.0448608,78
-0.0485229,78
-0.0521851,78
-0.0552368,78
-0.0579834,78
-0.0604248,78
-0.062561,78
-0.0643921,78
-0.065918,78
-0.0668335,78
-0.0674438,78
-0.067749,78
-0.067749,78
-0.0674438,78
-0.0668335,78
-0.0662231,78
-0.065918,78
-0.065918,78
-0.0665283,78
-0.0671387,78
-0.0683594,78
-0.0695801,78
-0.0714111,78
-0.0732422,78
-0.0753784,78
-0.0772095,78
-0.0793457,78
-0.0814819,78
-0.0836182,78
-0.0857544,78
-0.0878906,78
-0.0894165,78
-0.0906372,78
-0.0909424,78
-0.0909424,78
-0.090332,78
-0.0897217,78
-0.0891113,78
-0.088501,78
-0.0878906,78
-0.0872803,78
-0.0869751,78
-0.0866699,78
-0.0866699,78
-0.0869751,78
-0.0869751,78
-0.0866699,78
-0.0863647,78
-0.0863647,78
-0.0869751,78
-0.0875854,78
-0.088501,78
-0.0894165,78
-0.090332,78
-0.0906372,78
-0.0909424,78
-0.0906372,78
-0.090332,78
-0.0897217,78
-0.0888062,78
-0.0881958,78
-0.0869751,78
-0.0857544,78
-0.0842285,78
-0.0820923,78
-0.0796509,78
-0.0765991,78
-0.0732422,78
-0.0695801,78
-0.065918,78
-0.0622559,78
-0.0579834,78
-0.0527954,78
-0.0463867,78
-0.038147,78
-0.0286865,78
-0.0180054,78
-0.00518799,78
0.00915527,78
0.0253296,78
0.0436401,78
0.0634766,78
0.0857544,78
0.109558,78
0.135498,78
0.162964,78
0.19165,78
0.221558,78
0.25177,78
0.282288,78
0.311279,78
0.338135,78
0.361328,78
0.379639,78
0.392151,78
0.398254,78
0.398254,78
0.391846,78
0.380249,78
0.36377,78
0.343018,78
0.317688,78
0.289001,78
0.256348,78
0.220947,78
0.183411,91
0.144653,91
0.105591,91
0.0668335,91
0.0296021,91
-0.00549316,91
-0.0375366,91
-0.0662231,91
-0.0906372,91
-0.110474,91
-0.125122,91
-0.134888,91
-0.139465,91
-0.140076,91
-0.136414,91
-0.1297,91
-0.119934,91
-0.108337,91
-0.0949097,91
-0.0808716,91
-0.0671387,91
-0.0537109,91
-0.0411987,91
-0.0299072,91
-0.0201416,91
-0.012207,91
-0.00549316,91
-0.000305176,91
0.00366211,91
0.00671387,91
0.00854492,91
0.00976563,91
0.010376,91
0.010376,91
0.00976563,91
0.0088501,91
0.00701904,91
0.00457764,91
0.00183105,91
-0.0012207,91
-0.00457764,91
-0.00762939,91
-0.0109863,91
-0.0140381,91
-0.017395,91
-0.0201416,91
-0.0231934,91
-0.0259399,91
-0.0283813,91
-0.0308228,91
-0.032959,91
-0.0344849,91
-0.0357056,91
-0.0363159,91
-0.0369263,91
-0.0372314,91
-0.0378418,91
-0.0384521,91
-0.0387573,91
-0.0390625,91
-0.0387573,91
-0.0384521,91
-0.0375366,91
-0.0366211,91
-0.0357056,91
-0.03479,91
-0.0335693,91
-0.032959,91
-0.0323486,91
-0.0317383,91
-0.0314331,91
-0.0314331,91
-0.0311279,91
-0.0311279,91
-0.0314331,91
-0.0317383,91
-0.0323486,91
-0.0326538,91
-0.0326538,91
-0.0323486,91
-0.0314331,91
-0.0296021,91
-0.0268555,91
-0.0238037,91
-0.020752,91
-0.0180054,91
-0.015564,91
-0.0134277,91
-0.0112915,91
-0.00946045,91
-0.00762939,91
-0.00579834,91
-0.00427246,91
-0.00274658,91
-0.00183105,91
-0.00152588,91
-0.0012207,91
-0.00152588,91
-0.00213623,91
-0.00305176,91
-0.00427246,91
-0.00579834,91
-0.00701904,91
-0.00823975,91
-0.00946045,91
-0.0100708,91
-0.010376,91
-0.010376,91
-0.00976563,91
-0.00823975,91
-0.00640869,91
-0.00427246,91
-0.00244141,91
-0.000305176,91
0.0012207,91
0.00244141,91
0.00366211,91
0.00457764,91
0.00549316,91
0.00671387,91
0.00762939,91
0.00854492,91
0.00946045,91
0.0100708,91
0.010376,91
0.010376,91
0.010376,91
0.0100708,91
0.00976563,91
0.00946045,91
0.00946045,91
0.00976563,91
0.010376,91
0.0115967,91
0.0131226,91
0.015564,91
0.0183105,91
0.0216675,91
0.0253296,91
0.0289917,91
0.032959,91
0.0366211,91
0.039978,91
0.0430298,91
0.0454712,91
0.0476074,91
0.0491333,91
0.0506592,91
0.0521851,91
0.0537109,91
0.0549316,91
0.0564575,91
0.0576782,91
0.0585938,91
0.0592041,91
0.0595093,91
0.0598145,91
0.0598145,91
0.0601196,91
0.0604248,91
0.0610352,91
0.0616455,91
0.062561,91
0.0634766,91
0.0646973,91
0.0656128,91
0.0668335,91
0.0683594,91
0.0695801,91
0.0708008,91
0.0723267,91
0.0741577,91
0.0759888,91
0.078125,91
0.0802612,91
0.0830078,91
0.0854492,91
0.0878906,91
0.0897217,91
0.0915527,91
0.0927734,91
0.0939941,91
0.09552,91
0.0973511,91
0.0997925,91
0.102234,91
0.10437,91
0.105896,91
0.106812,91
0.107117,91
0.107422,91
0.108948,91
0.111084,91
0.114136,91
0.117188,91
0.120544,91
0.123596,91
0.126343,91
0.128784,91
0.131226,91
0.133972,91
0.137024,91
0.140991,91
0.145264,91
0.149841,91
0.154724,91
0.159302,91
0.163879,91
0.168152,91
0.172119,91
0.175781,91
0.179138,91
0.18219,91
0.184326,91
0.186157,91
0.187378,91
0.187988,91
0.188293,91
0.187988,91
0.187073,91
0.186157,91
0.184937,91
0.183716,91
0.18219,91
0.180664,91
0.179138,91
0.177307,91
0.175171,91
0.172729,91
0.170593,91
0.168457,91
0.166626,91
0.1651,91
0.163574,91
0.162048,91
0.160217,91
0.157776,91
0.155334,91
0.152283,91
0.149231,91
0.145569,91
0.141907,91
0.137634,91
0.133362,91
0.128174,91
0.122986,91
0.117188,91
0.111084,91
0.104675,91
0.0982666,91
0.0918579,91
0.0854492,91
0.0787354,91
0.0717163,91
0.0646973,91
0.0576782,91
0.050354,91
0.043335,91
0.0366211,91
0.0302124,91
0.0241089,91
0.0183105,91
0.0125122,91
0.00701904,91
0.00183105,91
-0.00305176,91
-0.00793457,91
-0.0125122,91
-0.0164795,91
-0.0204468,91
-0.0241089,91
-0.0271606,91
-0.0302124,91
-0.032959,91
-0.0354004,91
-0.0378418,91
-0.039978,91
-0.0424194,91
-0.0445557,91
-0.0466919,91
-0.0488281,91
-0.0509644,91
-0.0531006,91
-0.0549316,91
-0.057373,91
-0.0595093,91
-0.0619507,91
-0.0646973,91
-0.0674438,91
-0.0708008,91
-0.0741577,91
-0.0778198,91
-0.0811768,91
-0.0845337,91
-0.0875854,91
-0.0900269,91
-0.0924683,91
-0.0946045,91
-0.0967407,91
-0.0985718,91
-0.0997925,91
-0.100708,91
-0.101318,91
-0.101624,91
-0.101929,91
-0.101929,91
-0.101929,91
-0.101624,91
-0.101013,91
-0.100098,91
-0.0985718,91
-0.0970459,91
-0.0952148,91
-0.093689,91
-0.0927734,91
-0.0924683,91
-0.0924683,91
-0.0924683,91
-0.0927734,91
-0.0930786,91
-0.0930786,91
-0.0930786,91
-0.0924683,91
-0.0918579,91
-0.0909424,91
-0.0906372,91
-0.0906372,91
-0.0912476,91
-0.0921631,91
-0.093689,91
-0.0952148,91
-0.0967407,91
-0.0979614,91
-0.0991821,91
-0.0997925,91
-0.100403,91
-0.100708,91
-0.100708,91
-0.100708,91
-0.100403,91
-0.100403,91
-0.100403,91
-0.100708,91
-0.101013,91
-0.101318,91
-0.101624,91
-0.101318,91
-0.101013,91
-0.100708,91
-0.100403,91
-0.100098,91
-0.0994873,91
-0.098877,91
-0.0982666,91
-0.0976563,91
-0.0973511,91
-0.0970459,91
-0.0970459,91
-0.0970459,91
-0.0970459,91
-0.0964355,91
-0.0958252,91
-0.0949097,91
-0.0939941,91
-0.0924683,91
-0.0912476,91
-0.0900269,91
-0.0888062,91
-0.0878906,91
-0.0869751,91
-0.0860596,91
-0.085144,91
-0.0836182,91
-0.0823975,91
-0.0805664,91
-0.0787354,91
-0.0772095,91
-0.0753784,91
-0.0741577,91
-0.072937,91
-0.0720215,91
-0.071106,91
-0.0704956,91
-0.0695801,91
-0.0683594,91
-0.0668335,91
-0.0653076,91
-0.0640869,91
-0.0631714,91
-0.062561,91
-0.062561,91
-0.0628662,91
-0.0628662,91
-0.0628662,91
-0.0628662,91
-0.0628662,91
-0.062561,91
-0.062561,91
-0.0628662,91
-0.0631714,91
-0.0631714,91
-0.0631714,91
-0.0631714,91
-0.0631714,91
-0.0631714,91
-0.0631714,91
-0.0631714,91
-0.062561,91
-0.0619507,91
-0.06073,91
-0.0595093,91
-0.0579834,91
-0.0564575,91
-0.0552368,91
-0.0540161,91
-0.0531006,91
-0.0524902,91
-0.0521851,91
-0.0521851,91
-0.0521851,91
-0.0524902,91
-0.0527954,91
-0.0531006,91
-0.0534058,91
-0.0543213,91
-0.055542,91
-0.0570679,91
-0.0588989,91
-0.0604248,91
-0.0619507,91
-0.0631714,91
-0.0637817,91
-0.0643921,91
-0.0650024,91
-0.0653076,91
-0.065918,91
-0.0662231,91
-0.0665283,91
-0.0668335,91
-0.0668335,91
-0.0668335,91
-0.0662231,91
-0.0656128,91
-0.0650024,91
-0.0643921,91
-0.0640869,91
-0.0637817,91
-0.0634766,91
-0.0628662,91
-0.0619507,91
-0.0610352,91
-0.0601196,91
-0.0592041,91
-0.0582886,91
-0.0570679,91
-0.0561523,91
-0.0552368,91
-0.0546265,91
-0.0543213,91
-0.0540161,91
-0.0537109,91
-0.0537109,91
-0.0540161,91
-0.0543213,91
-0.0552368,91
-0.0558472,91
-0.0564575,91
-0.057373,91
-0.0576782,91
-0.0582886,91
-0.0585938,91
-0.0588989,91
-0.0588989,91
-0.0588989,91
-0.0585938,91
-0.0576782,91
-0.0561523,91
-0.0540161,91
-0.0512695,91
-0.0479126,91
-0.0439453,91
-0.039978,91
-0.0354004,91
-0.0311279,91
-0.0265503,91
-0.0219727,91
-0.0177002,91
-0.0134277,91
-0.00976563,91
-0.00671387,91
-0.00396729,91
-0.00183105,91
0.000305176,91
0.00244141,91
0.00427246,91
0.00610352,91
0.00793457,91
0.0100708,91
0.0125122,91
0.0146484,91
0.0170898,91
0.0192261,91
0.0219727,91
0.0244141,91
0.0274658,91
0.0302124,91
0.0332642,91
0.0360107,91
0.038147,91
0.0402832,91
0.0421143,91
0.0436401,91
0.0445557,91
0.045166,91
0.0448608,91
0.0442505,91
0.0427246,91
0.0408936,91
0.0387573,91
0.0357056,91
0.0320435,91
0.0280762,91
0.0238037,91
0.0195313,91
0.0152588,91
0.0109863,91
0.00701904,91
0.00274658,91
-0.00152588,91
-0.00579834,91
-0.00976563,91
-0.0137329,91
-0.017395,91
-0.020752,91
-0.0234985,91
-0.0259399,91
-0.0283813,91
-0.0305176,91
-0.0326538,91
-0.0350952,91
-0.0378418,91
-0.0408936,91
-0.0439453,91
-0.0473022,91
-0.0506592,91
-0.0540161,91
-0.057373,91
-0.06073,91
-0.0637817,91
-0.0665283,91
-0.0689697,91
-0.071106,91
-0.0735474,91
-0.0753784,91
-0.0772095,91
-0.0787354,91
-0.0799561,91
-0.0811768,91
-0.0823975,91
-0.0836182,91
-0.0842285,91
-0.0848389,91
-0.085144,91
-0.0854492,91
-0.0854492,91
-0.0854492,91
-0.0857544,91
-0.0863647,91
-0.0872803,91
-0.0881958,91
-0.0891113,91
-0.0900269,91
-0.0909424,91
-0.0918579,91
-0.0927734,91
-0.093689,91
-0.0942993,91
-0.0952148,91
-0.0958252,91
-0.0967407,91
-0.0976563,91
-0.0985718,91
-0.0997925,91
-0.101013,91
-0.102234,91
-0.103149,91
-0.103455,91
-0.103149,91
-0.102234,91
-0.100708,91
-0.0994873,91
-0.0979614,91
-0.0970459,91
-0.0961304,91
-0.0958252,91
-0.09552,91
-0.09552,91
-0.09552,91
-0.0958252,91
-0.0964355,91
-0.0970459,91
-0.0976563,91
-0.0979614,91
-0.0982666,91
-0.0985718,91
-0.098877,91
-0.0997925,91
-0.100403,91
-0.101318,91
-0.102234,91
-0.102539,91
-0.102539,91
-0.101929,91
-0.100708,91
-0.098877,91
-0.0967407,91
-0.093689,91
-0.0897217,91
-0.0842285,91
-0.0778198,91
-0.0695801,91
-0.0604248,91
-0.050354,91
-0.0384521,91
-0.0253296,91
-0.010376,91
0.00671387,91
0.0256348,91
0.0463867,91
0.0692749,91
0.0939941,91
0.120239,91
0.1474,91
0.175781,91
0.204468,91
0.233459,91
0.261841,91
0.289001,91
0.314331,91
0.336609,91
0.354919,91
0.367737,91
0.374451,91
0.375061,91
0.369568,91
0.358887,91
0.343323,91
0.323792,91
0.300293,91
0.272827,91
0.24231,91
0.20874,91
0.172424,92
0.134277,92
0.09552,92
0.0564575,92
0.0186157,92
-0.0177002,92
-0.0509644,92
-0.0808716,92
-0.106201,92
-0.126648,92
-0.142212,92
-0.152893,92
-0.159302,92
-0.161133,92
-0.159302,92
-0.154114,92
-0.145874,92
-0.135193,92
-0.123291,92
-0.110474,92
-0.0976563,92
-0.085144,92
-0.0735474,92
-0.0631714,92
-0.0540161,92
-0.0463867,92
-0.039978,92
-0.0350952,92
-0.0314331,92
-0.0289917,92
-0.0274658,92
-0.0268555,92
-0.0271606,92
-0.027771,92
-0.0289917,92
-0.0308228,92
-0.0338745,92
-0.0372314,92
-0.0405884,92
-0.0436401,92
-0.0466919,92
-0.0491333,92
-0.0509644,92
-0.0527954,92
-0.0543213,92
-0.0552368,92
-0.0561523,92
-0.0567627,92
-0.0570679,92
-0.0570679,92
-0.0570679,92
-0.0567627,92
-0.0561523,92
-0.055542,92
-0.0546265,92
-0.0537109,92
-0.0531006,92
-0.0527954,92
-0.0531006,92
-0.0537109,92
-0.0543213,92
-0.0546265,92
-0.0549316,92
-0.0546265,92
-0.0540161,92
-0.0534058,92
-0.0527954,92
-0.0527954,92
-0.0527954,92
-0.0527954,92
-0.0527954,92
-0.0524902,92
-0.0521851,92
-0.0515747,92
-0.0512695,92
-0.0509644,92
-0.0509644,92
-0.0509644,92
-0.0506592,92
-0.0506592,92
-0.0500488,92
-0.0497437,92
-0.0488281,92
-0.0479126,92
-0.0469971,92
-0.0457764,92
-0.0448608,92
-0.0436401,92
-0.0421143,92
-0.0405884,92
-0.0390625,92
-0.0372314,92
-0.0360107,92
-0.03479,92
-0.0338745,92
-0.032959,92
-0.0323486,92
-0.0314331,92
-0.0308228,92
-0.0302124,92
-0.0296021,92
-0.0292969,92
-0.0289917,92
-0.0286865,92
-0.0286865,92
-0.0289917,92
-0.0292969,92
-0.0299072,92
-0.0305176,92
-0.0314331,92
-0.0323486,92
-0.032959,92
-0.0332642,92
-0.0332642,92
-0.0332642,92
-0.0326538,92
-0.0320435,92
-0.0305176,92
-0.0283813,92
-0.0256348,92
-0.022583,92
-0.0192261,92
-0.0164795,92
-0.0137329,92
-0.0119019,92
-0.0100708,92
-0.00854492,92
-0.00671387,92
-0.00488281,92
-0.00305176,92
-0.0012207,92
0.000610352,92
0.00274658,92
0.00518799,92
0.00732422,92
0.00946045,92
0.0109863,92
0.012207,92
0.0128174,92
0.0131226,92
0.0134277,92
0.0134277,92
0.0134277,92
0.0137329,92
0.0140381,92
0.0143433,92
0.0146484,92
0.0149536,92
0.015564,92
0.0164795,92
0.017395,92
0.0186157,92
0.0198364,92
0.0210571,92
0.022583,92
0.0238037,92
0.0253296,92
0.0271606,92
0.0286865,92
0.0305176,92
0.0323486,92
0.0341797,92
0.0360107,92
0.0375366,92
0.0393677,92
0.0408936,92
0.0421143,92
0.0436401,92
0.0454712,92
0.0469971,92
0.0488281,92
0.050354,92
0.0518799,92
0.0531006,92
0.0546265,92
0.0561523,92
0.0576782,92
0.0588989,92
0.0604248,92
0.0619507,92
0.0637817,92
0.0656128,92
0.067749,92
0.0698853,92
0.0720215,92
0.0738525,92
0.0759888,92
0.0778198,92
0.0799561,92
0.0820923,92
0.0842285,92
0.0863647,92
0.0881958,92
0.0900269,92
0.0918579,92
0.0933838,92
0.0952148,92
0.0970459,92
0.098877,92
0.101013,92
0.103149,92
0.105591,92
0.108337,92
0.111389,92
0.114136,92
0.117188,92
0.119934,92
0.122681,92
0.125122,92
0.127563,92
0.1297,92
0.131836,92
0.133972,92
0.136108,92
0.13855,92
0.140686,92
0.142822,92
0.144958,92
0.14679,92
0.148315,92
0.149536,92
0.150757,92
0.151672,92
0.152283,92
0.152283,92
0.151672,92
0.150757,92
0.149231,92
0.147705,92
0.145569,92
0.143433,92
0.140991,92
0.13855,92
0.136108,92
0.133667,92
0.13092,92
0.127869,92
0.124817,92
0.12207,92
0.119019,92
0.115967,92
0.112915,92
0.109863,92
0.106506,92
0.103149,92
0.0994873,92
0.0958252,92
0.0918579,92
0.0869751,92
0.0820923,92
0.0769043,92
0.0717163,92
0.0665283,92
0.0616455,92
0.0564575,92
0.0512695,92
0.0460815,92
0.0405884,92
0.0350952,92
0.0289917,92
0.0231934,92
0.0170898,92
0.0115967,92
0.00610352,92
0.0012207,92
-0.00305176,92
-0.00701904,92
-0.0106812,92
-0.0137329,92
-0.0167847,92
-0.0195313,92
-0.0222778,92
-0.0250244,92
-0.027771,92
-0.0308228,92
-0.0338745,92
-0.0366211,92
-0.0396729,92
-0.0427246,92
-0.0454712,92
-0.0485229,92
-0.0515747,92
-0.0543213,92
-0.0570679,92
-0.0598145,92
-0.0622559,92
-0.0650024,92
-0.0674438,92
-0.0698853,92
-0.0717163,92
-0.0735474,92
-0.0750732,92
-0.0765991,92
-0.0778198,92
-0.0793457,92
-0.0802612,92
-0.0811768,92
-0.0817871,92
-0.0814819,92
-0.0811768,92
-0.0808716,92
-0.0805664,92
-0.0805664,92
-0.0805664,92
-0.0808716,92
-0.0811768,92
-0.0814819,92
-0.0820923,92
-0.0827026,92
-0.083313,92
-0.0839233,92
-0.0848389,92
-0.0860596,92
-0.0875854,92
-0.0888062,92
-0.090332,92
-0.0915527,92
-0.0927734,92
-0.0942993,92
-0.09552,92
-0.0970459,92
-0.098877,92
-0.100403,92
-0.101929,92
-0.103455,92
-0.104675,92
-0.105591,92
-0.105896,92
-0.105896,92
-0.105591,92
-0.105286,92
-0.104675,92
-0.10376,92
-0.102539,92
-0.101013,92
-0.100098,92
-0.0991821,92
-0.0985718,92
-0.0982666,92
-0.0979614,92
-0.0976563,92
-0.0970459,92
-0.0961304,92
-0.0952148,92
-0.0939941,92
-0.0930786,92
-0.0921631,92
-0.0912476,92
-0.0906372,92
-0.090332,92
-0.090332,92
-0.090332,92
-0.0906372,92
-0.0906372,92
-0.090332,92
-0.0897217,92
-0.0891113,92
-0.0881958,92
-0.0869751,92
-0.0860596,92
-0.0848389,92
-0.0836182,92
-0.0820923,92
-0.0802612,92
-0.0784302,92
-0.0765991,92
-0.0747681,92
-0.0726318,92
-0.0708008,92
-0.0689697,92
-0.0674438,92
-0.0662231,92
-0.0653076,92
-0.0650024,92
-0.0650024,92
-0.0656128,92
-0.0662231,92
-0.0674438,92
-0.0689697,92
-0.0701904,92
-0.0714111,92
-0.0726318,92
-0.0732422,92
-0.0741577,92
-0.0744629,92
-0.0750732,92
-0.0753784,92
-0.0750732,92
-0.0747681,92
-0.0738525,92
-0.072937,92
-0.0714111,92
-0.0698853,92
-0.0680542,92
-0.0662231,92
-0.0646973,92
-0.0628662,92
-0.0610352,92
-0.0592041,92
-0.057373,92
-0.055542,92
-0.0543213,92
-0.0537109,92
-0.0534058,92
-0.0537109,92
-0.0540161,92
-0.0546265,92
-0.0549316,92
-0.0549316,92
-0.0549316,92
-0.0549316,92
-0.0552368,92
-0.055542,92
-0.0558472,92
-0.0561523,92
-0.0561523,92
-0.0558472,92
-0.0552368,92
-0.0543213,92
-0.0537109,92
-0.0531006,92
-0.0524902,92
-0.0518799,92
-0.0515747,92
-0.0512695,92
-0.0509644,92
-0.0506592,92
-0.050354,92
-0.0500488,92
-0.0494385,92
-0.0488281,92
-0.0482178,92
-0.0473022,92
-0.0460815,92
-0.0445557,92
-0.043335,92
-0.0421143,92
-0.0415039,92
-0.0411987,92
-0.0402832,92
-0.0390625,92
-0.0372314,92
-0.0354004,92
-0.0335693,92
-0.0323486,92
-0.0320435,92
-0.0326538,92
-0.0338745,92
-0.0354004,92
-0.0369263,92
-0.0384521,92
-0.039978,92
-0.0415039,92
-0.0430298,92
-0.0442505,92
-0.0454712,92
-0.0463867,92
-0.0476074,92
-0.0485229,92
-0.0494385,92
-0.0497437,92
-0.0500488,92
-0.0497437,92
-0.0488281,92
-0.0473022,92
-0.0454712,92
-0.0436401,92
-0.0411987,92
-0.038147,92
-0.03479,92
-0.0308228,92
-0.0271606,92
-0.0231934,92
-0.0195313,92
-0.0158691,92
-0.0125122,92
-0.00915527,92
-0.00610352,92
-0.00305176,92
-0.000915527,92
0.0012207,92
0.00244141,92
0.00366211,92
0.00518799,92
0.00640869,92
0.00823975,92
0.010376,92
0.0125122,92
0.0146484,92
0.0170898,92
0.0195313,92
0.0222778,92
0.0247192,92
0.0274658,92
0.0299072,92
0.0323486,92
0.0344849,92
0.0369263,92
0.0393677,92
0.0421143,92
0.0445557,92
0.0473022,92
0.0497437,92
0.0518799,92
0.0540161,92
0.0561523,92
0.0579834,92
0.0595093,92
0.0604248,92
0.0604248,92
0.0598145,92
0.0579834,92
0.055542,92
0.0524902,92
0.0491333,92
0.0454712,92
0.0418091,92
0.038147,92
0.0341797,92
0.0305176,92
0.0262451,92
0.0222778,92
0.0180054,92
0.0137329,92
0.00946045,92
0.00488281,92
0.000305176,92
-0.00457764,92
-0.00946045,92
-0.0140381,92
-0.0180054,92
-0.0216675,92
-0.0247192,92
-0.0274658,92
-0.0296021,92
-0.0317383,92
-0.0332642,92
-0.03479,92
-0.0360107,92
-0.0372314,92
-0.0387573,92
-0.0408936,92
-0.0430298,92
-0.0454712,92
-0.0482178,92
-0.0515747,92
-0.0549316,92
-0.0582886,92
-0.0619507,92
-0.0662231,92
-0.0708008,92
-0.0750732,92
-0.0796509,92
-0.0839233,92
-0.0878906,92
-0.0918579,92
-0.0958252,92
-0.0994873,92
-0.102539,92
-0.10498,92
-0.106812,92
-0.108337,92
-0.108948,92
-0.109253,92
-0.108643,92
-0.107422,92
-0.105896,92
-0.104065,92
-0.101929,92
-0.100098,92
-0.0979614,92
-0.0958252,92
-0.0942993,92
-0.0924683,92
-0.0906372,92
-0.0888062,92
-0.0872803,92
-0.0860596,92
-0.0845337,92
-0.083313,92
-0.0820923,92
-0.0814819,92
-0.0811768,92
-0.0811768,92
-0.0817871,92
-0.0823975,92
-0.083313,92
-0.0839233,92
-0.0845337,92
-0.085144,92
-0.0860596,92
-0.0869751,92
-0.0875854,92
-0.088501,92
-0.0894165,92
-0.0900269,92
-0.090332,92
-0.0900269,92
-0.0894165,92
-0.0881958,92
-0.0869751,92
-0.0857544,92
-0.0839233,92
-0.0820923,92
-0.0802612,92
-0.0778198,92
-0.0747681,92
-0.0704956,92
-0.0650024,92
-0.0576782,92
-0.0485229,92
-0.0378418,92
-0.0256348,92
-0.0119019,92
0.00305176,92
0.0195313,92
0.0372314,92
0.0564575,92
0.0775146,92
0.100403,92
0.125427,92
0.152283,92
0.180969,92
0.210571,92
0.241089,92
0.271606,92
0.301819,92
0.330505,92
0.357056,92
0.380249,92
0.39856,92
0.411072,92
0.417175,92
0.417175,92
0.411377,92
0.400085,92
0.383911,92
0.363159,92
0.337524,92
0.307617,92
0.274048,92
0.237122,92
0.197754,93
0.15686,93
0.115356,93
0.0741577,93
0.0341797,93
-0.00366211,93
-0.0387573,93
-0.0701904,93
-0.0970459,93
-0.118713,93
-0.135193,93
-0.146179,93
-0.151978,93
-0.152893,93
-0.149536,93
-0.142212,93
-0.131836,93
-0.119629,93
-0.106201,93
-0.0924683,93
-0.0790405,93
-0.0662231,93
-0.0540161,93
-0.0427246,93
-0.0323486,93
-0.0228882,93
-0.0143433,93
-0.00732422,93
-0.00152588,93
0.00244141,93
0.00488281,93
0.00610352,93
0.00610352,93
0.00518799,93
0.00335693,93
0.000915527,93
-0.00183105,93
-0.00549316,93
-0.00946045,93
-0.0134277,93
-0.0177002,93
-0.0213623,93
-0.0250244,93
-0.0286865,93
-0.0323486,93
-0.0357056,93
-0.0393677,93
-0.0424194,93
-0.045166,93
-0.0476074,93
-0.0491333,93
-0.050354,93
-0.0506592,93
-0.0506592,93
-0.0500488,93
-0.0491333,93
-0.0479126,93
-0.0460815,93
-0.0439453,93
-0.0418091,93
-0.0396729,93
-0.0375366,93
-0.0357056,93
-0.0335693,93
-0.0317383,93
-0.0302124,93
-0.0289917,93
-0.027771,93
-0.0271606,93
-0.0268555,93
-0.0268555,93
-0.0265503,93
-0.0259399,93
-0.0250244,93
-0.0241089,93
-0.0228882,93
-0.0216675,93
-0.0201416,93
-0.0186157,93
-0.017395,93
-0.015564,93
-0.0137329,93
-0.0115967,93
-0.00915527,93
-0.00640869,93
-0.00427246,93
-0.00274658,93
-0.00183105,93
-0.00152588,93
-0.00152588,93
-0.00213623,93
-0.00335693,93
-0.00457764,93
-0.00579834,93
-0.00701904,93
-0.0088501,93
-0.0106812,93
-0.0128174,93
-0.0149536,93
-0.0167847,93
-0.0183105,93
-0.0189209,93
-0.0189209,93
-0.0183105,93
-0.017395,93
-0.0161743,93
-0.0152588,93
-0.0143433,93
-0.0134277,93
-0.012207,93
-0.010376,93
-0.00823975,93
-0.00549316,93
-0.00274658,93
0,93
0.00213623,93
0.00396729,93
0.00518799,93
0.00610352,93
0.00671387,93
0.00732422,93
0.00762939,93
0.00793457,93
0.0088501,93
0.00976563,93
0.0109863,93
0.0125122,93
0.0143433,93
0.0161743,93
0.0183105,93
0.0204468,93
0.022583,93
0.0247192,93
0.0268555,93
0.0292969,93
0.0317383,93
0.0338745,93
0.0363159,93
0.0384521,93
0.0402832,93
0.0421143,93
0.0439453,93
0.045166,93
0.0466919,93
0.0479126,93
0.0491333,93
0.0500488,93
0.0509644,93
0.0521851,93
0.0534058,93
0.0546265,93
0.0561523,93
0.0576782,93
0.0592041,93
0.0604248,93
0.0619507,93
0.0631714,93
0.0646973,93
0.0662231,93
0.0674438,93
0.0689697,93
0.0701904,93
0.0714111,93
0.0723267,93
0.0732422,93
0.0744629,93
0.0756836,93
0.0765991,93
0.0775146,93
0.078125,93
0.0784302,93
0.0787354,93
0.0790405,93
0.0796509,93
0.0808716,93
0.0827026,93
0.0845337,93
0.0866699,93
0.0891113,93
0.0918579,93
0.0946045,93
0.0979614,93
0.101318,93
0.10498,93
0.108337,93
0.111694,93
0.114136,93
0.116577,93
0.118408,93
0.120239,93
0.12207,93
0.123901,93
0.125427,93
0.126953,93
0.127869,93
0.128784,93
0.129395,93
0.130005,93
0.130615,93
0.131226,93
0.131531,93
0.132141,93
0.132446,93
0.132751,93
0.133057,93
0.133972,93
0.135498,93
0.137634,93
0.140076,93
0.142822,93
0.145569,93
0.14801,93
0.150757,93
0.153198,93
0.15564,93
0.158081,93
0.160828,93
0.163269,93
0.166016,93
0.168762,93
0.171204,93
0.173645,93
0.175781,93
0.177307,93
0.178528,93
0.179443,93
0.180054,93
0.180664,93
0.180969,93
0.180969,93
0.180359,93
0.179749,93
0.178528,93
0.176697,93
0.174561,93
0.172119,93
0.169373,93
0.166626,93
0.163879,93
0.160828,93
0.157471,93
0.154114,93
0.151062,93
0.147705,93
0.144653,93
0.141907,93
0.138855,93
0.135803,93
0.132446,93
0.128784,93
0.124817,93
0.120239,93
0.115356,93
0.109863,93
0.10376,93
0.0973511,93
0.0906372,93
0.0836182,93
0.0765991,93
0.0695801,93
0.0622559,93
0.0552368,93
0.0482178,93
0.0411987,93
0.0344849,93
0.0280762,93
0.022583,93
0.0177002,93
0.0140381,93
0.0106812,93
0.00793457,93
0.00518799,93
0.00213623,93
-0.000610352,93
-0.00305176,93
-0.00518799,93
-0.00701904,93
-0.00823975,93
-0.00915527,93
-0.00976563,93
-0.0100708,93
-0.0106812,93
-0.0112915,93
-0.0125122,93
-0.0143433,93
-0.0170898,93
-0.020752,93
-0.0253296,93
-0.0302124,93
-0.0357056,93
-0.0408936,93
-0.0454712,93
-0.0497437,93
-0.0531006,93
-0.0558472,93
-0.0576782,93
-0.0592041,93
-0.0604248,93
-0.0616455,93
-0.062561,93
-0.0637817,93
-0.0650024,93
-0.065918,93
-0.0671387,93
-0.067749,93
-0.067749,93
-0.0674438,93
-0.0662231,93
-0.0650024,93
-0.0637817,93
-0.0622559,93
-0.0613403,93
-0.06073,93
-0.0604248,93
-0.06073,93
-0.0613403,93
-0.062561,93
-0.0637817,93
-0.0650024,93
-0.0662231,93
-0.0674438,93
-0.0680542,93
-0.0686646,93
-0.0686646,93
-0.0686646,93
-0.0683594,93
-0.067749,93
-0.0671387,93
-0.065918,93
-0.0640869,93
-0.0619507,93
-0.0598145,93
-0.0576782,93
-0.0564575,93
-0.0561523,93
-0.0561523,93
-0.0564575,93
-0.0570679,93
-0.0576782,93
-0.0582886,93
-0.0595093,93
-0.0610352,93
-0.062561,93
-0.0646973,93
-0.0668335,93
-0.0692749,93
-0.0717163,93
-0.0738525,93
-0.0756836,93
-0.0769043,93
-0.0778198,93
-0.0778198,93
-0.0775146,93
-0.0762939,93
-0.0744629,93
-0.0720215,93
-0.0686646,93
-0.0650024,93
-0.0613403,93
-0.0576782,93
-0.0543213,93
-0.0512695,93
-0.0491333,93
-0.0476074,93
-0.0463867,93
-0.0457764,93
-0.045166,93
-0.0445557,93
-0.0445557,93
-0.0445557,93
-0.0448608,93
-0.0457764,93
-0.0466919,93
-0.0476074,93
-0.0491333,93
-0.050354,93
-0.0512695,93
-0.0521851,93
-0.0521851,93
-0.0518799,93
-0.0515747,93
-0.0509644,93
-0.050354,93
-0.0494385,93
-0.0482178,93
-0.0466919,93
-0.045166,93
-0.0436401,93
-0.0424194,93
-0.0415039,93
-0.0411987,93
-0.0408936,93
-0.0411987,93
-0.0415039,93
-0.0421143,93
-0.043335,93
-0.0445557,93
-0.0457764,93
-0.0469971,93
-0.0479126,93
-0.0485229,93
-0.0488281,93
-0.0491333,93
-0.0491333,93
-0.0488281,93
-0.0479126,93
-0.0469971,93
-0.0457764,93
-0.0448608,93
-0.0439453,93
-0.0427246,93
-0.0411987,93
-0.0393677,93
-0.0372314,93
-0.03479,93
-0.0326538,93
-0.0308228,93
-0.0292969,93
-0.0280762,93
-0.0274658,93
-0.0271606,93
-0.0274658,93
-0.0280762,93
-0.0289917,93
-0.0302124,93
-0.0311279,93
-0.0323486,93
-0.0335693,93
-0.0344849,93
-0.0357056,93
-0.0366211,93
-0.0378418,93
-0.0393677,93
-0.0408936,93
-0.0424194,93
-0.0436401,93
-0.0448608,93
-0.0457764,93
-0.0469971,93
-0.0479126,93
-0.0485229,93
-0.0491333,93
-0.0497437,93
-0.050354,93
-0.050354,93
-0.0500488,93
-0.0497437,93
-0.0497437,93
-0.0494385,93
-0.0494385,93
-0.0497437,93
-0.0500488,93
-0.0506592,93
-0.0512695,93
-0.0518799,93
-0.0521851,93
-0.0524902,93
-0.0531006,93
-0.0534058,93
-0.0543213,93
-0.0552368,93
-0.0561523,93
-0.0570679,93
-0.0576782,93
-0.0576782,93
-0.0576782,93
-0.057373,93
-0.0570679,93
-0.0564575,93
-0.0558472,93
-0.0546265,93
-0.0527954,93
-0.050354,93
-0.0469971,93
-0.043335,93
-0.0390625,93
-0.0344849,93
-0.0296021,93
-0.0247192,93
-0.0195313,93
-0.0146484,93
-0.010376,93
-0.00671387,93
-0.00366211,93
-0.00152588,93
0.000305176,93
0.0012207,93
0.00183105,93
0.00213623,93
0.00213623,93
0.00244141,93
0.00244141,93
0.00244141,93
0.00244141,93
0.00244141,93
0.00244141,93
0.00305176,93
0.00396729,93
0.00610352,93
0.00915527,93
0.0131226,93
0.0177002,93
0.022583,93
0.0271606,93
0.0311279,93
0.0344849,93
0.0369263,93
0.0387573,93
0.0402832,93
0.0411987,93
0.0418091,93
0.0421143,93
0.0424194,93
0.0421143,93
0.0411987,93
0.0393677,93
0.0360107,93
0.0317383,93
0.0265503,93
0.0210571,93
0.0149536,93
0.0088501,93
0.00274658,93
-0.00335693,93
-0.0088501,93
-0.0140381,93
-0.0186157,93
-0.022583,93
-0.0262451,93
-0.0296021,93
-0.0326538,93
-0.0360107,93
-0.0390625,93
-0.0421143,93
-0.045166,93
-0.0482178,93
-0.0515747,93
-0.0549316,93
-0.0582886,93
-0.0616455,93
-0.0650024,93
-0.0683594,93
-0.0717163,93
-0.0744629,93
-0.0772095,93
-0.0796509,93
-0.0820923,93
-0.0842285,93
-0.0863647,93
-0.0888062,93
-0.0912476,93
-0.0939941,93
-0.0967407,93
-0.0994873,93
-0.102234,93
-0.10498,93
-0.107727,93
-0.110474,93
-0.112915,93
-0.115051,93
-0.117188,93
-0.118713,93
-0.119629,93
-0.120544,93
-0.12146,93
-0.122375,93
-0.123291,93
-0.123901,93
-0.124817,93
-0.125427,93
-0.125732,93
-0.126343,93
-0.126953,93
-0.127869,93
-0.128479,93
-0.129395,93
-0.1297,93
-0.13031,93
-0.13031,93
-0.130615,93
-0.13092,93
-0.131226,93
-0.132141,93
-0.132751,93
-0.133667,93
-0.134583,93
-0.135193,93
-0.135803,93
-0.135803,93
-0.136108,93
-0.136108,93
-0.136414,93
-0.137024,93
-0.137634,93
-0.137939,93
-0.13855,93
-0.13855,93
-0.13855,93
-0.138245,93
-0.137634,93
-0.136719,93
-0.135498,93
-0.133972,93
-0.132751,93
-0.131226,93
-0.130005,93
-0.128784,93
-0.126953,93
-0.124512,93
-0.12146,93
-0.117798,93
-0.112915,93
-0.107422,93
-0.100708,93
-0.0927734,93
-0.0836182,93
-0.0732422,93
-0.0616455,93
-0.0485229,93
-0.0341797,93
-0.0183105,93
-0.000915527,93
0.0177002,93
0.0384521,93
0.0604248,93
0.0845337,93
0.110168,93
0.137329,93
0.166016,93
0.196228,93
0.226746,93
0.256958,93
0.28595,93
0.3125,93
0.335388,93
0.353394,93
0.365906,93
0.372009,93
0.371704,93
0.365295,93
0.353394,93
0.336609,93
0.315247,93
0.289917,93
0.26062,93
0.227661,93
0.19165,93
0.153503,93
0.113831,93
0.0732422,93
0.0323486,93
-0.00823975,93
-0.0466919,93
-0.0823975,93
-0.113831,93
-0.140686,93
-0.162354,93
-0.178528,93
-0.189209,93
-0.195618,93
-0.197449,93
-0.195923,93
-0.191345,93
-0.183716,93
-0.174255,93
-0.163269,93
-0.151672,93
-0.140686,93
-0.130005,93
-0.12085,93
-0.11261,93
-0.105591,93
-0.0997925,93
-0.0952148,93
-0.0915527,93
-0.0894165,93
-0.0881958,93
-0.0875854,93
-0.0878906,93
-0.088501,93
-0.0897217,93
-0.0909424,93
-0.0924683,93
-0.0939941,93
-0.09552,93
-0.0964355,93
-0.0973511,93
-0.0976563,93
-0.0976563,93
-0.0976563,93
-0.0970459,93
-0.0967407,93
-0.0961304,93
-0.0958252,93
-0.0958252,93
-0.0961304,93
-0.0967407,93
-0.0979614,93
-0.0991821,93
-0.100708,93
-0.102539,93
-0.10437,93
-0.106506,93
-0.108337,93
-0.109863,93
-0.111084,93
-0.112,93
-0.112305,93
-0.112,93
-0.111694,93
-0.111389,93
-0.111389,93
-0.111694,93
-0.112305,93
-0.112915,93
-0.11322,93
-0.11322,93
-0.112915,93
-0.112,93
-0.111084,93
-0.109558,93
-0.108032,93
-0.106812,93
-0.106201,93
-0.106201,93
-0.106812,93
-0.107422,93
-0.108337,93
-0.109253,93
-0.110168,93
-0.110779,93
-0.111084,93
-0.111084,93
-0.111084,93
-0.111084,93
-0.111084,93
-0.111389,93
-0.111084,93
-0.110779,93
-0.110168,93
-0.109558,93
-0.108948,93
-0.108337,93
-0.107422,93
-0.106506,93
-0.10498,93
-0.103149,93
-0.100708,93
-0.0982666,93
-0.0961304,93
-0.0942993,93
-0.0927734,93
-0.0912476,93
-0.090332,93
-0.0894165,93
-0.0888062,93
-0.0881958,93
-0.0881958,93
-0.0881958,93
-0.0894165,93
-0.0909424,93
-0.0927734,93
-0.0946045,93
-0.0961304,93
-0.0970459,93
-0.0976563,93
-0.0979614,93
-0.0985718,93
-0.0991821,93
-0.0997925,93
-0.100708,93
-0.101013,93
-0.101318,93
-0.101013,93
-0.100403,93
-0.098877,93
-0.0970459,93
-0.0942993,93
-0.0912476,93
-0.0875854,93
-0.0839233,93
-0.0808716,93
-0.078125,93
-0.0759888,93
-0.0741577,93
-0.0726318,93
-0.0708008,93
-0.0689697,93
-0.0671387,93
-0.0653076,93
-0.0634766,93
-0.0619507,93
-0.0601196,93
-0.0588989,93
-0.0579834,93
-0.0570679,93
-0.0564575,93
-0.0561523,93
-0.0558472,93
-0.055542,93
-0.0552368,93
-0.0546265,93
-0.0537109,93
-0.0524902,93
-0.0512695,93
-0.0500488,93
-0.0485229,93
-0.0476074,93
-0.0463867,93
-0.0448608,93
-0.0430298,93
-0.0405884,93
-0.0378418,93
-0.03479,93
-0.0314331,93
-0.0280762,93
-0.0250244,93
-0.0222778,93
-0.0198364,93
-0.0180054,93
-0.0164795,93
-0.015564,93
-0.0152588,93
-0.0149536,93
-0.0149536,93
-0.0146484,93
-0.0143433,93
-0.0137329,93
-0.0134277,93
-0.0131226,93
-0.0128174,93
-0.0128174,93
-0.0128174,93
-0.0131226,93
-0.0128174,93
-0.0115967,93
-0.0100708,93
-0.00762939,93
-0.00488281,93
-0.00152588,93
0.00213623,93
0.00640869,93
0.0109863,93
0.0158691,93
0.020752,93
0.0253296,93
0.0289917,93
0.0320435,93
0.0344849,93
0.0363159,93
0.0375366,93
0.038147,93
0.0384521,93
0.0384521,93
0.0384521,93
0.0378418,93
0.0369263,93
0.0360107,93
0.0350952,93
0.0344849,93
0.0344849,93
0.03479,93
0.0354004,93
0.0363159,93
0.0375366,93
0.0387573,93
0.039978,93
0.0411987,93
0.0427246,93
0.0439453,93
0.045166,93
0.0463867,93
0.0476074,93
0.0485229,93
0.0491333,93
0.0497437,93
0.0497437,93
0.0497437,93
0.0494385,93
0.0494385,93
0.0491333,93
0.0482178,93
0.0466919,93
0.0439453,93
0.0405884,93
0.0363159,93
0.0314331,93
0.0268555,93
0.0222778,93
0.0180054,93
0.0137329,93
0.00915527,93
0.00427246,93
-0.000915527,93
-0.00671387,93
-0.0131226,93
-0.0195313,93
-0.0262451,93
-0.032959,93
-0.0396729,93
-0.0463867,93
-0.0531006,93
-0.0595093,93
-0.065918,93
-0.0717163,93
-0.0772095,93
-0.0817871,93
-0.0857544,93
-0.0891113,93
-0.0921631,93
-0.0946045,93
-0.0973511,93
-0.100403,93
-0.103149,93
-0.106506,93
-0.109863,93
-0.11322,93
-0.116272,93
-0.119324,93
-0.122375,93
-0.125427,93
-0.128784,93
-0.132751,93
-0.136719,93
-0.140686,93
-0.144348,93
-0.14801,93
-0.151367,93
-0.154114,93
-0.156555,93
-0.158691,93
-0.160522,93
-0.162354,93
-0.164185,93
-0.166016,93
-0.167847,93
-0.169373,93
-0.170593,93
-0.171509,93
-0.171814,93
-0.172119,93
-0.172424,93
-0.172729,93
-0.17334,93
-0.17395,93
-0.174866,93
-0.175781,93
-0.176697,93
-0.177917,93
-0.179138,93
-0.180359,93
-0.18158,93
-0.182495,93
-0.183105,93
-0.183716,93
-0.184021,93
-0.184326,93
-0.184631,93
-0.184937,93
-0.185242,93
-0.185242,93
-0.184937,93
-0.184937,93
-0.184937,93
-0.185242,93
-0.185547,93
-0.186462,93
-0.187073,93
-0.187683,93
-0.188293,93
-0.189514,93
-0.190735,93
-0.192566,93
-0.194092,93
-0.195618,93
-0.196533,93
-0.197144,93
-0.197144,93
-0.197144,93
-0.196838,93
-0.196533,93
-0.196838,93
-0.197144,93
-0.197144,93
-0.197144,93
-0.196838,93
-0.196228,93
-0.195007,93
-0.193481,93
-0.191345,93
-0.189209,93
-0.187073,93
-0.184631,93
-0.182495,93
-0.180969,93
-0.180054,93
-0.179749,93
-0.180359,93
-0.181274,93
-0.18219,93
-0.183105,93
-0.183716,93
-0.184326,93
-0.184631,93
-0.184937,93
-0.185242,93
-0.185852,93
-0.186768,93
-0.187378,93
-0.188293,93
-0.188599,93
-0.189209,93
-0.189819,93
-0.190125,93
-0.189819,93
-0.188599,93
-0.187073,93
-0.184937,93
-0.182495,93
-0.179749,93
-0.177002,93
-0.173645,93
-0.169983,93
-0.166321,93
-0.163269,93
-0.160217,93
-0.157776,93
-0.15564,93
-0.154114,93
-0.153198,93
-0.152283,93
-0.151672,93
-0.150757,93
-0.149536,93
-0.147705,93
-0.145874,93
-0.144043,93
-0.142212,93
-0.140381,93
-0.13916,93
-0.13855,93
-0.138245,93
-0.138245,93
-0.138245,93
-0.137634,93
-0.137024,93
-0.136108,93
-0.134888,93
-0.133362,93
-0.132141,93
-0.13092,93
-0.13031,93
-0.130615,93
-0.131226,93
-0.132446,93
-0.133972,93
-0.135803,93
-0.137634,93
-0.139771,93
-0.141602,93
-0.143433,93
-0.144958,93
-0.146179,93
-0.147095,93
-0.147705,93
-0.148315,93
-0.149231,93
-0.150146,93
-0.151367,93
-0.152283,93
-0.153198,93
-0.153503,93
-0.153503,93
-0.153198,93
-0.152893,93
-0.152588,93
-0.151978,93
-0.151672,93
-0.151062,93
-0.150146,93
-0.149536,93
-0.148926,93
-0.148621,93
-0.148315,93
-0.148315,93
-0.148621,93
-0.148926,93
-0.149231,93
-0.149536,93
-0.149536,93
-0.149231,93
-0.149536,93
-0.149841,93
-0.150146,93
-0.150146,93
-0.150146,93
-0.149536,93
-0.148926,93
-0.14801,93
-0.147095,93
-0.146179,93
-0.144958,93
-0.144043,93
-0.142822,93
-0.141907,93
-0.140991,93
-0.140076,93
-0.139465,93
-0.138855,93
-0.13855,93
-0.138245,93
-0.138245,93
-0.13855,93
-0.13916,93
-0.13916,93
-0.139465,93
-0.13916,93
-0.138855,93
-0.13855,93
-0.138245,93
-0.137939,93
-0.137939,93
-0.13855,93
-0.139465,93
-0.140686,93
-0.141602,93
-0.142517,93
-0.142517,93
-0.141602,93
-0.140076,93
-0.137329,93
-0.134277,93
-0.130615,93
-0.127258,93
-0.123901,93
-0.12085,93
-0.118408,93
-0.116272,93
-0.113831,93
-0.111084,93
-0.108032,93
-0.10498,93
-0.101318,93
-0.0976563,93
-0.0942993,93
-0.0912476,93
-0.088501,93
-0.0866699,93
-0.0848389,93
-0.0836182,93
-0.0823975,93
-0.0811768,93
-0.0799561,93
-0.0790405,93
-0.0778198,93
-0.0765991,93
-0.0747681,93
-0.072937,93
-0.0708008,93
-0.0689697,93
-0.0665283,93
-0.0637817,93
-0.0610352,93
-0.0582886,93
-0.055542,93
-0.0527954,93
-0.0506592,93
-0.0488281,93
-0.0473022,93
-0.0460815,93
-0.0445557,93
-0.043335,93
-0.0421143,93
-0.0408936,93
-0.0402832,93
-0.0402832,93
-0.0408936,93
-0.0421143,93
-0.0436401,93
-0.0454712,93
-0.0476074,93
-0.0500488,93
-0.0531006,93
-0.0567627,93
-0.06073,93
-0.0653076,93
-0.0695801,93
-0.0735474,93
-0.0775146,93
-0.0811768,93
-0.0854492,93
-0.0897217,93
-0.0939941,93
-0.098877,93
-0.103455,93
-0.108032,93
-0.11261,93
-0.116882,93
-0.121155,93
-0.125427,93
-0.130005,93
-0.134583,93
-0.13855,93
-0.142212,93
-0.145264,93
-0.147705,93
-0.149536,93
-0.151367,93
-0.153503,93
-0.15564,93
-0.158081,93
-0.161133,93
-0.16449,93
-0.167542,93
-0.170288,93
-0.172729,93
-0.174866,93
-0.176697,93
-0.177917,93
-0.179138,93
-0.180359,93
-0.181274,93
-0.1828,93
-0.184021,93
-0.185242,93
-0.186462,93
-0.187988,93
-0.189209,93
-0.190125,93
-0.190735,93
-0.190735,93
-0.19104,93
-0.19104,93
-0.191345,93
-0.19165,93
-0.19165,93
-0.191956,93
-0.19165,93
-0.191345,93
-0.19104,93
-0.19043,93
-0.189514,93
-0.188599,93
-0.187683,93
-0.186768,93
-0.185852,93
-0.184937,93
-0.184631,93
-0.184021,93
-0.183716,93
-0.183716,93
-0.183716,93
-0.184021,93
-0.184326,93
-0.184326,93
-0.184021,93
-0.183716,93
-0.183411,93
-0.183411,93
-0.183411,93
-0.184021,93
-0.184937,93
-0.185852,93
-0.186768,93
-0.187378,93
-0.187683,93
-0.187073,93
-0.185547,93
-0.183411,93
-0.180359,93
-0.176392,93
-0.171814,93
-0.166321,93
-0.159912,93
-0.152588,93
-0.144653,93
-0.135498,93
-0.125427,93
-0.114136,93
-0.101624,93
-0.0872803,93
-0.0708008,93
-0.0521851,93
-0.0311279,93
-0.00762939,93
0.0183105,93
0.0463867,93
0.0765991,93
0.108337,93
0.140381,93
0.172729,93
0.204163,93
0.234375,93
0.262451,93
0.287781,93
0.309143,93
0.325928,93
0.336609,93
0.341187,93
0.339661,93
0.331726,93
0.318298,93
0.299988,93
0.276489,93
0.248413,93
0.216675,93
0.18158,93
0.143738,93
0.104065,91
0.0634766,91
0.0219727,91
-0.0192261,91
-0.0595093,91
-0.0976563,91
-0.132751,91
-0.164185,91
-0.190735,91
-0.212097,91
-0.227966,91
-0.238647,91
-0.243835,91
-0.245056,91
-0.242615,91
-0.237427,91
-0.230103,91
-0.222168,91
-0.213013,91
-0.203552,91
-0.193787,91
-0.184326,91
-0.174866,91
-0.166016,91
-0.158081,91
-0.151062,91
-0.144958,91
-0.139771,91
-0.135803,91
-0.133057,91
-0.131531,91
-0.131531,91
-0.132446,91
-0.134277,91
-0.136719,91
-0.13916,91
-0.141907,91
-0.144348,91
-0.146484,91
-0.14801,91
-0.148926,91
-0.149231,91
-0.148926,91
-0.148621,91
-0.14801,91
-0.147095,91
-0.145874,91
-0.144653,91
-0.143433,91
-0.141907,91
-0.140686,91
-0.139771,91
-0.13916,91
-0.138855,91
-0.138855,91
-0.138855,91
-0.138855,91
-0.138855,91
-0.138855,91
-0.138855,91
-0.13916,91
-0.139465,91
-0.140076,91
-0.140686,91
-0.141296,91
-0.141602,91
-0.141602,91
-0.141296,91
-0.141296,91
-0.141296,91
-0.141296,91
-0.141296,91
-0.140991,91
-0.140686,91
-0.140076,91
-0.13916,91
-0.138245,91
-0.137939,91
-0.137634,91
-0.137634,91
-0.137634,91
-0.138245,91
-0.138855,91
-0.139771,91
-0.140991,91
-0.142517,91
-0.144348,91
-0.145569,91
-0.147095,91
-0.147705,91
-0.148315,91
-0.14801,91
-0.14679,91
-0.145264,91
-0.143127,91
-0.140381,91
-0.137329,91
-0.134277,91
-0.131226,91
-0.128784,91
-0.126343,91
-0.124207,91
-0.12207,91
-0.120239,91
-0.118713,91
-0.117188,91
-0.115967,91
-0.114746,91
-0.113831,91
-0.11322,91
-0.11261,91
-0.112,91
-0.111694,91
-0.112,91
-0.11261,91
-0.113525,91
-0.115051,91
-0.116272,91
-0.117188,91
-0.117493,91
-0.117493,91
-0.117188,91
-0.116577,91
-0.115662,91
-0.114441,91
-0.112915,91
-0.111084,91
-0.108948,91
-0.106812,91
-0.104065,91
-0.101318,91
-0.0985718,91
-0.0958252,91
-0.0933838,91
-0.0909424,91
-0.0891113,91
-0.0869751,91
-0.0845337,91
-0.0820923,91
-0.0793457,91
-0.0765991,91
-0.0741577,91
-0.0723267,91
-0.0708008,91
-0.0698853,91
-0.0689697,91
-0.0686646,91
-0.0683594,91
-0.0680542,91
-0.0680542,91
-0.0680542,91
-0.0680542,91
-0.0674438,91
-0.0665283,91
-0.0656128,91
-0.0643921,91
-0.0631714,91
-0.0619507,91
-0.0610352,91
-0.0601196,91
-0.0588989,91
-0.0576782,91
-0.0567627,91
-0.055542,91
-0.0543213,91
-0.0531006,91
-0.0518799,91
-0.0506592,91
-0.0494385,91
-0.0482178,91
-0.0466919,91
-0.045166,91
-0.043335,91
-0.0415039,91
-0.0393677,91
-0.0369263,91
-0.0341797,91
-0.0314331,91
-0.0286865,91
-0.0259399,91
-0.0228882,91
-0.0198364,91
-0.0167847,91
-0.0137329,91
-0.0106812,91
-0.00793457,91
-0.00488281,91
-0.00183105,91
0.00152588,91
0.00488281,91
0.0088501,91
0.0128174,91
0.0164795,91
0.0195313,91
0.0219727,91
0.0238037,91
0.0247192,91
0.0256348,91
0.0259399,91
0.0262451,91
0.0268555,91
0.0271606,91
0.0271606,91
0.0274658,91
0.0274658,91
0.027771,91
0.0280762,91
0.0292969,91
0.0308228,91
0.032959,91
0.0350952,91
0.0372314,91
0.0393677,91
0.0415039,91
0.043335,91
0.0454712,91
0.0479126,91
0.050354,91
0.0527954,91
0.0549316,91
0.0570679,91
0.0588989,91
0.0601196,91
0.06073,91
0.0610352,91
0.0610352,91
0.0604248,91
0.0592041,91
0.057373,91
0.055542,91
0.0534058,91
0.0512695,91
0.0494385,91
0.0476074,91
0.0454712,91
0.0430298,91
0.0402832,91
0.0372314,91
0.0335693,91
0.0299072,91
0.0262451,91
0.0228882,91
0.0198364,91
0.0164795,91
0.0134277,91
0.0100708,91
0.00671387,91
0.00335693,91
-0.000305176,91
-0.00396729,91
-0.00762939,91
-0.0119019,91
-0.0161743,91
-0.0210571,91
-0.0259399,91
-0.0311279,91
-0.0363159,91
-0.0411987,91
-0.0460815,91
-0.0509644,91
-0.0552368,91
-0.0595093,91
-0.0637817,91
-0.0683594,91
-0.0726318,91
-0.0775146,91
-0.0827026,91
-0.0875854,91
-0.0927734,91
-0.0976563,91
-0.102234,91
-0.106506,91
-0.110474,91
-0.114136,91
-0.117188,91
-0.119934,91
-0.122375,91
-0.125122,91
-0.128174,91
-0.131531,91
-0.134888,91
-0.137939,91
-0.140076,91
-0.141296,91
-0.141907,91
-0.141907,91
-0.141907,91
-0.141907,91
-0.141907,91
-0.141602,91
-0.141296,91
-0.140381,91
-0.13916,91
-0.138245,91
-0.137634,91
-0.137329,91
-0.137634,91
-0.13855,91
-0.139465,91
-0.140381,91
-0.141296,91
-0.142517,91
-0.144043,91
-0.145874,91
-0.148315,91
-0.150757,91
-0.153503,91
-0.156555,91
-0.159302,91
-0.162354,91
-0.165405,91
-0.168762,91
-0.172119,91
-0.175476,91
-0.177917,91
-0.180054,91
-0.181274,91
-0.18219,91
-0.181885,91
-0.180969,91
-0.179138,91
-0.176697,91
-0.173645,91
-0.170898,91
-0.168152,91
-0.165405,91
-0.162964,91
-0.160522,91
-0.158386,91
-0.156555,91
-0.154724,91
-0.152893,91
-0.151062,91
-0.149536,91
-0.148621,91
-0.14801,91
-0.147705,91
-0.14801,91
-0.148926,91
-0.149841,91
-0.151367,91
-0.152893,91
-0.154724,91
-0.15625,91
-0.157471,91
-0.158081,91
-0.158691,91
-0.158691,91
-0.158081,91
-0.157166,91
-0.15625,91
-0.154724,91
-0.153503,91
-0.152588,91
-0.151672,91
-0.150757,91
-0.149841,91
-0.148621,91
-0.14679,91
-0.144043,91
-0.140991,91
-0.138245,91
-0.135803,91
-0.134583,91
-0.133972,91
-0.134277,91
-0.135193,91
-0.135803,91
-0.136108,91
-0.136414,91
-0.137024,91
-0.137634,91
-0.138855,91
-0.139771,91
-0.140381,91
-0.140686,91
-0.140381,91
-0.139465,91
-0.138245,91
-0.136414,91
-0.134583,91
-0.132446,91
-0.130615,91
-0.128784,91
-0.126648,91
-0.124817,91
-0.122986,91
-0.12146,91
-0.120239,91
-0.119629,91
-0.119324,91
-0.119019,91
-0.119324,91
-0.119629,91
-0.119934,91
-0.12085,91
-0.121765,91
-0.122681,91
-0.123596,91
-0.124817,91
-0.125732,91
-0.126343,91
-0.126953,91
-0.127563,91
-0.127563,91
-0.126953,91
-0.125732,91
-0.124207,91
-0.12207,91
-0.119934,91
-0.117493,91
-0.115051,91
-0.112305,91
-0.109863,91
-0.107117,91
-0.10498,91
-0.103149,91
-0.101929,91
-0.101318,91
-0.101318,91
-0.101318,91
-0.101929,91
-0.102539,91
-0.10376,91
-0.105286,91
-0.106506,91
-0.108032,91
-0.108948,91
-0.109863,91
-0.110168,91
-0.110779,91
-0.111084,91
-0.111694,91
-0.112915,91
-0.113831,91
-0.115051,91
-0.116272,91
-0.117188,91
-0.117798,91
-0.118713,91
-0.119324,91
-0.120239,91
-0.12146,91
-0.122681,91
-0.123901,91
-0.125122,91
-0.126038,91
-0.126648,91
-0.127258,91
-0.127563,91
-0.128174,91
-0.128784,91
-0.1297,91
-0.13031,91
-0.13092,91
-0.130615,91
-0.130005,91
-0.129089,91
-0.128174,91
-0.127258,91
-0.126343,91
-0.125732,91
-0.125122,91
-0.124512,91
-0.123901,91
-0.123596,91
-0.122986,91
-0.122375,91
-0.12146,91
-0.120239,91
-0.118713,91
-0.117188,91
-0.115356,91
-0.114136,91
-0.11322,91
-0.11261,91
-0.112305,91
-0.112305,91
-0.112305,91
-0.11261,91
-0.11261,91
-0.112915,91
-0.11322,91
-0.113831,91
-0.114441,91
-0.115662,91
-0.116882,91
-0.118103,91
-0.119324,91
-0.120544,91
-0.12207,91
-0.123596,91
-0.124817,91
-0.126038,91
-0.126953,91
-0.127869,91
-0.128479,91
-0.129089,91
-0.129395,91
-0.129395,91
-0.129089,91
-0.128174,91
-0.127563,91
-0.126648,91
-0.126038,91
-0.125427,91
-0.124512,91
-0.122986,91
-0.12146,91
-0.119934,91
-0.118713,91
-0.117798,91
-0.117188,91
-0.116577,91
-0.115967,91
-0.115356,91
-0.114136,91
-0.112915,91
-0.111389,91
-0.109253,91
-0.106506,91
-0.10376,91
-0.100708,91
-0.0973511,91
-0.0939941,91
-0.0909424,91
-0.0878906,91
-0.0848389,91
-0.0817871,91
-0.0787354,91
-0.0753784,91
-0.0723267,91
-0.0692749,91
-0.0662231,91
-0.0634766,91
-0.0610352,91
-0.0588989,91
-0.0567627,91
-0.0549316,91
-0.0527954,91
-0.050354,91
-0.0469971,91
-0.043335,91
-0.0390625,91
-0.0350952,91
-0.0317383,91
-0.0286865,91
-0.0262451,91
-0.0241089,91
-0.0219727,91
-0.0195313,91
-0.0170898,91
-0.0143433,91
-0.0112915,91
-0.00823975,91
-0.00579834,91
-0.00366211,91
-0.00183105,91
-0.000915527,91
-0.000610352,91
-0.000610352,91
-0.000915527,91
-0.00183105,91
-0.00274658,91
-0.00396729,91
-0.00518799,91
-0.00671387,91
-0.00823975,91
-0.00976563,91
-0.0115967,91
-0.0137329,91
-0.0158691,91
-0.0180054,91
-0.0201416,91
-0.0222778,91
-0.0253296,91
-0.0292969,91
-0.0344849,91
-0.039978,91
-0.0460815,91
-0.0512695,91
-0.0564575,91
-0.06073,91
-0.0653076,91
-0.0698853,91
-0.0747681,91
-0.0802612,91
-0.0857544,91
-0.0915527,91
-0.0970459,91
-0.102539,91
-0.107117,91
-0.111389,91
-0.115051,91
-0.118103,91
-0.120544,91
-0.122681,91
-0.124512,91
-0.126038,91
-0.127869,91
-0.129089,91
-0.130005,91
-0.13092,91
-0.131531,91
-0.132141,91
-0.132751,91
-0.133667,91
-0.134583,91
-0.135803,91
-0.137024,91
-0.138245,91
-0.139465,91
-0.140381,91
-0.141602,91
-0.142517,91
-0.143738,91
-0.144958,91
-0.145874,91
-0.146484,91
-0.147095,91
-0.14679,91
-0.146484,91
-0.145569,91
-0.144653,91
-0.143433,91
-0.142822,91
-0.142212,91
-0.141907,91
-0.141602,91
-0.141296,91
-0.140686,91
-0.140076,91
-0.13916,91
-0.138245,91
-0.137329,91
-0.136414,91
-0.135803,91
-0.135498,91
-0.135193,91
-0.135193,91
-0.134583,91
-0.133972,91
-0.133667,91
-0.133667,91
-0.133972,91
-0.134277,91
-0.134583,91
-0.134888,91
-0.135193,91
-0.135498,91
-0.135803,91
-0.136108,91
-0.136108,91
-0.136414,91
-0.136414,91
-0.136414,91
-0.136414,91
-0.135803,91
-0.134888,91
-0.133667,91
-0.131226,91
-0.128174,91
-0.123596,91
-0.118103,91
-0.111389,91
-0.10376,91
-0.0946045,91
-0.0839233,91
-0.0717163,91
-0.0576782,91
-0.0418091,91
-0.0234985,91
-0.00305176,91
0.0195313,91
0.0439453,91
0.0698853,91
0.0976563,91
0.126343,91
0.15625,91
0.187073,91
0.21759,91
0.247803,91
0.276489,91
0.30365,91
0.327454,91
0.347595,91
0.362549,91
0.371399,91
0.374146,91
0.371399,91
0.363464,91
0.350952,91
0.333862,91
0.312805,91
0.287781,91
0.258789,91
0.226135,91
0.19043,91
0.152893,86
0.113831,86
0.0741577,86
0.0341797,86
-0.00488281,86
-0.0421143,86
-0.0762939,86
-0.106506,86
-0.131531,86
-0.151672,86
-0.166626,86
-0.176697,86
-0.18219,86
-0.184021,86
-0.18219,86
-0.177917,86
-0.171204,86
-0.162964,86
-0.153503,86
-0.143433,86
-0.132751,86
-0.12207,86
-0.111389,86
-0.101318,86
-0.0918579,86
-0.083313,86
-0.0756836,86
-0.0689697,86
-0.0637817,86
-0.0595093,86
-0.0561523,86
-0.0534058,86
-0.0512695,86
-0.0497437,86
-0.0491333,86
-0.0491333,86
-0.0497437,86
-0.0506592,86
-0.0518799,86
-0.0534058,86
-0.0552368,86
-0.057373,86
-0.0598145,86
-0.062561,86
-0.0656128,86
-0.0686646,86
-0.0714111,86
-0.0738525,86
-0.0762939,86
-0.0790405,86
-0.0817871,86
-0.085144,86
-0.0881958,86
-0.0912476,86
-0.093689,86
-0.09552,86
-0.0970459,86
-0.0982666,86
-0.098877,86
-0.0994873,86
-0.0994873,86
-0.098877,86
-0.0979614,86
-0.0964355,86
-0.0946045,86
-0.0924683,86
-0.0900269,86
-0.0875854,86
-0.085144,86
-0.0830078,86
-0.0811768,86
-0.0799561,86
-0.0793457,86
-0.0796509,86
-0.0802612,86
-0.0811768,86
-0.0830078,86
-0.0848389,86
-0.0863647,86
-0.0881958,86
-0.0894165,86
-0.090332,86
-0.0912476,86
-0.0921631,86
-0.0927734,86
-0.093689,86
-0.0946045,86
-0.09552,86
-0.0961304,86
-0.0964355,86
-0.09552,86
-0.093689,86
-0.0909424,86
-0.0872803,86
-0.083313,86
-0.0787354,86
-0.0744629,86
-0.0698853,86
-0.065918,86
-0.0622559,86
-0.0588989,86
-0.0558472,86
-0.0531006,86
-0.0500488,86
-0.0473022,86
-0.0445557,86
-0.0421143,86
-0.0402832,86
-0.0387573,86
-0.0378418,86
-0.0372314,86
-0.0369263,86
-0.0366211,86
-0.0360107,86
-0.0357056,86
-0.0354004,86
-0.0350952,86
-0.03479,86
-0.0344849,86
-0.0341797,86
-0.0338745,86
-0.0332642,86
-0.032959,86
-0.0323486,86
-0.0320435,86
-0.0320435,86
-0.0320435,86
-0.0323486,86
-0.0326538,86
-0.032959,86
-0.0332642,86
-0.0332642,86
-0.0332642,86
-0.032959,86
-0.0323486,86
-0.0320435,86
-0.0317383,86
-0.0314331,86
-0.0314331,86
-0.0311279,86
-0.0308228,86
-0.0299072,86
-0.0283813,86
-0.0262451,86
-0.0238037,86
-0.0210571,86
-0.0183105,86
-0.015564,86
-0.0131226,86
-0.0106812,86
-0.00854492,86
-0.00671387,86
-0.00518799,86
-0.00335693,86
-0.00213623,86
-0.000915527,86
0.000305176,86
0.0012207,86
0.00183105,86
0.00244141,86
0.00305176,86
0.00335693,86
0.00335693,86
0.00335693,86
0.00305176,86
0.00274658,86
0.00244141,86
0.00244141,86
0.00274658,86
0.00335693,86
0.00457764,86
0.00610352,86
0.00793457,86
0.010376,86
0.0134277,86
0.0170898,86
0.0213623,86
0.0262451,86
0.0308228,86
0.0350952,86
0.0393677,86
0.0430298,86
0.0469971,86
0.0509644,86
0.0549316,86
0.0588989,86
0.0619507,86
0.0643921,86
0.0665283,86
0.0683594,86
0.0698853,86
0.071106,86
0.0723267,86
0.0735474,86
0.0744629,86
0.0756836,86
0.0765991,86
0.0778198,86
0.0790405,86
0.0805664,86
0.0823975,86
0.0839233,86
0.085144,86
0.0863647,86
0.0878906,86
0.0894165,86
0.0909424,86
0.0921631,86
0.0933838,86
0.0942993,86
0.09552,86
0.0964355,86
0.0973511,86
0.0979614,86
0.0982666,86
0.0982666,86
0.0979614,86
0.0976563,86
0.0973511,86
0.0973511,86
0.0970459,86
0.0970459,86
0.0970459,86
0.0973511,86
0.0979614,86
0.098877,86
0.100403,86
0.101929,86
0.103149,86
0.10437,86
0.10498,86
0.105591,86
0.105591,86
0.105286,86
0.104065,86
0.102539,86
0.100403,86
0.0979614,86
0.0952148,86
0.0921631,86
0.0888062,86
0.0854492,86
0.0814819,86
0.0778198,86
0.0741577,86
0.0701904,86
0.0665283,86
0.0628662,86
0.0595093,86
0.0558472,86
0.0518799,86
0.0479126,86
0.0436401,86
0.0396729,86
0.0354004,86
0.0317383,86
0.027771,86
0.0234985,86
0.0192261,86
0.0146484,86
0.0100708,86
0.00518799,86
0.000305176,86
-0.00488281,86
-0.010376,86
-0.0158691,86
-0.0213623,86
-0.0271606,86
-0.032959,86
-0.0384521,86
-0.0436401,86
-0.0482178,86
-0.0521851,86
-0.055542,86
-0.0582886,86
-0.06073,86
-0.0628662,86
-0.0646973,86
-0.0662231,86
-0.0674438,86
-0.0686646,86
-0.0695801,86
-0.0701904,86
-0.0704956,86
-0.0701904,86
-0.0695801,86
-0.0686646,86
-0.067749,86
-0.0671387,86
-0.0668335,86
-0.0668335,86
-0.0668335,86
-0.0668335,86
-0.0671387,86
-0.0680542,86
-0.0695801,86
-0.0717163,86
-0.0741577,86
-0.0765991,86
-0.0793457,86
-0.0820923,86
-0.0848389,86
-0.0875854,86
-0.090332,86
-0.0924683,86
-0.0939941,86
-0.09552,86
-0.0970459,86
-0.098877,86
-0.100098,86
-0.101318,86
-0.101929,86
-0.101929,86
-0.101318,86
-0.100098,86
-0.0982666,86
-0.0967407,86
-0.0949097,86
-0.0933838,86
-0.0918579,86
-0.0906372,86
-0.0894165,86
-0.088501,86
-0.0878906,86
-0.0875854,86
-0.0878906,86
-0.088501,86
-0.0897217,86
-0.0912476,86
-0.0930786,86
-0.0946045,86
-0.0964355,86
-0.0979614,86
-0.0994873,86
-0.101013,86
-0.102234,86
-0.103455,86
-0.10437,86
-0.10498,86
-0.105286,86
-0.105286,86
-0.104675,86
-0.10376,86
-0.102539,86
-0.101013,86
-0.0994873,86
-0.0979614,86
-0.0964355,86
-0.0949097,86
-0.0933838,86
-0.0915527,86
-0.0897217,86
-0.0878906,86
-0.0857544,86
-0.0836182,86
-0.0814819,86
-0.0787354,86
-0.0762939,86
-0.0735474,86
-0.0708008,86
-0.0683594,86
-0.065918,86
-0.0631714,86
-0.06073,86
-0.0582886,86
-0.0567627,86
-0.055542,86
-0.0549316,86
-0.0546265,86
-0.0543213,86
-0.0540161,86
-0.0531006,86
-0.0521851,86
-0.0506592,86
-0.0494385,86
-0.0482178,86
-0.0476074,86
-0.0469971,86
-0.0469971,86
-0.0473022,86
-0.0476074,86
-0.0482178,86
-0.0488281,86
-0.0494385,86
-0.0500488,86
-0.050354,86
-0.0509644,86
-0.0509644,86
-0.0509644,86
-0.0506592,86
-0.050354,86
-0.0500488,86
-0.0500488,86
-0.0500488,86
-0.0500488,86
-0.050354,86
-0.050354,86
-0.0500488,86
-0.0494385,86
-0.0488281,86
-0.0485229,86
-0.0479126,86
-0.0473022,86
-0.0466919,86
-0.0457764,86
-0.0448608,86
-0.0439453,86
-0.043335,86
-0.0430298,86
-0.0430298,86
-0.0427246,86
-0.0427246,86
-0.0424194,86
-0.0418091,86
-0.0411987,86
-0.0402832,86
-0.0390625,86
-0.0384521,86
-0.0375366,86
-0.0369263,86
-0.0363159,86
-0.0350952,86
-0.0341797,86
-0.0326538,86
-0.0314331,86
-0.0299072,86
-0.0286865,86
-0.027771,86
-0.0265503,86
-0.0259399,86
-0.0253296,86
-0.0247192,86
-0.0247192,86
-0.0247192,86
-0.0253296,86
-0.0262451,86
-0.0274658,86
-0.0286865,86
-0.0299072,86
-0.0308228,86
-0.0314331,86
-0.0320435,86
-0.0323486,86
-0.0326538,86
-0.032959,86
-0.032959,86
-0.032959,86
-0.032959,86
-0.032959,86
-0.0326538,86
-0.0323486,86
-0.0320435,86
-0.0317383,86
-0.0314331,86
-0.0314331,86
-0.0317383,86
-0.0320435,86
-0.0326538,86
-0.0332642,86
-0.0341797,86
-0.0350952,86
-0.0360107,86
-0.0366211,86
-0.0372314,86
-0.0378418,86
-0.038147,86
-0.038147,86
-0.038147,86
-0.0384521,86
-0.0384521,86
-0.0387573,86
-0.0387573,86
-0.0393677,86
-0.039978,86
-0.0408936,86
-0.0415039,86
-0.0421143,86
-0.0424194,86
-0.0424194,86
-0.0424194,86
-0.0421143,86
-0.0421143,86
-0.0418091,86
-0.0415039,86
-0.0408936,86
-0.0402832,86
-0.0390625,86
-0.0378418,86
-0.0366211,86
-0.0350952,86
-0.0335693,86
-0.0317383,86
-0.0299072,86
-0.027771,86
-0.0253296,86
-0.0231934,86
-0.0213623,86
-0.0198364,86
-0.0186157,86
-0.0177002,86
-0.017395,86
-0.0180054,86
-0.0186157,86
-0.0198364,86
-0.0213623,86
-0.0228882,86
-0.0244141,86
-0.0265503,86
-0.0283813,86
-0.0305176,86
-0.032959,86
-0.0350952,86
-0.0375366,86
-0.0396729,86
-0.0421143,86
-0.0442505,86
-0.0463867,86
-0.0479126,86
-0.0488281,86
-0.0491333,86
-0.0488281,86
-0.0479126,86
-0.0469971,86
-0.0460815,86
-0.045166,86
-0.0448608,86
-0.0445557,86
-0.0442505,86
-0.0439453,86
-0.043335,86
-0.0427246,86
-0.0421143,86
-0.0418091,86
-0.0418091,86
-0.0421143,86
-0.0424194,86
-0.0424194,86
-0.0427246,86
-0.0427246,86
-0.0430298,86
-0.0427246,86
-0.0427246,86
-0.0427246,86
-0.0427246,86
-0.0424194,86
-0.0418091,86
-0.0408936,86
-0.039978,86
-0.0384521,86
-0.0366211,86
-0.03479,86
-0.032959,86
-0.0314331,86
-0.0302124,86
-0.0292969,86
-0.0286865,86
-0.0283813,86
-0.027771,86
-0.0274658,86
-0.0271606,86
-0.0265503,86
-0.0262451,86
-0.0256348,86
-0.0253296,86
-0.0247192,86
-0.0241089,86
-0.0238037,86
-0.0231934,86
-0.022583,86
-0.0210571,86
-0.0192261,86
-0.0170898,86
-0.0143433,86
-0.0115967,86
-0.00823975,86
-0.00488281,86
-0.0012207,86
0.00274658,86
0.00701904,86
0.0112915,86
0.015564,86
0.0195313,86
0.0228882,86
0.0259399,86
0.0283813,86
0.0305176,86
0.0323486,86
0.0344849,86
0.0369263,86
0.0396729,86
0.0430298,86
0.0463867,86
0.050354,86
0.0543213,86
0.0579834,86
0.0616455,86
0.0653076,86
0.0686646,86
0.0720215,86
0.0750732,86
0.0784302,86
0.0817871,86
0.0848389,86
0.0875854,86
0.0900269,86
0.0918579,86
0.0933838,86
0.0942993,86
0.0946045,86
0.0942993,86
0.0930786,86
0.0912476,86
0.0888062,86
0.0857544,86
0.0820923,86
0.0784302,86
0.0750732,86
0.0714111,86
0.067749,86
0.0637817,86
0.0601196,86
0.0564575,86
0.0527954,86
0.0491333,86
0.0454712,86
0.0418091,86
0.0378418,86
0.0338745,86
0.0299072,86
0.0262451,86
0.0228882,86
0.0204468,86
0.0186157,86
0.0167847,86
0.0149536,86
0.0131226,86
0.0106812,86
0.00793457,86
0.00549316,86
0.00274658,86
0.000305176,86
-0.00183105,86
-0.00366211,86
-0.00579834,86
-0.00823975,86
-0.0106812,86
-0.0134277,86
-0.0164795,86
-0.0195313,86
-0.0228882,86
-0.0262451,86
-0.0296021,86
-0.032959,86
-0.0360107,86
-0.0387573,86
-0.0411987,86
-0.0430298,86
-0.0445557,86
-0.0463867,86
-0.0479126,86
-0.0494385,86
-0.0506592,86
-0.0512695,86
-0.0515747,86
-0.0515747,86
-0.0509644,86
-0.0500488,86
-0.0491333,86
-0.0479126,86
-0.0466919,86
-0.0454712,86
-0.0439453,86
-0.0424194,86
-0.0408936,86
-0.0390625,86
-0.0375366,86
-0.0363159,86
-0.0354004,86
-0.0350952,86
-0.0354004,86
-0.0363159,86
-0.0372314,86
-0.0384521,86
-0.0393677,86
-0.0402832,86
-0.0408936,86
-0.0418091,86
-0.0424194,86
-0.0430298,86
-0.0436401,86
-0.0442505,86
-0.045166,86
-0.0463867,86
-0.0473022,86
-0.0485229,86
-0.0491333,86
-0.0494385,86
-0.0494385,86
-0.0491333,86
-0.0482178,86
-0.0473022,86
-0.0457764,86
-0.0442505,86
-0.0418091,86
-0.0390625,86
-0.0357056,86
-0.0320435,86
-0.0283813,86
-0.0241089,86
-0.0192261,86
-0.0137329,86
-0.00671387,86
0.00152588,86
0.0109863,86
0.0222778,86
0.0350952,86
0.0494385,86
0.065918,86
0.0836182,86
0.103455,86
0.124512,86
0.1474,86
0.171509,86
0.197449,86
0.224915,86
0.253906,86
0.283813,86
0.314636,86
0.344849,86
0.374756,86
0.402832,86
0.428772,86
0.45105,86
0.46814,86
0.479736,86
0.484924,86
0.483704,86
0.47699,86
0.464478,86
0.447083,86
0.424805,86
0.39856,86
0.368347,86
0.335083,86
0.299072,86
0.26123,81
0.222168,81
0.18219,81
0.142212,81
0.103149,81
0.065918,81
0.0314331,81
0.000305176,81
-0.0262451,81
-0.0482178,81
-0.0653076,81
-0.0772095,81
-0.0845337,81
-0.0875854,81
-0.0863647,81
-0.0814819,81
-0.0738525,81
-0.0640869,81
-0.0534058,81
-0.0418091,81
-0.0302124,81
-0.0189209,81
-0.00793457,81
0.00183105,81
0.010376,81
0.017395,81
0.0231934,81
0.0271606,81
0.0302124,81
0.0314331,81
0.0314331,81
0.0305176,81
0.0283813,81
0.0253296,81
0.0219727,81
0.0186157,81
0.0152588,81
0.0119019,81
0.0088501,81
0.00610352,81
0.00366211,81
0.0012207,81
-0.000915527,81
-0.00244141,81
-0.00396729,81
-0.00457764,81
-0.00488281,81
-0.00457764,81
-0.00396729,81
-0.00305176,81
-0.00213623,81
-0.0012207,81
-0.000305176,81
0.000915527,81
0.00183105,81
0.00274658,81
0.00335693,81
0.00366211,81
0.00305176,81
0.00213623,81
0.000610352,81
-0.000915527,81
-0.00305176,81
-0.00488281,81
-0.00671387,81
-0.00823975,81
-0.00946045,81
-0.010376,81
-0.0109863,81
-0.0109863,81
-0.0112915,81
-0.0112915,81
-0.0109863,81
-0.0106812,81
-0.00976563,81
-0.0088501,81
-0.00762939,81
-0.00640869,81
-0.00518799,81
-0.00396729,81
-0.00274658,81
-0.00183105,81
-0.000610352,81
0,81
0.000610352,81
0.0012207,81
0.00152588,81
0.00213623,81
0.00213623,81
0.00244141,81
0.00244141,81
0.00244141,81
0.00244141,81
0.00244141,81
0.00274658,81
0.00305176,81
0.00366211,81
0.00427246,81
0.00549316,81
0.00701904,81
0.00915527,81
0.0112915,81
0.0137329,81
0.0158691,81
0.0177002,81
0.0189209,81
0.0201416,81
0.0210571,81
0.0216675,81
0.0222778,81
0.0231934,81
0.0238037,81
0.0244141,81
0.0247192,81
0.0247192,81
0.0244141,81
0.0241089,81
0.0238037,81
0.0241089,81
0.0244141,81
0.0250244,81
0.0259399,81
0.0268555,81
0.0274658,81
0.0283813,81
0.0292969,81
0.0305176,81
0.0314331,81
0.0326538,81
0.0338745,81
0.0350952,81
0.0363159,81
0.0375366,81
0.0387573,81
0.039978,81
0.0411987,81
0.0424194,81
0.0430298,81
0.0436401,81
0.0436401,81
0.0436401,81
0.0436401,81
0.0439453,81
0.0445557,81
0.0460815,81
0.0479126,81
0.050354,81
0.0531006,81
0.0558472,81
0.0585938,81
0.0616455,81
0.0640869,81
0.0665283,81
0.0686646,81
0.0701904,81
0.0717163,81
0.0735474,81
0.0750732,81
0.0762939,81
0.0775146,81
0.078125,81
0.0784302,81
0.0787354,81
0.0787354,81
0.0790405,81
0.0793457,81
0.0793457,81
0.0787354,81
0.078125,81
0.0772095,81
0.0765991,81
0.0759888,81
0.0756836,81
0.0756836,81
0.0759888,81
0.0765991,81
0.0775146,81
0.0790405,81
0.0808716,81
0.083313,81
0.0857544,81
0.0888062,81
0.0921631,81
0.09552,81
0.0991821,81
0.102539,81
0.105591,81
0.108643,81
0.111694,81
0.114441,81
0.117493,81
0.120544,81
0.123291,81
0.125732,81
0.127563,81
0.129089,81
0.130005,81
0.13092,81
0.131836,81
0.132751,81
0.133972,81
0.135193,81
0.135803,81
0.136719,81
0.137024,81
0.137024,81
0.137024,81
0.137024,81
0.137329,81
0.137634,81
0.13855,81
0.139771,81
0.141296,81
0.143127,81
0.144958,81
0.147095,81
0.149536,81
0.151672,81
0.153809,81
0.155945,81
0.157471,81
0.158997,81
0.159912,81
0.160522,81
0.160828,81
0.161133,81
0.161438,81
0.161743,81
0.161743,81
0.161743,81
0.161438,81
0.160522,81
0.159607,81
0.158081,81
0.156555,81
0.154724,81
0.152893,81
0.151367,81
0.149536,81
0.1474,81
0.144958,81
0.142517,81
0.139771,81
0.137024,81
0.133972,81
0.130615,81
0.126648,81
0.122681,81
0.118103,81
0.113831,81
0.109253,81
0.10437,81
0.0994873,81
0.0942993,81
0.0888062,81
0.083313,81
0.0775146,81
0.0717163,81
0.065918,81
0.0601196,81
0.0543213,81
0.0491333,81
0.0439453,81
0.0393677,81
0.03479,81
0.0308228,81
0.0274658,81
0.0241089,81
0.0213623,81
0.0186157,81
0.0158691,81
0.0128174,81
0.0100708,81
0.00701904,81
0.00396729,81
0.000915527,81
-0.00183105,81
-0.00488281,81
-0.00762939,81
-0.0106812,81
-0.0140381,81
-0.0180054,81
-0.0219727,81
-0.0262451,81
-0.0299072,81
-0.0335693,81
-0.0369263,81
-0.039978,81
-0.0430298,81
-0.0460815,81
-0.0488281,81
-0.0515747,81
-0.0537109,81
-0.0552368,81
-0.0567627,81
-0.0579834,81
-0.0588989,81
-0.0598145,81
-0.0601196,81
-0.0601196,81
-0.0601196,81
-0.0601196,81
-0.0601196,81
-0.0598145,81
-0.0601196,81
-0.0601196,81
-0.0601196,81
-0.0601196,81
-0.0601196,81
-0.0598145,81
-0.0598145,81
-0.0592041,81
-0.0588989,81
-0.0582886,81
-0.0576782,81
-0.0570679,81
-0.0567627,81
-0.0567627,81
-0.0564575,81
-0.0564575,81
-0.0561523,81
-0.0558472,81
-0.0558472,81
-0.0561523,81
-0.0567627,81
-0.057373,81
-0.0579834,81
-0.0582886,81
-0.0582886,81
-0.0585938,81
-0.0585938,81
-0.0588989,81
-0.0592041,81
-0.0598145,81
-0.0604248,81
-0.06073,81
-0.0610352,81
-0.0610352,81
-0.06073,81
-0.0604248,81
-0.0598145,81
-0.0588989,81
-0.0579834,81
-0.0570679,81
-0.0561523,81
-0.055542,81
-0.0546265,81
-0.0540161,81
-0.0531006,81
-0.0515747,81
-0.050354,81
-0.0491333,81
-0.0482178,81
-0.0476074,81
-0.0476074,81
-0.0473022,81
-0.0473022,81
-0.0476074,81
-0.0476074,81
-0.0479126,81
-0.0482178,81
-0.0485229,81
-0.0488281,81
-0.0491333,81
-0.0491333,81
-0.0488281,81
-0.0482178,81
-0.0482178,81
-0.0482178,81
-0.0488281,81
-0.0497437,81
-0.0509644,81
-0.0518799,81
-0.0524902,81
-0.0527954,81
-0.0527954,81
-0.0521851,81
-0.0515747,81
-0.0506592,81
-0.0500488,81
-0.0494385,81
-0.0488281,81
-0.0485229,81
-0.0482178,81
-0.0476074,81
-0.0469971,81
-0.0457764,81
-0.0445557,81
-0.0430298,81
-0.0411987,81
-0.0393677,81
-0.0378418,81
-0.0366211,81
-0.0357056,81
-0.03479,81
-0.0338745,81
-0.0326538,81
-0.0311279,81
-0.0292969,81
-0.0274658,81
-0.0262451,81
-0.0256348,81
-0.0253296,81
-0.0259399,81
-0.0265503,81
-0.0274658,81
-0.0280762,81
-0.0286865,81
-0.0286865,81
-0.0289917,81
-0.0289917,81
-0.0296021,81
-0.0302124,81
-0.0305176,81
-0.0311279,81
-0.0311279,81
-0.0311279,81
-0.0311279,81
-0.0311279,81
-0.0311279,81
-0.0308228,81
-0.0305176,81
-0.0302124,81
-0.0296021,81
-0.0292969,81
-0.0286865,81
-0.0280762,81
-0.027771,81
-0.0274658,81
-0.0274658,81
-0.0274658,81
-0.0271606,81
-0.0268555,81
-0.0268555,81
-0.0265503,81
-0.0262451,81
-0.0259399,81
-0.0256348,81
-0.0256348,81
-0.0256348,81
-0.0253296,81
-0.0253296,81
-0.0250244,81
-0.0247192,81
-0.0247192,81
-0.0247192,81
-0.0250244,81
-0.0256348,81
-0.0259399,81
-0.0265503,81
-0.0268555,81
-0.027771,81
-0.0289917,81
-0.0305176,81
-0.0320435,81
-0.0335693,81
-0.0354004,81
-0.0372314,81
-0.0387573,81
-0.0402832,81
-0.0418091,81
-0.043335,81
-0.0439453,81
-0.0442505,81
-0.0442505,81
-0.0442505,81
-0.0439453,81
-0.043335,81
-0.0427246,81
-0.0418091,81
-0.0408936,81
-0.039978,81
-0.0387573,81
-0.0375366,81
-0.0363159,81
-0.0354004,81
-0.03479,81
-0.0341797,81
-0.0338745,81
-0.0338745,81
-0.0341797,81
-0.0344849,81
-0.0354004,81
-0.0363159,81
-0.0378418,81
-0.0393677,81
-0.0408936,81
-0.0424194,81
-0.0436401,81
-0.0445557,81
-0.045166,81
-0.0460815,81
-0.0466919,81
-0.0476074,81
-0.0482178,81
-0.0488281,81
-0.0494385,81
-0.0494385,81
-0.0491333,81
-0.0488281,81
-0.0485229,81
-0.0482178,81
-0.0479126,81
-0.0476074,81
-0.0473022,81
-0.0469971,81
-0.0469971,81
-0.0469971,81
-0.0469971,81
-0.0476074,81
-0.0482178,81
-0.0491333,81
-0.0500488,81
-0.0515747,81
-0.0527954,81
-0.0540161,81
-0.0546265,81
-0.0546265,81
-0.0540161,81
-0.0534058,81
-0.0531006,81
-0.0531006,81
-0.0531006,81
-0.0534058,81
-0.0534058,81
-0.0537109,81
-0.0537109,81
-0.0537109,81
-0.0534058,81
-0.0531006,81
-0.0524902,81
-0.0521851,81
-0.0521851,81
-0.0518799,81
-0.0521851,81
-0.0521851,81
-0.0521851,81
-0.0524902,81
-0.0527954,81
-0.0534058,81
-0.0540161,81
-0.0546265,81
-0.055542,81
-0.0564575,81
-0.0570679,81
-0.0576782,81
-0.0579834,81
-0.0576782,81
-0.0570679,81
-0.0561523,81
-0.055542,81
-0.0549316,81
-0.0543213,81
-0.0537109,81
-0.0537109,81
-0.0540161,81
-0.0543213,81
-0.0546265,81
-0.0549316,81
-0.0549316,81
-0.0549316,81
-0.0546265,81
-0.0546265,81
-0.0549316,81
-0.055542,81
-0.0567627,81
-0.0579834,81
-0.0588989,81
-0.0595093,81
-0.0598145,81
-0.0601196,81
-0.0604248,81
-0.0604248,81
-0.06073,81
-0.06073,81
-0.06073,81
-0.0610352,81
-0.0616455,81
-0.0622559,81
-0.0628662,81
-0.0631714,81
-0.0631714,81
-0.0631714,81
-0.0631714,81
-0.0628662,81
-0.0628662,81
-0.062561,81
-0.062561,81
-0.0628662,81
-0.0631714,81
-0.0634766,81
-0.0634766,81
-0.0637817,81
-0.0637817,81
-0.0637817,81
-0.0634766,81
-0.0631714,81
-0.062561,81
-0.0619507,81
-0.0610352,81
-0.0604248,81
-0.0592041,81
-0.0582886,81
-0.057373,81
-0.0570679,81
-0.0567627,81
-0.0567627,81
-0.0567627,81
-0.0567627,81
-0.0564575,81
-0.0561523,81
-0.055542,81
-0.055542,81
-0.055542,81
-0.0558472,81
-0.0561523,81
-0.0570679,81
-0.0576782,81
-0.0585938,81
-0.0592041,81
-0.0595093,81
-0.0598145,81
-0.0604248,81
-0.0613403,81
-0.0619507,81
-0.0628662,81
-0.0634766,81
-0.0634766,81
-0.0631714,81
-0.062561,81
-0.0619507,81
-0.0613403,81
-0.0604248,81
-0.0592041,81
-0.0579834,81
-0.0567627,81
-0.055542,81
-0.0543213,81
-0.0534058,81
-0.0524902,81
-0.0515747,81
-0.0506592,81
-0.0497437,81
-0.0488281,81
-0.0485229,81
-0.0488281,81
-0.0494385,81
-0.050354,81
-0.0515747,81
-0.0531006,81
-0.0546265,81
-0.0561523,81
-0.0576782,81
-0.0595093,81
-0.0616455,81
-0.0640869,81
-0.065918,81
-0.0671387,81
-0.067749,81
-0.067749,81
-0.0668335,81
-0.0653076,81
-0.0631714,81
-0.06073,81
-0.0579834,81
-0.0546265,81
-0.0506592,81
-0.0463867,81
-0.0418091,81
-0.0372314,81
-0.0326538,81
-0.0280762,81
-0.0238037,81
-0.0198364,81
-0.0158691,81
-0.012207,81
-0.00854492,81
-0.00518799,81
-0.00183105,81
0.00152588,81
0.00457764,81
0.00732422,81
0.0100708,81
0.0125122,81
0.0152588,81
0.0180054,81
0.020752,81
0.0241089,81
0.0271606,81
0.0305176,81
0.0335693,81
0.0369263,81
0.039978,81
0.0427246,81
0.0454712,81
0.0479126,81
0.0497437,81
0.0515747,81
0.0527954,81
0.0534058,81
0.0537109,81
0.0531006,81
0.0521851,81
0.0506592,81
0.0488281,81
0.0466919,81
0.0442505,81
0.0415039,81
0.0384521,81
0.03479,81
0.0311279,81
0.0271606,81
0.022583,81
0.0180054,81
0.0131226,81
0.00823975,81
0.00366211,81
-0.000915527,81
-0.00518799,81
-0.00915527,81
-0.0137329,81
-0.0180054,81
-0.022583,81
-0.0271606,81
-0.0317383,81
-0.0357056,81
-0.0390625,81
-0.0418091,81
-0.0442505,81
-0.0460815,81
-0.0479126,81
-0.0494385,81
-0.0506592,81
-0.0521851,81
-0.0531006,81
-0.0540161,81
-0.0552368,81
-0.0561523,81
-0.0570679,81
-0.0582886,81
-0.0595093,81
-0.06073,81
-0.0622559,81
-0.0637817,81
-0.0653076,81
-0.0665283,81
-0.0680542,81
-0.0692749,81
-0.0704956,81
-0.0720215,81
-0.0741577,81
-0.0762939,81
-0.0790405,81
-0.0814819,81
-0.0839233,81
-0.0854492,81
-0.0866699,81
-0.0872803,81
-0.0872803,81
-0.0872803,81
-0.0872803,81
-0.0869751,81
-0.0869751,81
-0.0869751,81
-0.0869751,81
-0.0875854,81
-0.088501,81
-0.0894165,81
-0.0906372,81
-0.0915527,81
-0.0924683,81
-0.0933838,81
-0.093689,81
-0.0939941,81
-0.0942993,81
-0.0942993,81
-0.0949097,81
-0.09552,81
-0.0961304,81
-0.0967407,81
-0.0973511,81
-0.0979614,81
-0.0982666,81
-0.0985718,81
-0.0985718,81
-0.0985718,81
-0.0979614,81
-0.0973511,81
-0.0961304,81
-0.0949097,81
-0.0939941,81
-0.0933838,81
-0.0927734,81
-0.0921631,81
-0.0915527,81
-0.0906372,81
-0.0891113,81
-0.0872803,81
-0.085144,81
-0.0823975,81
-0.0790405,81
-0.0753784,81
-0.0708008,81
-0.0656128,81
-0.0598145,81
-0.0527954,81
-0.0445557,81
-0.03479,81
-0.0231934,81
-0.00976563,81
0.00549316,81
0.0228882,81
0.0421143,81
0.0634766,81
0.0866699,81
0.111694,81
0.138245,81
0.166321,81
0.195313,81
0.225525,81
0.255737,81
0.285339,81
0.313416,81
0.339355,81
0.362244,81
0.380859,81
0.394287,81
0.401917,81
0.403748,81
0.39978,81
0.390015,81
0.375671,81
0.356445,81
0.332336,81
0.30426,81
0.272217,81
0.237427,81
0.200195,72
0.161743,72
0.122375,72
0.083313,72
0.0448608,72
0.00854492,72
-0.0253296,72
-0.0558472,72
-0.0823975,72
-0.104065,72
-0.12085,72
-0.132446,72
-0.138855,72
-0.140991,72
-0.139465,72
-0.134277,72
-0.126953,72
-0.117493,72
-0.106812,72
-0.09552,72
-0.0839233,72
-0.072937,72
-0.062561,72
-0.0540161,72
-0.0463867,72
-0.039978,72
-0.03479,72
-0.0308228,72
-0.0280762,72
-0.0268555,72
-0.0265503,72
-0.0271606,72
-0.0286865,72
-0.0305176,72
-0.0326538,72
-0.0350952,72
-0.0378418,72
-0.0405884,72
-0.0430298,72
-0.0454712,72
-0.0479126,72
-0.0497437,72
-0.0515747,72
-0.0534058,72
-0.0552368,72
-0.0570679,72
-0.0585938,72
-0.0601196,72
-0.0613403,72
-0.0616455,72
-0.0622559,72
-0.062561,72
-0.0634766,72
-0.0646973,72
-0.0665283,72
-0.0680542,72
-0.0692749,72
-0.0701904,72
-0.0708008,72
-0.0704956,72
-0.0701904,72
-0.0695801,72
-0.0686646,72
-0.067749,72
-0.0665283,72
-0.0653076,72
-0.0640869,72
-0.062561,72
-0.0610352,72
-0.0598145,72
-0.0585938,72
-0.057373,72
-0.0558472,72
-0.0546265,72
-0.0537109,72
-0.0527954,72
-0.0521851,72
-0.0515747,72
-0.0512695,72
-0.0509644,72
-0.0509644,72
-0.0506592,72
-0.0506592,72
-0.0506592,72
-0.0509644,72
-0.0512695,72
-0.0515747,72
-0.0521851,72
-0.0524902,72
-0.0524902,72
-0.0524902,72
-0.0521851,72
-0.0521851,72
-0.0521851,72
-0.0524902,72
-0.0531006,72
-0.0540161,72
-0.0549316,72
-0.055542,72
-0.0561523,72
-0.0564575,72
-0.0567627,72
-0.0567627,72
-0.0567627,72
-0.0567627,72
-0.0561523,72
-0.055542,72
-0.0546265,72
-0.0537109,72
-0.0524902,72
-0.0515747,72
-0.0506592,72
-0.0500488,72
-0.0494385,72
-0.0488281,72
-0.0479126,72
-0.0463867,72
-0.0448608,72
-0.0427246,72
-0.0402832,72
-0.038147,72
-0.0360107,72
-0.0341797,72
-0.0323486,72
-0.0311279,72
-0.0299072,72
-0.0289917,72
-0.0283813,72
-0.027771,72
-0.0268555,72
-0.0259399,72
-0.0247192,72
-0.0231934,72
-0.0216675,72
-0.0198364,72
-0.017395,72
-0.0152588,72
-0.0128174,72
-0.0109863,72
-0.00946045,72
-0.00823975,72
-0.00732422,72
-0.00671387,72
-0.00610352,72
-0.00579834,72
-0.00549316,72
-0.00518799,72
-0.00488281,72
-0.00457764,72
-0.00457764,72
-0.00427246,72
-0.00427246,72
-0.00396729,72
-0.00335693,72
-0.00305176,72
-0.00244141,72
-0.00183105,72
-0.0012207,72
-0.000610352,72
0.000305176,72
0.0012207,72
0.00305176,72
0.00488281,72
0.00701904,72
0.00946045,72
0.012207,72
0.0146484,72
0.0170898,72
0.0192261,72
0.0216675,72
0.0244141,72
0.0268555,72
0.0296021,72
0.0317383,72
0.0335693,72
0.0350952,72
0.0360107,72
0.0369263,72
0.038147,72
0.0396729,72
0.0418091,72
0.0439453,72
0.0460815,72
0.0482178,72
0.050354,72
0.0527954,72
0.0552368,72
0.057373,72
0.0595093,72
0.0610352,72
0.0622559,72
0.0631714,72
0.0640869,72
0.0646973,72
0.0653076,72
0.0662231,72
0.0674438,72
0.0686646,72
0.0698853,72
0.0704956,72
0.071106,72
0.071106,72
0.071106,72
0.0714111,72
0.0717163,72
0.0723267,72
0.0735474,72
0.0747681,72
0.0762939,72
0.078125,72
0.0796509,72
0.0814819,72
0.083313,72
0.0854492,72
0.0875854,72
0.0900269,72
0.0927734,72
0.0952148,72
0.0976563,72
0.100098,72
0.102539,72
0.104675,72
0.106812,72
0.108337,72
0.109558,72
0.110474,72
0.111084,72
0.111389,72
0.111389,72
0.110779,72
0.109863,72
0.108643,72
0.107117,72
0.105591,72
0.103455,72
0.101318,72
0.0991821,72
0.0964355,72
0.0939941,72
0.0912476,72
0.0888062,72
0.0866699,72
0.0842285,72
0.0814819,72
0.078125,72
0.0747681,72
0.0714111,72
0.0680542,72
0.0646973,72
0.0616455,72
0.0582886,72
0.0552368,72
0.0518799,72
0.0482178,72
0.0442505,72
0.0402832,72
0.0366211,72
0.0326538,72
0.0286865,72
0.0250244,72
0.0210571,72
0.0170898,72
0.0128174,72
0.00854492,72
0.00427246,72
0,72
-0.00457764,72
-0.00854492,72
-0.0128174,72
-0.0167847,72
-0.0204468,72
-0.0244141,72
-0.0280762,72
-0.0317383,72
-0.0354004,72
-0.0387573,72
-0.0421143,72
-0.0457764,72
-0.0497437,72
-0.0537109,72
-0.0576782,72
-0.0619507,72
-0.0656128,72
-0.0689697,72
-0.0720215,72
-0.0747681,72
-0.0772095,72
-0.0796509,72
-0.0817871,72
-0.0839233,72
-0.0857544,72
-0.0875854,72
-0.0894165,72
-0.0912476,72
-0.0930786,72
-0.0946045,72
-0.0964355,72
-0.0982666,72
-0.0997925,72
-0.101013,72
-0.101929,72
-0.102844,72
-0.103149,72
-0.10376,72
-0.104065,72
-0.104675,72
-0.105286,72
-0.105896,72
-0.106506,72
-0.107117,72
-0.107727,72
-0.108337,72
-0.108643,72
-0.109253,72
-0.109558,72
-0.109863,72
-0.110474,72
-0.111084,72
-0.112,72
-0.112915,72
-0.113831,72
-0.114441,72
-0.115051,72
-0.115356,72
-0.115662,72
-0.115662,72
-0.115356,72
-0.115356,72
-0.115356,72
-0.115051,72
-0.114441,72
-0.114136,72
-0.113525,72
-0.112915,72
-0.112305,72
-0.111694,72
-0.111084,72
-0.110474,72
-0.109558,72
-0.108948,72
-0.108032,72
-0.107422,72
-0.107422,72
-0.107727,72
-0.108032,72
-0.108337,72
-0.108643,72
-0.108948,72
-0.109253,72
-0.109558,72
-0.109863,72
-0.109863,72
-0.110168,72
-0.110168,72
-0.110168,72
-0.110168,72
-0.109558,72
-0.108948,72
-0.108032,72
-0.106812,72
-0.105591,72
-0.104675,72
-0.10376,72
-0.102844,72
-0.101624,72
-0.100403,72
-0.098877,72
-0.0970459,72
-0.09552,72
-0.093689,72
-0.0921631,72
-0.090332,72
-0.088501,72
-0.0866699,72
-0.085144,72
-0.0836182,72
-0.0823975,72
-0.0811768,72
-0.0802612,72
-0.0793457,72
-0.0784302,72
-0.0778198,72
-0.0772095,72
-0.0769043,72
-0.0769043,72
-0.0765991,72
-0.0769043,72
-0.0772095,72
-0.0778198,72
-0.0784302,72
-0.0790405,72
-0.0796509,72
-0.0799561,72
-0.0799561,72
-0.0796509,72
-0.0793457,72
-0.0787354,72
-0.078125,72
-0.0772095,72
-0.0762939,72
-0.0750732,72
-0.0738525,72
-0.0723267,72
-0.0704956,72
-0.0686646,72
-0.0668335,72
-0.0653076,72
-0.0640869,72
-0.0631714,72
-0.0622559,72
-0.0616455,72
-0.0613403,72
-0.0613403,72
-0.0616455,72
-0.062561,72
-0.0637817,72
-0.0650024,72
-0.065918,72
-0.0671387,72
-0.0683594,72
-0.0695801,72
-0.0708008,72
-0.0720215,72
-0.0732422,72
-0.0744629,72
-0.0756836,72
-0.0762939,72
-0.0772095,72
-0.0778198,72
-0.078125,72
-0.0784302,72
-0.0787354,72
-0.0790405,72
-0.0793457,72
-0.0793457,72
-0.0793457,72
-0.0790405,72
-0.0784302,72
-0.078125,72
-0.0772095,72
-0.0762939,72
-0.0750732,72
-0.0738525,72
-0.0726318,72
-0.0717163,72
-0.071106,72
-0.0708008,72
-0.0708008,72
-0.0704956,72
-0.0701904,72
-0.0692749,72
-0.0683594,72
-0.0674438,72
-0.0662231,72
-0.0650024,72
-0.0640869,72
-0.0634766,72
-0.0631714,72
-0.0631714,72
-0.0631714,72
-0.0634766,72
-0.0634766,72
-0.0637817,72
-0.0643921,72
-0.0650024,72
-0.0656128,72
-0.0662231,72
-0.0671387,72
-0.0674438,72
-0.067749,72
-0.067749,72
-0.067749,72
-0.0680542,72
-0.0683594,72
-0.0689697,72
-0.0698853,72
-0.0708008,72
-0.0717163,72
-0.072937,72
-0.0738525,72
-0.0747681,72
-0.0756836,72
-0.0762939,72
-0.0769043,72
-0.0772095,72
-0.0775146,72
-0.0778198,72
-0.0775146,72
-0.0772095,72
-0.0762939,72
-0.0753784,72
-0.0738525,72
-0.0726318,72
-0.0717163,72
-0.071106,72
-0.0701904,72
-0.0695801,72
-0.0686646,72
-0.067749,72
-0.0665283,72
-0.0653076,72
-0.0640869,72
-0.0631714,72
-0.0628662,72
-0.0631714,72
-0.0637817,72
-0.0653076,72
-0.0668335,72
-0.0683594,72
-0.0698853,72
-0.071106,72
-0.0720215,72
-0.0726318,72
-0.072937,72
-0.072937,72
-0.0732422,72
-0.0732422,72
-0.0732422,72
-0.072937,72
-0.0723267,72
-0.0717163,72
-0.071106,72
-0.0704956,72
-0.0698853,72
-0.0695801,72
-0.0689697,72
-0.0686646,72
-0.0680542,72
-0.0680542,72
-0.0680542,72
-0.0683594,72
-0.0689697,72
-0.0695801,72
-0.0708008,72
-0.0717163,72
-0.0732422,72
-0.0747681,72
-0.0759888,72
-0.0775146,72
-0.0784302,72
-0.0793457,72
-0.0802612,72
-0.0808716,72
-0.0814819,72
-0.0814819,72
-0.0814819,72
-0.0805664,72
-0.0796509,72
-0.0787354,72
-0.0778198,72
-0.0769043,72
-0.0762939,72
-0.0753784,72
-0.0750732,72
-0.0744629,72
-0.0738525,72
-0.0732422,72
-0.0720215,72
-0.0704956,72
-0.0686646,72
-0.0668335,72
-0.0653076,72
-0.0640869,72
-0.0637817,72
-0.0637817,72
-0.0640869,72
-0.0646973,72
-0.0653076,72
-0.065918,72
-0.0665283,72
-0.0671387,72
-0.067749,72
-0.0683594,72
-0.0692749,72
-0.0698853,72
-0.0708008,72
-0.0720215,72
-0.0732422,72
-0.0747681,72
-0.0765991,72
-0.0784302,72
-0.0799561,72
-0.0814819,72
-0.0820923,72
-0.0827026,72
-0.0827026,72
-0.0823975,72
-0.0817871,72
-0.0805664,72
-0.0793457,72
-0.0775146,72
-0.0759888,72
-0.0747681,72
-0.0735474,72
-0.0726318,72
-0.0723267,72
-0.0720215,72
-0.0720215,72
-0.0720215,72
-0.0720215,72
-0.0717163,72
-0.0714111,72
-0.071106,72
-0.071106,72
-0.0708008,72
-0.071106,72
-0.0714111,72
-0.0720215,72
-0.0726318,72
-0.0732422,72
-0.0738525,72
-0.0744629,72
-0.0747681,72
-0.0750732,72
-0.0750732,72
-0.0750732,72
-0.0747681,72
-0.0747681,72
-0.0744629,72
-0.0741577,72
-0.0738525,72
-0.0735474,72
-0.0732422,72
-0.0732422,72
-0.0732422,72
-0.0735474,72
-0.0738525,72
-0.0744629,72
-0.0753784,72
-0.0762939,72
-0.0772095,72
-0.0778198,72
-0.078125,72
-0.0784302,72
-0.0784302,72
-0.078125,72
-0.0778198,72
-0.0772095,72
-0.0765991,72
-0.0759888,72
-0.0756836,72
-0.0753784,72
-0.0750732,72
-0.0750732,72
-0.0747681,72
-0.0747681,72
-0.0747681,72
-0.0744629,72
-0.0741577,72
-0.0738525,72
-0.0738525,72
-0.0735474,72
-0.0735474,72
-0.0735474,72
-0.0741577,72
-0.0747681,72
-0.0753784,72
-0.0759888,72
-0.0759888,72
-0.0756836,72
-0.0747681,72
-0.0735474,72
-0.0717163,72
-0.0692749,72
-0.0662231,72
-0.062561,72
-0.0582886,72
-0.0537109,72
-0.0488281,72
-0.0439453,72
-0.0393677,72
-0.0344849,72
-0.0296021,72
-0.0247192,72
-0.0201416,72
-0.015564,72
-0.0115967,72
-0.00762939,72
-0.00427246,72
-0.0012207,72
0.00152588,72
0.00396729,72
0.00610352,72
0.00823975,72
0.00976563,72
0.0112915,72
0.0128174,72
0.0143433,72
0.0158691,72
0.017395,72
0.0195313,72
0.0219727,72
0.0244141,72
0.0268555,72
0.0289917,72
0.0305176,72
0.0317383,72
0.0323486,72
0.032959,72
0.0332642,72
0.0332642,72
0.032959,72
0.0326538,72
0.0317383,72
0.0305176,72
0.0286865,72
0.0259399,72
0.0228882,72
0.0195313,72
0.0158691,72
0.012207,72
0.00823975,72
0.00457764,72
0.000610352,72
-0.00305176,72
-0.00640869,72
-0.00976563,72
-0.0131226,72
-0.0161743,72
-0.0189209,72
-0.0216675,72
-0.0238037,72
-0.0259399,72
-0.0274658,72
-0.0289917,72
-0.0308228,72
-0.0323486,72
-0.0341797,72
-0.0363159,72
-0.0387573,72
-0.0415039,72
-0.0442505,72
-0.0473022,72
-0.0500488,72
-0.0527954,72
-0.0552368,72
-0.0579834,72
-0.06073,72
-0.0631714,72
-0.065918,72
-0.0683594,72
-0.0704956,72
-0.0726318,72
-0.0747681,72
-0.0762939,72
-0.0778198,72
-0.0793457,72
-0.0805664,72
-0.0814819,72
-0.0823975,72
-0.0827026,72
-0.0830078,72
-0.0830078,72
-0.0827026,72
-0.0823975,72
-0.0820923,72
-0.0817871,72
-0.0814819,72
-0.0811768,72
-0.0805664,72
-0.0799561,72
-0.0790405,72
-0.078125,72
-0.0775146,72
-0.0772095,72
-0.0769043,72
-0.0772095,72
-0.0775146,72
-0.0778198,72
-0.0784302,72
-0.0784302,72
-0.0784302,72
-0.0784302,72
-0.078125,72
-0.0775146,72
-0.0772095,72
-0.0772095,72
-0.0772095,72
-0.0775146,72
-0.078125,72
-0.0784302,72
-0.0787354,72
-0.0790405,72
-0.0790405,72
-0.0790405,72
-0.0790405,72
-0.0790405,72
-0.0793457,72
-0.0796509,72
-0.0802612,72
-0.0808716,72
-0.0814819,72
-0.0820923,72
-0.0823975,72
-0.0823975,72
-0.0823975,72
-0.0820923,72
-0.0817871,72
-0.0805664,72
-0.0790405,72
-0.0769043,72
-0.0741577,72
-0.0704956,72
-0.0662231,72
-0.06073,72
-0.0543213,72
-0.0466919,72
-0.0378418,72
-0.0274658,72
-0.015564,72
-0.00152588,72
0.0146484,72
0.032959,72
0.0534058,72
0.0756836,72
0.100098,72
0.126343,72
0.154114,72
0.1828,72
0.212708,72
0.243225,72
0.274353,72
0.305176,72
0.335388,72
0.364075,72
0.390015,72
0.411682,72
0.428772,72
0.440369,72
0.446167,72
0.445862,72
0.439453,72
0.427246,72
0.409241,72
0.386047,72
0.358276,72
0.326538,72
0.291443,72
0.253906,72
0.214539,72
0.17395,72
0.132446,72
0.0909424,72
0.0509644,72
0.0128174,72
-0.0219727,72
-0.0527954,72
-0.0790405,72
-0.100403,72
-0.116882,72
-0.128174,72
-0.134583,72
-0.136414,72
-0.134277,72
-0.128784,72
-0.120544,72
-0.110779,72
-0.0997925,72
-0.088501,72
-0.0772095,72
-0.0662231,72
-0.0558472,72
-0.0460815,72
-0.0378418,72
-0.0305176,72
-0.0244141,72
-0.0198364,72
-0.0167847,72
-0.0152588,72
-0.0146484,72
-0.0149536,72
-0.0158691,72
-0.0177002,72
-0.0198364,72
-0.0222778,72
-0.0244141,72
-0.0262451,72
-0.027771,72
-0.0292969,72
-0.0305176,72
-0.0314331,72
-0.0323486,72
-0.0335693,72
-0.03479,72
-0.0363159,72
-0.0375366,72
-0.0390625,72
-0.0402832,72
-0.0415039,72
-0.0427246,72
-0.043335,72
-0.0436401,72
-0.0439453,72
-0.0436401,72
-0.0436401,72
-0.043335,72
-0.043335,72
-0.043335,72
-0.0430298,72
-0.0424194,72
-0.0415039,72
-0.0405884,72
-0.0393677,72
-0.0378418,72
-0.0363159,72
-0.03479,72
-0.032959,72
-0.0314331,72
-0.0302124,72
-0.0292969,72
-0.0289917,72
-0.0292969,72
-0.0296021,72
-0.0305176,72
-0.0314331,72
-0.0326538,72
-0.0341797,72
-0.0357056,72
-0.0372314,72
-0.0384521,72
-0.0393677,72
-0.0402832,72
-0.0405884,72
-0.0405884,72
-0.039978,72
-0.0396729,72
-0.0387573,72
-0.0378418,72
-0.0366211,72
-0.03479,72
-0.0320435,72
-0.0289917,72
-0.0256348,72
-0.0219727,72
-0.0186157,72
-0.0152588,72
-0.0128174,72
-0.0106812,72
-0.00915527,72
-0.00793457,72
-0.00732422,72
-0.00671387,72
-0.00671387,72
-0.00640869,72
-0.00671387,72
-0.00701904,72
-0.00793457,72
-0.0088501,72
-0.00976563,72
-0.0106812,72
-0.0115967,72
-0.0119019,72
-0.012207,72
-0.012207,72
-0.0119019,72
-0.0112915,72
-0.010376,72
-0.0088501,72
-0.00701904,72
-0.00488281,72
-0.00244141,72
0.000305176,72
0.00305176,72
0.00610352,72
0.0088501,72
0.0112915,72
0.0131226,72
0.0149536,72
0.0164795,72
0.0177002,72
0.0189209,72
0.0198364,72
0.0204468,72
0.0213623,72
0.0222778,72
0.0231934,72
0.0244141,72
0.0250244,72
0.0256348,72
0.0259399,72
0.0259399,72
0.0259399,72
0.0259399,72
0.0262451,72
0.0265503,72
0.0271606,72
0.0280762,72
0.0292969,72
0.0308228,72
0.0323486,72
0.0341797,72
0.0357056,72
0.0369263,72
0.038147,72
0.0387573,72
0.0393677,72
0.039978,72
0.0405884,72
0.0415039,72
0.0430298,72
0.0445557,72
0.0460815,72
0.0479126,72
0.0491333,72
0.0506592,72
0.0518799,72
0.0531006,72
0.0543213,72
0.055542,72
0.0570679,72
0.0585938,72
0.0604248,72
0.0628662,72
0.0653076,72
0.067749,72
0.0704956,72
0.072937,72
0.0759888,72
0.0787354,72
0.0814819,72
0.0836182,72
0.085144,72
0.0863647,72
0.0878906,72
0.0897217,72
0.0915527,72
0.0930786,72
0.0946045,72
0.0958252,72
0.0970459,72
0.0982666,72
0.0991821,72
0.0997925,72
0.100708,72
0.101624,72
0.102539,72
0.103455,72
0.104065,72
0.105286,72
0.106506,72
0.107727,72
0.109558,72
0.111084,72
0.112915,72
0.115051,72
0.116882,72
0.118713,72
0.120544,72
0.122681,72
0.124512,72
0.126343,72
0.128479,72
0.13031,72
0.132141,72
0.134277,72
0.135803,72
0.137634,72
0.138855,72
0.139771,72
0.140076,72
0.140381,72
0.140381,72
0.140381,72
0.140381,72
0.140076,72
0.140076,72
0.140381,72
0.140991,72
0.141907,72
0.142822,72
0.143433,72
0.144043,72
0.144043,72
0.144043,72
0.144043,72
0.143433,72
0.143127,72
0.142822,72
0.142212,72
0.141602,72
0.140991,72
0.140381,72
0.13916,72
0.137939,72
0.135803,72
0.132751,72
0.129395,72
0.125427,72
0.12085,72
0.116272,72
0.111084,72
0.105591,72
0.100098,72
0.0949097,72
0.0894165,72
0.0839233,72
0.0784302,72
0.0726318,72
0.0668335,72
0.06073,72
0.0546265,72
0.0491333,72
0.0436401,72
0.0384521,72
0.032959,72
0.027771,72
0.0222778,72
0.0170898,72
0.0119019,72
0.00732422,72
0.00335693,72
0,72
-0.00305176,72
-0.00579834,72
-0.0088501,72
-0.0119019,72
-0.0152588,72
-0.0192261,72
-0.0228882,72
-0.0268555,72
-0.0305176,72
-0.0338745,72
-0.0363159,72
-0.0387573,72
-0.0402832,72
-0.0418091,72
-0.0430298,72
-0.0442505,72
-0.0454712,72
-0.0469971,72
-0.0488281,72
-0.0509644,72
-0.0537109,72
-0.0564575,72
-0.0592041,72
-0.0616455,72
-0.0637817,72
-0.0656128,72
-0.0671387,72
-0.0686646,72
-0.0698853,72
-0.0714111,72
-0.0726318,72
-0.0741577,72
-0.0753784,72
-0.0765991,72
-0.0778198,72
-0.0787354,72
-0.0796509,72
-0.0802612,72
-0.0805664,72
-0.0808716,72
-0.0805664,72
-0.0799561,72
-0.0790405,72
-0.078125,72
-0.0772095,72
-0.0759888,72
-0.0744629,72
-0.072937,72
-0.071106,72
-0.0695801,72
-0.0683594,72
-0.0674438,72
-0.0671387,72
-0.0668335,72
-0.0668335,72
-0.0665283,72
-0.0662231,72
-0.0662231,72
-0.0662231,72
-0.0662231,72
-0.0662231,72
-0.0668335,72
-0.0671387,72
-0.067749,72
-0.0683594,72
-0.0686646,72
-0.0686646,72
-0.0686646,72
-0.0683594,72
-0.0683594,72
-0.0683594,72
-0.0683594,72
-0.0680542,72
-0.067749,72
-0.0668335,72
-0.065918,72
-0.0650024,72
-0.0637817,72
-0.0628662,72
-0.0622559,72
-0.0619507,72
-0.0619507,72
-0.0619507,72
-0.0619507,72
-0.0616455,72
-0.0616455,72
-0.0613403,72
-0.0610352,72
-0.06073,72
-0.0604248,72
-0.0604248,72
-0.0601196,72
-0.0598145,72
-0.0592041,72
-0.0588989,72
-0.0582886,72
-0.057373,72
-0.0561523,72
-0.0546265,72
-0.0527954,72
-0.0506592,72
-0.0488281,72
-0.0469971,72
-0.0457764,72
-0.0445557,72
-0.043335,72
-0.0421143,72
-0.0408936,72
-0.0393677,72
-0.0384521,72
-0.0372314,72
-0.0366211,72
-0.0360107,72
-0.0360107,72
-0.0360107,72
-0.0363159,72
-0.0369263,72
-0.0372314,72
-0.0375366,72
-0.0378418,72
-0.038147,72
-0.038147,72
-0.0384521,72
-0.0387573,72
-0.0390625,72
-0.0390625,72
-0.0390625,72
-0.0387573,72
-0.0378418,72
-0.0369263,72
-0.0354004,72
-0.0341797,72
-0.0326538,72
-0.0311279,72
-0.0296021,72
-0.0280762,72
-0.0265503,72
-0.0250244,72
-0.0238037,72
-0.0222778,72
-0.0210571,72
-0.0201416,72
-0.0192261,72
-0.0186157,72
-0.0183105,72
-0.0180054,72
-0.0177002,72
-0.017395,72
-0.0170898,72
-0.0167847,72
-0.0164795,72
-0.0164795,72
-0.0170898,72
-0.0180054,72
-0.0189209,72
-0.0201416,72
-0.0213623,72
-0.022583,72
-0.0234985,72
-0.0241089,72
-0.0247192,72
-0.0253296,72
-0.0256348,72
-0.0256348,72
-0.0253296,72
-0.0253296,72
-0.0250244,72
-0.0250244,72
-0.0253296,72
-0.0256348,72
-0.0259399,72
-0.0262451,72
-0.0262451,72
-0.0262451,72
-0.0262451,72
-0.0256348,72
-0.0250244,72
-0.0241089,72
-0.0231934,72
-0.022583,72
-0.0216675,72
-0.0213623,72
-0.0210571,72
-0.020752,72
-0.020752,72
-0.0204468,72
-0.0204468,72
-0.0204468,72
-0.0201416,72
-0.0201416,72
-0.0195313,72
-0.0192261,72
-0.0192261,72
-0.0189209,72
-0.0189209,72
-0.0183105,72
-0.0177002,72
-0.017395,72
-0.0170898,72
-0.017395,72
-0.0177002,72
-0.0186157,72
-0.0192261,72
-0.0198364,72
-0.0204468,72
-0.020752,72
-0.0210571,72
-0.0216675,72
-0.0222778,72
-0.0228882,72
-0.0234985,72
-0.0234985,72
-0.0234985,72
-0.0231934,72
-0.0228882,72
-0.0228882,72
-0.0228882,72
-0.0228882,72
-0.0228882,72
-0.0231934,72
-0.0231934,72
-0.0228882,72
-0.022583,72
-0.022583,72
-0.0222778,72
-0.022583,72
-0.0228882,72
-0.0238037,72
-0.0253296,72
-0.0268555,72
-0.0286865,72
-0.0299072,72
-0.0311279,72
-0.0323486,72
-0.0332642,72
-0.0338745,72
-0.0344849,72
-0.0350952,72
-0.0354004,72
-0.0357056,72
-0.0360107,72
-0.0366211,72
-0.0369263,72
-0.0375366,72
-0.0375366,72
-0.0372314,72
-0.0369263,72
-0.0363159,72
-0.0357056,72
-0.0354004,72
-0.0350952,72
-0.03479,72
-0.03479,72
-0.0350952,72
-0.0350952,72
-0.0357056,72
-0.0360107,72
-0.0363159,72
-0.0366211,72
-0.0369263,72
-0.0372314,72
-0.0375366,72
-0.0378418,72
-0.038147,72
-0.0384521,72
-0.0387573,72
-0.0390625,72
-0.0390625,72
-0.0387573,72
-0.0384521,72
-0.0375366,72
-0.0369263,72
-0.0357056,72
-0.03479,72
-0.0335693,72
-0.0326538,72
-0.0314331,72
-0.0305176,72
-0.0296021,72
-0.0286865,72
-0.0280762,72
-0.0271606,72
-0.0262451,72
-0.0253296,72
-0.0241089,72
-0.0234985,72
-0.0228882,72
-0.022583,72
-0.022583,72
-0.0228882,72
-0.0231934,72
-0.0234985,72
-0.0238037,72
-0.0241089,72
-0.0244141,72
-0.0250244,72
-0.0256348,72
-0.0265503,72
-0.0274658,72
-0.027771,72
-0.0274658,72
-0.0274658,72
-0.0274658,72
-0.027771,72
-0.0280762,72
-0.0283813,72
-0.0283813,72
-0.0283813,72
-0.0280762,72
-0.0274658,72
-0.0271606,72
-0.0265503,72
-0.0262451,72
-0.0259399,72
-0.0259399,72
-0.0262451,72
-0.0268555,72
-0.027771,72
-0.0286865,72
-0.0296021,72
-0.0305176,72
-0.0314331,72
-0.0320435,72
-0.032959,72
-0.0335693,72
-0.0344849,72
-0.0354004,72
-0.0363159,72
-0.0369263,72
-0.0378418,72
-0.0387573,72
-0.0393677,72
-0.039978,72
-0.0402832,72
-0.0405884,72
-0.0408936,72
-0.0408936,72
-0.0405884,72
-0.039978,72
-0.0390625,72
-0.038147,72
-0.0369263,72
-0.0357056,72
-0.03479,72
-0.0335693,72
-0.0323486,72
-0.0314331,72
-0.0302124,72
-0.0289917,72
-0.027771,72
-0.0265503,72
-0.0253296,72
-0.0247192,72
-0.0238037,72
-0.0231934,72
-0.0228882,72
-0.0222778,72
-0.0219727,72
-0.0219727,72
-0.0216675,72
-0.0216675,72
-0.0219727,72
-0.0219727,72
-0.0219727,72
-0.0219727,72
-0.0213623,72
-0.0210571,72
-0.0204468,72
-0.0201416,72
-0.0204468,72
-0.020752,72
-0.0210571,72
-0.0210571,72
-0.0210571,72
-0.020752,72
-0.0201416,72
-0.0198364,72
-0.0195313,72
-0.0195313,72
-0.0195313,72
-0.0198364,72
-0.0201416,72
-0.0204468,72
-0.020752,72
-0.020752,72
-0.020752,72
-0.0204468,72
-0.0201416,72
-0.0198364,72
-0.0192261,72
-0.0183105,72
-0.0170898,72
-0.0152588,72
-0.0131226,72
-0.010376,72
-0.00762939,72
-0.00549316,72
-0.00366211,72
-0.00274658,72
-0.00244141,72
-0.00244141,72
-0.00274658,72
-0.00305176,72
-0.00335693,72
-0.00366211,72
-0.00335693,72
-0.00305176,72
-0.00244141,72
-0.00213623,72
-0.00183105,72
-0.00183105,72
-0.00183105,72
-0.00183105,72
-0.00152588,72
-0.000915527,72
0.000610352,72
0.00274658,72
0.00579834,72
0.00946045,72
0.0137329,72
0.0183105,72
0.0228882,72
0.027771,72
0.0326538,72
0.0372314,72
0.0421143,72
0.0466919,72
0.0506592,72
0.0546265,72
0.0579834,72
0.0610352,72
0.0634766,72
0.0656128,72
0.0674438,72
0.0692749,72
0.0708008,72
0.0723267,72
0.0741577,72
0.0756836,72
0.0772095,72
0.0787354,72
0.0799561,72
0.0808716,72
0.0811768,72
0.0808716,72
0.0805664,72
0.0799561,72
0.0793457,72
0.0790405,72
0.0793457,72
0.0793457,72
0.0793457,72
0.0790405,72
0.0784302,72
0.0772095,72
0.0756836,72
0.0735474,72
0.0717163,72
0.0695801,72
0.0674438,72
0.0650024,72
0.0622559,72
0.0595093,72
0.0561523,72
0.0527954,72
0.0500488,72
0.0473022,72
0.0454712,72
0.0439453,72
0.0427246,72
0.0415039,72
0.039978,72
0.038147,72
0.0360107,72
0.0338745,72
0.0314331,72
0.0289917,72
0.0265503,72
0.0244141,72
0.0219727,72
0.0195313,72
0.0170898,72
0.0143433,72
0.0115967,72
0.00915527,72
0.00671387,72
0.00457764,72
0.00244141,72
-0.000305176,72
-0.00305176,72
-0.00640869,72
-0.00976563,72
-0.0134277,72
-0.0170898,72
-0.0204468,72
-0.0238037,72
-0.0268555,72
-0.0296021,72
-0.0320435,72
-0.0338745,72
-0.0354004,72
-0.0360107,72
-0.0366211,72
-0.0369263,72
-0.0369263,72
-0.0372314,72
-0.0372314,72
-0.0372314,72
-0.0369263,72
-0.0369263,72
-0.0366211,72
-0.0363159,72
-0.0363159,72
-0.0360107,72
-0.0360107,72
-0.0357056,72
-0.0350952,72
-0.03479,72
-0.0341797,72
-0.0338745,72
-0.0338745,72
-0.0338745,72
-0.0341797,72
-0.03479,72
-0.0354004,72
-0.0360107,72
-0.0366211,72
-0.0372314,72
-0.0375366,72
-0.0375366,72
-0.0372314,72
-0.0369263,72
-0.0363159,72
-0.0360107,72
-0.0357056,72
-0.0360107,72
-0.0360107,72
-0.0363159,72
-0.0363159,72
-0.0363159,72
-0.0363159,72
-0.0363159,72
-0.0360107,72
-0.0350952,72
-0.0338745,72
-0.0326538,72
-0.0308228,72
-0.0286865,72
-0.0262451,72
-0.0234985,72
-0.0201416,72
-0.0164795,72
-0.0125122,72
-0.00823975,72
-0.00305176,72
0.00305176,72
0.0106812,72
0.0198364,72
0.0311279,72
0.0439453,72
0.0585938,72
0.0750732,72
0.0933838,72
0.113831,72
0.136108,72
0.160522,72
0.187073,72
0.215454,72
0.245667,72
0.277405,72
0.310059,72
0.342712,72
0.374756,72
0.405273,72
0.43396,72
0.458984,72
0.479431,72
0.49469,72
0.50415,72
0.507202,72
0.50415,72
0.49469,72
0.479126,72
0.457153,72
0.429688,72
0.397034,72
0.359802,72
0.319214,72
0.275879,70
0.230713,70
0.184326,70
0.137634,70
0.0918579,70
0.0482178,70
0.00762939,70
-0.0286865,70
-0.0601196,70
-0.0860596,70
-0.105591,70
-0.119629,70
-0.127869,70
-0.13092,70
-0.129089,70
-0.122986,70
-0.113525,70
-0.101929,70
-0.0888062,70
-0.0747681,70
-0.0598145,70
-0.045166,70
-0.0308228,70
-0.0170898,70
-0.00457764,70
0.00640869,70
0.015564,70
0.022583,70
0.0280762,70
0.0320435,70
0.0341797,70
0.03479,70
0.0341797,70
0.032959,70
0.0308228,70
0.0283813,70
0.0256348,70
0.0228882,70
0.0201416,70
0.0177002,70
0.0152588,70
0.0134277,70
0.012207,70
0.0112915,70
0.0115967,70
0.012207,70
0.0131226,70
0.0134277,70
0.0134277,70
0.0131226,70
0.0125122,70
0.0115967,70
0.0106812,70
0.00946045,70
0.00823975,70
0.00732422,70
0.00640869,70
0.00579834,70
0.00488281,70
0.00427246,70
0.00335693,70
0.00274658,70
0.00244141,70
0.00213623,70
0.00183105,70
0.00183105,70
0.00244141,70
0.00335693,70
0.00457764,70
0.00640869,70
0.00793457,70
0.00946045,70
0.0109863,70
0.012207,70
0.0134277,70
0.0143433,70
0.015564,70
0.0167847,70
0.0183105,70
0.0192261,70
0.0204468,70
0.0210571,70
0.0216675,70
0.0219727,70
0.0222778,70
0.0219727,70
0.0216675,70
0.0213623,70
0.0210571,70
0.020752,70
0.0204468,70
0.0201416,70
0.0198364,70
0.0198364,70
0.0201416,70
0.020752,70
0.0213623,70
0.0222778,70
0.022583,70
0.0231934,70
0.0234985,70
0.0238037,70
0.0241089,70
0.0247192,70
0.0253296,70
0.0262451,70
0.0268555,70
0.0274658,70
0.0280762,70
0.0286865,70
0.0292969,70
0.0302124,70
0.0311279,70
0.0323486,70
0.0338745,70
0.0357056,70
0.0375366,70
0.0396729,70
0.0415039,70
0.0436401,70
0.0457764,70
0.0479126,70
0.0497437,70
0.0515747,70
0.0531006,70
0.0543213,70
0.055542,70
0.0564575,70
0.057373,70
0.0582886,70
0.0592041,70
0.0601196,70
0.06073,70
0.0613403,70
0.0619507,70
0.0622559,70
0.062561,70
0.062561,70
0.0628662,70
0.0628662,70
0.0631714,70
0.0631714,70
0.0637817,70
0.0643921,70
0.0656128,70
0.0671387,70
0.0686646,70
0.0704956,70
0.0723267,70
0.0741577,70
0.0762939,70
0.0784302,70
0.0808716,70
0.0830078,70
0.085144,70
0.0869751,70
0.088501,70
0.090332,70
0.0918579,70
0.093689,70
0.0952148,70
0.0967407,70
0.0982666,70
0.0991821,70
0.100403,70
0.101318,70
0.102234,70
0.103149,70
0.104065,70
0.10498,70
0.105896,70
0.106812,70
0.107422,70
0.108643,70
0.109863,70
0.111084,70
0.11261,70
0.114136,70
0.115662,70
0.117493,70
0.119019,70
0.12085,70
0.122986,70
0.124817,70
0.127258,70
0.129395,70
0.131836,70
0.134583,70
0.137329,70
0.140076,70
0.142822,70
0.145264,70
0.1474,70
0.149536,70
0.151672,70
0.153809,70
0.155945,70
0.158081,70
0.159912,70
0.161438,70
0.163269,70
0.164795,70
0.166321,70
0.167847,70
0.169373,70
0.171204,70
0.172729,70
0.174255,70
0.176086,70
0.177917,70
0.180054,70
0.18219,70
0.184326,70
0.185852,70
0.187073,70
0.187988,70
0.188904,70
0.189819,70
0.19043,70
0.191345,70
0.192261,70
0.193176,70
0.194092,70
0.195313,70
0.196228,70
0.197144,70
0.198059,70
0.198975,70
0.199585,70
0.199585,70
0.19928,70
0.198364,70
0.197449,70
0.196533,70
0.195618,70
0.194702,70
0.193787,70
0.192871,70
0.191956,70
0.190735,70
0.189819,70
0.188293,70
0.186768,70
0.184326,70
0.181274,70
0.177612,70
0.173645,70
0.169067,70
0.164795,70
0.160217,70
0.15564,70
0.151062,70
0.14679,70
0.142212,70
0.137634,70
0.133362,70
0.128784,70
0.124207,70
0.119629,70
0.114746,70
0.109863,70
0.10498,70
0.100403,70
0.0958252,70
0.0912476,70
0.0863647,70
0.0811768,70
0.0756836,70
0.0704956,70
0.0656128,70
0.06073,70
0.0564575,70
0.0521851,70
0.0482178,70
0.0445557,70
0.0408936,70
0.0372314,70
0.0335693,70
0.0296021,70
0.0256348,70
0.0213623,70
0.0167847,70
0.0128174,70
0.00915527,70
0.00579834,70
0.00274658,70
0,70
-0.00244141,70
-0.00518799,70
-0.00793457,70
-0.010376,70
-0.0125122,70
-0.0146484,70
-0.0161743,70
-0.017395,70
-0.0189209,70
-0.020752,70
-0.022583,70
-0.0241089,70
-0.0256348,70
-0.0268555,70
-0.027771,70
-0.0286865,70
-0.0292969,70
-0.0302124,70
-0.0308228,70
-0.0317383,70
-0.0326538,70
-0.0338745,70
-0.03479,70
-0.0357056,70
-0.0366211,70
-0.0372314,70
-0.038147,70
-0.0387573,70
-0.0393677,70
-0.039978,70
-0.0405884,70
-0.0408936,70
-0.0411987,70
-0.0415039,70
-0.0415039,70
-0.0418091,70
-0.0421143,70
-0.0424194,70
-0.0430298,70
-0.0436401,70
-0.0445557,70
-0.0454712,70
-0.0466919,70
-0.0482178,70
-0.0494385,70
-0.050354,70
-0.0512695,70
-0.0518799,70
-0.0521851,70
-0.0527954,70
-0.0531006,70
-0.0531006,70
-0.0527954,70
-0.0521851,70
-0.0512695,70
-0.0500488,70
-0.0488281,70
-0.0473022,70
-0.0460815,70
-0.0448608,70
-0.043335,70
-0.0418091,70
-0.039978,70
-0.038147,70
-0.0363159,70
-0.03479,70
-0.032959,70
-0.0311279,70
-0.0292969,70
-0.0280762,70
-0.0271606,70
-0.0265503,70
-0.0262451,70
-0.0256348,70
-0.0250244,70
-0.0241089,70
-0.0228882,70
-0.0213623,70
-0.0198364,70
-0.0180054,70
-0.0164795,70
-0.0152588,70
-0.0137329,70
-0.012207,70
-0.0106812,70
-0.00976563,70
-0.0088501,70
-0.00823975,70
-0.00823975,70
-0.00854492,70
-0.0088501,70
-0.00946045,70
-0.00976563,70
-0.0100708,70
-0.010376,70
-0.0106812,70
-0.0109863,70
-0.0109863,70
-0.0112915,70
-0.0119019,70
-0.0125122,70
-0.0137329,70
-0.0143433,70
-0.0149536,70
-0.0149536,70
-0.0146484,70
-0.0143433,70
-0.0140381,70
-0.0137329,70
-0.0131226,70
-0.0125122,70
-0.0115967,70
-0.0106812,70
-0.00976563,70
-0.0088501,70
-0.00823975,70
-0.00762939,70
-0.00732422,70
-0.00732422,70
-0.00701904,70
-0.00701904,70
-0.00640869,70
-0.00579834,70
-0.00488281,70
-0.00427246,70
-0.00335693,70
-0.00274658,70
-0.00183105,70
-0.0012207,70
-0.000610352,70
-0.000305176,70
0,70
-0.000305176,70
-0.000305176,70
-0.000610352,70
-0.000915527,70
-0.000915527,70
-0.0012207,70
-0.00152588,70
-0.00152588,70
-0.00152588,70
-0.0012207,70
-0.000915527,70
0,70
0.000915527,70
0.00213623,70
0.00335693,70
0.00427246,70
0.00457764,70
0.00488281,70
0.00518799,70
0.00549316,70
0.00579834,70
0.00671387,70
0.00762939,70
0.0088501,70
0.0100708,70
0.0109863,70
0.0112915,70
0.0115967,70
0.0112915,70
0.0106812,70
0.00946045,70
0.00823975,70
0.00671387,70
0.00549316,70
0.00427246,70
0.00305176,70
0.00152588,70
0.000305176,70
-0.0012207,70
-0.00244141,70
-0.00335693,70
-0.00396729,70
-0.00457764,70
-0.00488281,70
-0.00518799,70
-0.00549316,70
-0.00610352,70
-0.00640869,70
-0.00701904,70
-0.00701904,70
-0.00701904,70
-0.00701904,70
-0.00701904,70
-0.00701904,70
-0.00701904,70
-0.00701904,70
-0.00671387,70
-0.00640869,70
-0.00579834,70
-0.00518799,70
-0.00427246,70
-0.00366211,70
-0.00274658,70
-0.00213623,70
-0.0012207,70
-0.000610352,70
0,70
0,70
0,70
0,70
-0.000305176,70
-0.000305176,70
0,70
0.000305176,70
0.000915527,70
0.00152588,70
0.00213623,70
0.00274658,70
0.00305176,70
0.00274658,70
0.00183105,70
0.000915527,70
-0.000305176,70
-0.00152588,70
-0.00274658,70
-0.00396729,70
-0.00488281,70
-0.00579834,70
-0.00701904,70
-0.00793457,70
-0.00915527,70
-0.0100708,70
-0.0106812,70
-0.0106812,70
-0.0106812,70
-0.0106812,70
-0.0106812,70
-0.0109863,70
-0.0115967,70
-0.0125122,70
-0.0131226,70
-0.0134277,70
-0.0131226,70
-0.0125122,70
-0.0112915,70
-0.00946045,70
-0.00732422,70
-0.00518799,70
-0.00305176,70
-0.00152588,70
-0.000305176,70
0.000610352,70
0.0012207,70
0.00152588,70
0.0012207,70
0.0012207,70
0.0012207,70
0.000915527,70
0.000610352,70
0.000305176,70
-0.000305176,70
-0.0012207,70
-0.00213623,70
-0.00305176,70
-0.00427246,70
-0.00549316,70
-0.00640869,70
-0.00762939,70
-0.00854492,70
-0.00976563,70
-0.0106812,70
-0.0115967,70
-0.012207,70
-0.0125122,70
-0.0125122,70
-0.012207,70
-0.0115967,70
-0.0106812,70
-0.00946045,70
-0.00823975,70
-0.00701904,70
-0.00579834,70
-0.00488281,70
-0.00396729,70
-0.00305176,70
-0.00274658,70
-0.00274658,70
-0.00305176,70
-0.00366211,70
-0.00457764,70
-0.00518799,70
-0.00579834,70
-0.00610352,70
-0.00610352,70
-0.00610352,70
-0.00640869,70
-0.00671387,70
-0.00701904,70
-0.00762939,70
-0.00823975,70
-0.00915527,70
-0.0100708,70
-0.0109863,70
-0.0112915,70
-0.0115967,70
-0.0109863,70
-0.0100708,70
-0.00854492,70
-0.00701904,70
-0.00518799,70
-0.00366211,70
-0.00274658,70
-0.00213623,70
-0.00183105,70
-0.0012207,70
-0.000610352,70
-0.000305176,70
0.000610352,70
0.000915527,70
0.00183105,70
0.00244141,70
0.00335693,70
0.00457764,70
0.00549316,70
0.00610352,70
0.00610352,70
0.00579834,70
0.00518799,70
0.00396729,70
0.00305176,70
0.00213623,70
0.00183105,70
0.00152588,70
0.00152588,70
0.0012207,70
0.0012207,70
0.000915527,70
0.000610352,70
0.000305176,70
0,70
-0.000305176,70
-0.000305176,70
-0.000305176,70
-0.000305176,70
-0.000305176,70
-0.000305176,70
-0.000305176,70
-0.000610352,70
-0.000610352,70
-0.000305176,70
0,70
0.000610352,70
0.0012207,70
0.00213623,70
0.00274658,70
0.00305176,70
0.00335693,70
0.00305176,70
0.00305176,70
0.00274658,70
0.00274658,70
0.00274658,70
0.00274658,70
0.00274658,70
0.00274658,70
0.00274658,70
0.00274658,70
0.00244141,70
0.00183105,70
0.00152588,70
0.0012207,70
0.000915527,70
0.000915527,70
0.00152588,70
0.00183105,70
0.00244141,70
0.00305176,70
0.00396729,70
0.00488281,70
0.00610352,70
0.00762939,70
0.00946045,70
0.0115967,70
0.0140381,70
0.0167847,70
0.0201416,70
0.0234985,70
0.0271606,70
0.0311279,70
0.0350952,70
0.0390625,70
0.0430298,70
0.0473022,70
0.0512695,70
0.055542,70
0.0592041,70
0.062561,70
0.065918,70
0.0692749,70
0.0723267,70
0.0753784,70
0.0778198,70
0.0802612,70
0.0827026,70
0.0848389,70
0.0866699,70
0.088501,70
0.0897217,70
0.0909424,70
0.0918579,70
0.0924683,70
0.0927734,70
0.0933838,70
0.0939941,70
0.0942993,70
0.0949097,70
0.09552,70
0.09552,70
0.09552,70
0.09552,70
0.0952148,70
0.0949097,70
0.0942993,70
0.0939941,70
0.0933838,70
0.0927734,70
0.0915527,70
0.0906372,70
0.0891113,70
0.0878906,70
0.0863647,70
0.0845337,70
0.0823975,70
0.0799561,70
0.0775146,70
0.0750732,70
0.0723267,70
0.0695801,70
0.0668335,70
0.0637817,70
0.0613403,70
0.0585938,70
0.0564575,70
0.0546265,70
0.0527954,70
0.0512695,70
0.0494385,70
0.0479126,70
0.0460815,70
0.0445557,70
0.0427246,70
0.0405884,70
0.0387573,70
0.0366211,70
0.03479,70
0.032959,70
0.0311279,70
0.0296021,70
0.0280762,70
0.0268555,70
0.0253296,70
0.0234985,70
0.0216675,70
0.0192261,70
0.0167847,70
0.0137329,70
0.010376,70
0.00732422,70
0.00427246,70
0.00152588,70
-0.000915527,70
-0.00335693,70
-0.00549316,70
-0.00732422,70
-0.0088501,70
-0.0106812,70
-0.0125122,70
-0.0140381,70
-0.0152588,70
-0.0164795,70
-0.017395,70
-0.0180054,70
-0.0183105,70
-0.0189209,70
-0.0192261,70
-0.0192261,70
-0.0189209,70
-0.0186157,70
-0.0177002,70
-0.0167847,70
-0.015564,70
-0.0146484,70
-0.0137329,70
-0.0128174,70
-0.0125122,70
-0.012207,70
-0.012207,70
-0.012207,70
-0.0119019,70
-0.0115967,70
-0.0112915,70
-0.0109863,70
-0.0106812,70
-0.0112915,70
-0.0119019,70
-0.0128174,70
-0.0140381,70
-0.0149536,70
-0.0158691,70
-0.0164795,70
-0.0167847,70
-0.0167847,70
-0.0167847,70
-0.0164795,70
-0.0164795,70
-0.0158691,70
-0.015564,70
-0.0149536,70
-0.0143433,70
-0.0137329,70
-0.0128174,70
-0.0115967,70
-0.0100708,70
-0.00823975,70
-0.00610352,70
-0.00335693,70
0.000305176,70
0.00457764,70
0.00976563,70
0.0161743,70
0.0234985,70
0.0326538,70
0.0430298,70
0.055542,70
0.0695801,70
0.0857544,70
0.10376,70
0.123901,70
0.146179,70
0.170898,70
0.197754,70
0.227051,70
0.258484,70
0.292358,70
0.327454,70
0.362854,70
0.397949,70
0.431213,70
0.462341,70
0.489807,70
0.513,70
0.530701,70
0.542297,70
0.547485,70
0.546265,70
0.538025,70
0.523682,70
0.50293,70
0.476685,70
0.444641,70
0.40741,70
0.365601,70
0.320435,70
0.272522,71
0.223083,71
0.172729,71
0.122986,71
0.0750732,71
0.0302124,71
-0.0106812,71
-0.0466919,71
-0.0769043,71
-0.101013,71
-0.119019,71
-0.130615,71
-0.136719,71
-0.137329,71
-0.133362,71
-0.125427,71
-0.114136,71
-0.100403,71
-0.085144,71
-0.0683594,71
-0.0512695,71
-0.0338745,71
-0.0170898,71
-0.0012207,71
0.0134277,71
0.0262451,71
0.0372314,71
0.0457764,71
0.0524902,71
0.057373,71
0.0601196,71
0.0613403,71
0.0610352,71
0.0601196,71
0.0579834,71
0.055542,71
0.0524902,71
0.0491333,71
0.0460815,71
0.0430298,71
0.0402832,71
0.0378418,71
0.0354004,71
0.032959,71
0.0302124,71
0.027771,71
0.0253296,71
0.0231934,71
0.0216675,71
0.0201416,71
0.0192261,71
0.0183105,71
0.0177002,71
0.0170898,71
0.0167847,71
0.0170898,71
0.0177002,71
0.0186157,71
0.0201416,71
0.0216675,71
0.0238037,71
0.0256348,71
0.0271606,71
0.0283813,71
0.0296021,71
0.0305176,71
0.0314331,71
0.0320435,71
0.0326538,71
0.032959,71
0.0332642,71
0.0335693,71
0.0338745,71
0.0344849,71
0.03479,71
0.03479,71
0.03479,71
0.0344849,71
0.0338745,71
0.032959,71
0.0320435,71
0.0311279,71
0.0305176,71
0.0302124,71
0.0305176,71
0.0308228,71
0.0317383,71
0.032959,71
0.0344849,71
0.0363159,71
0.038147,71
0.0396729,71
0.0411987,71
0.0427246,71
0.0439453,71
0.0454712,71
0.0466919,71
0.0479126,71
0.0494385,71
0.0509644,71
0.0524902,71
0.0537109,71
0.0549316,71
0.0558472,71
0.0567627,71
0.057373,71
0.0582886,71
0.0588989,71
0.0592041,71
0.0595093,71
0.0595093,71
0.0595093,71
0.0598145,71
0.0598145,71
0.0601196,71
0.06073,71
0.0613403,71
0.062561,71
0.0637817,71
0.0650024,71
0.065918,71
0.0665283,71
0.0665283,71
0.0665283,71
0.0662231,71
0.065918,71
0.0662231,71
0.0665283,71
0.067749,71
0.0692749,71
0.0708008,71
0.072937,71
0.0750732,71
0.0772095,71
0.0793457,71
0.0814819,71
0.0830078,71
0.0842285,71
0.085144,71
0.0860596,71
0.0866699,71
0.0872803,71
0.0881958,71
0.0894165,71
0.0906372,71
0.0915527,71
0.0924683,71
0.0927734,71
0.0927734,71
0.0924683,71
0.0918579,71
0.0915527,71
0.0915527,71
0.0915527,71
0.0918579,71
0.0924683,71
0.0930786,71
0.093689,71
0.0949097,71
0.0964355,71
0.0982666,71
0.100403,71
0.102844,71
0.105591,71
0.108337,71
0.111084,71
0.114136,71
0.117493,71
0.120544,71
0.123291,71
0.126038,71
0.128784,71
0.131226,71
0.133667,71
0.136414,71
0.138855,71
0.141296,71
0.143738,71
0.146179,71
0.14801,71
0.149841,71
0.151062,71
0.151978,71
0.153198,71
0.154419,71
0.15625,71
0.158386,71
0.160522,71
0.162964,71
0.165405,71
0.167542,71
0.169373,71
0.171204,71
0.173035,71
0.174561,71
0.176086,71
0.177307,71
0.179138,71
0.180969,71
0.183105,71
0.185242,71
0.187378,71
0.189514,71
0.191345,71
0.193176,71
0.195007,71
0.197144,71
0.198975,71
0.200806,71
0.202942,71
0.205078,71
0.207214,71
0.209961,71
0.212708,71
0.215759,71
0.218811,71
0.222168,71
0.22522,71
0.227966,71
0.229797,71
0.231323,71
0.232544,71
0.233459,71
0.23407,71
0.23468,71
0.235291,71
0.235596,71
0.235596,71
0.234985,71
0.233765,71
0.231934,71
0.229187,71
0.22644,71
0.223389,71
0.220337,71
0.217285,71
0.214539,71
0.211792,71
0.209045,71
0.205994,71
0.202942,71
0.199585,71
0.196533,71
0.193787,71
0.19104,71
0.188293,71
0.185852,71
0.183411,71
0.180969,71
0.178223,71
0.175476,71
0.172424,71
0.169067,71
0.16571,71
0.162048,71
0.158386,71
0.154419,71
0.149841,71
0.144958,71
0.140076,71
0.134888,71
0.130005,71
0.124512,71
0.119019,71
0.11322,71
0.106812,71
0.100708,71
0.0946045,71
0.088501,71
0.0823975,71
0.0762939,71
0.0701904,71
0.0646973,71
0.0598145,71
0.0549316,71
0.050354,71
0.0457764,71
0.0418091,71
0.0378418,71
0.0344849,71
0.0314331,71
0.0283813,71
0.0259399,71
0.0234985,71
0.0210571,71
0.0186157,71
0.0161743,71
0.0140381,71
0.012207,71
0.0109863,71
0.00976563,71
0.0088501,71
0.00762939,71
0.00671387,71
0.00579834,71
0.00457764,71
0.00274658,71
0.000610352,71
-0.00183105,71
-0.00427246,71
-0.00701904,71
-0.00915527,71
-0.0112915,71
-0.0128174,71
-0.0143433,71
-0.015564,71
-0.0167847,71
-0.0177002,71
-0.0186157,71
-0.0195313,71
-0.0204468,71
-0.0213623,71
-0.022583,71
-0.0234985,71
-0.0241089,71
-0.0250244,71
-0.0256348,71
-0.0262451,71
-0.0268555,71
-0.0268555,71
-0.0265503,71
-0.0262451,71
-0.0262451,71
-0.0262451,71
-0.0268555,71
-0.027771,71
-0.0286865,71
-0.0296021,71
-0.0305176,71
-0.0308228,71
-0.0311279,71
-0.0317383,71
-0.0320435,71
-0.0320435,71
-0.0323486,71
-0.0323486,71
-0.0323486,71
-0.0317383,71
-0.0311279,71
-0.0302124,71
-0.0289917,71
-0.027771,71
-0.0265503,71
-0.0250244,71
-0.0234985,71
-0.0219727,71
-0.020752,71
-0.0192261,71
-0.0180054,71
-0.0170898,71
-0.0161743,71
-0.015564,71
-0.0149536,71
-0.0149536,71
-0.0149536,71
-0.0149536,71
-0.0152588,71
-0.015564,71
-0.015564,71
-0.0158691,71
-0.015564,71
-0.015564,71
-0.0149536,71
-0.0140381,71
-0.0131226,71
-0.012207,71
-0.0112915,71
-0.0106812,71
-0.0100708,71
-0.00976563,71
-0.00915527,71
-0.00854492,71
-0.00793457,71
-0.00732422,71
-0.00701904,71
-0.00640869,71
-0.00579834,71
-0.00488281,71
-0.00427246,71
-0.00366211,71
-0.00335693,71
-0.00335693,71
-0.00335693,71
-0.00335693,71
-0.00335693,71
-0.00274658,71
-0.00183105,71
-0.000915527,71
0.000305176,71
0.00152588,71
0.00244141,71
0.00366211,71
0.00427246,71
0.00488281,71
0.00518799,71
0.00549316,71
0.00549316,71
0.00579834,71
0.00610352,71
0.00671387,71
0.00671387,71
0.00671387,71
0.00640869,71
0.00579834,71
0.00488281,71
0.00366211,71
0.00274658,71
0.00152588,71
0.000610352,71
-0.000305176,71
-0.000915527,71
-0.0012207,71
-0.0012207,71
-0.0012207,71
-0.000915527,71
-0.000610352,71
-0.000305176,71
0,71
0.000610352,71
0.0012207,71
0.00183105,71
0.00274658,71
0.00396729,71
0.00488281,71
0.00579834,71
0.00640869,71
0.00640869,71
0.00640869,71
0.00640869,71
0.00671387,71
0.00701904,71
0.00732422,71
0.00793457,71
0.00793457,71
0.00793457,71
0.00732422,71
0.00671387,71
0.00610352,71
0.00549316,71
0.00518799,71
0.00488281,71
0.00457764,71
0.00457764,71
0.00427246,71
0.00427246,71
0.00427246,71
0.00427246,71
0.00457764,71
0.00457764,71
0.00457764,71
0.00427246,71
0.00396729,71
0.00335693,71
0.00274658,71
0.00244141,71
0.00183105,71
0.00152588,71
0.00152588,71
0.00152588,71
0.00183105,71
0.00213623,71
0.00274658,71
0.00274658,71
0.00274658,71
0.00244141,71
0.00213623,71
0.00183105,71
0.00213623,71
0.00274658,71
0.00366211,71
0.00488281,71
0.00579834,71
0.00671387,71
0.00732422,71
0.00732422,71
0.00732422,71
0.00701904,71
0.00640869,71
0.00579834,71
0.00518799,71
0.00457764,71
0.00396729,71
0.00366211,71
0.00305176,71
0.00244141,71
0.00183105,71
0.000610352,71
-0.000915527,71
-0.00274658,71
-0.00427246,71
-0.00579834,71
-0.00701904,71
-0.00762939,71
-0.00793457,71
-0.00762939,71
-0.00671387,71
-0.00579834,71
-0.00488281,71
-0.00366211,71
-0.00274658,71
-0.00152588,71
-0.000610352,71
0,71
0.000610352,71
0.000915527,71
0.000915527,71
0.000915527,71
0.000915527,71
0.000610352,71
0.000305176,71
-0.000305176,71
-0.000915527,71
-0.00152588,71
-0.00244141,71
-0.00335693,71
-0.00427246,71
-0.00518799,71
-0.00671387,71
-0.00823975,71
-0.00976563,71
-0.0115967,71
-0.0128174,71
-0.0143433,71
-0.015564,71
-0.0161743,71
-0.0167847,71
-0.0167847,71
-0.0167847,71
-0.0158691,71
-0.0152588,71
-0.0140381,71
-0.0128174,71
-0.0115967,71
-0.0106812,71
-0.00946045,71
-0.00854492,71
-0.00762939,71
-0.00671387,71
-0.00518799,71
-0.00396729,71
-0.00244141,71
-0.000915527,71
0,71
0.000915527,71
0.00152588,71
0.00213623,71
0.00274658,71
0.00335693,71
0.00366211,71
0.00427246,71
0.00427246,71
0.00396729,71
0.00305176,71
0.00152588,71
0,71
-0.00152588,71
-0.00335693,71
-0.00488281,71
-0.00640869,71
-0.00793457,71
-0.00946045,71
-0.0106812,71
-0.0119019,71
-0.0131226,71
-0.0140381,71
-0.0149536,71
-0.0158691,71
-0.0167847,71
-0.017395,71
-0.0180054,71
-0.0180054,71
-0.0180054,71
-0.017395,71
-0.0164795,71
-0.015564,71
-0.0140381,71
-0.0128174,71
-0.0112915,71
-0.0100708,71
-0.0088501,71
-0.00793457,71
-0.00671387,71
-0.00610352,71
-0.00518799,71
-0.00457764,71
-0.00396729,71
-0.00366211,71
-0.00366211,71
-0.00335693,71
-0.00335693,71
-0.00366211,71
-0.00396729,71
-0.00427246,71
-0.00427246,71
-0.00427246,71
-0.00457764,71
-0.00457764,71
-0.00488281,71
-0.00518799,71
-0.00518799,71
-0.00518799,71
-0.00518799,71
-0.00488281,71
-0.00427246,71
-0.00366211,71
-0.00274658,71
-0.00152588,71
-0.000305176,71
0.0012207,71
0.00274658,71
0.00457764,71
0.00640869,71
0.00823975,71
0.0106812,71
0.0134277,71
0.0164795,71
0.0198364,71
0.0234985,71
0.0268555,71
0.0302124,71
0.0335693,71
0.0366211,71
0.0396729,71
0.0427246,71
0.0457764,71
0.0491333,71
0.0524902,71
0.0558472,71
0.0592041,71
0.0622559,71
0.0653076,71
0.0683594,71
0.0708008,71
0.0732422,71
0.0750732,71
0.0769043,71
0.0787354,71
0.0805664,71
0.0823975,71
0.0839233,71
0.0857544,71
0.0872803,71
0.088501,71
0.0894165,71
0.090332,71
0.0906372,71
0.0906372,71
0.0906372,71
0.0897217,71
0.0888062,71
0.0872803,71
0.0857544,71
0.0836182,71
0.0817871,71
0.0796509,71
0.0772095,71
0.0744629,71
0.0714111,71
0.0683594,71
0.0650024,71
0.0616455,71
0.0582886,71
0.0546265,71
0.0509644,71
0.0476074,71
0.0442505,71
0.0411987,71
0.0384521,71
0.0357056,71
0.032959,71
0.0302124,71
0.0274658,71
0.0244141,71
0.0216675,71
0.0192261,71
0.0167847,71
0.0146484,71
0.0125122,71
0.010376,71
0.00823975,71
0.00579834,71
0.00335693,71
0.000610352,71
-0.00213623,71
-0.00488281,71
-0.00793457,71
-0.0109863,71
-0.0137329,71
-0.0167847,71
-0.0198364,71
-0.0228882,71
-0.0259399,71
-0.0286865,71
-0.0317383,71
-0.0344849,71
-0.0369263,71
-0.0390625,71
-0.0411987,71
-0.0430298,71
-0.0445557,71
-0.0460815,71
-0.0476074,71
-0.0485229,71
-0.0494385,71
-0.0500488,71
-0.050354,71
-0.0506592,71
-0.0506592,71
-0.050354,71
-0.050354,71
-0.0500488,71
-0.0500488,71
-0.0500488,71
-0.0497437,71
-0.0497437,71
-0.0494385,71
-0.0494385,71
-0.0491333,71
-0.0488281,71
-0.0482178,71
-0.0479126,71
-0.0473022,71
-0.0463867,71
-0.0454712,71
-0.0442505,71
-0.0427246,71
-0.0415039,71
-0.0402832,71
-0.0393677,71
-0.0387573,71
-0.0384521,71
-0.038147,71
-0.038147,71
-0.038147,71
-0.0384521,71
-0.0384521,71
-0.0387573,71
-0.0393677,71
-0.039978,71
-0.0408936,71
-0.0418091,71
-0.0427246,71
-0.0436401,71
-0.0439453,71
-0.0442505,71
-0.0439453,71
-0.043335,71
-0.0427246,71
-0.0415039,71
-0.0396729,71
-0.0369263,71
-0.0326538,71
-0.0268555,71
-0.0195313,71
-0.010376,71
0.000610352,71
0.0131226,71
0.0274658,71
0.0436401,71
0.0613403,71
0.0808716,71
0.102234,71
0.125732,71
0.151062,71
0.177917,71
0.206604,71
0.236206,71
0.266724,71
0.296936,71
0.326843,71
0.354919,71
0.380554,71
0.402527,71
0.419617,71
0.431213,71
0.436401,71
0.436096,71
0.429688,71
0.418091,71
0.401001,71
0.379028,71
0.351868,71
0.320129,71
0.284729,71
0.245972,71
0.205078,76
0.163269,76
0.12085,76
0.0790405,76
0.0384521,76
0,76
-0.0357056,76
-0.0674438,76
-0.0946045,76
-0.116272,76
-0.132141,76
-0.141907,76
-0.14679,76
-0.146484,76
-0.142212,76
-0.134888,76
-0.124817,76
-0.112915,76
-0.0994873,76
-0.0854492,76
-0.071106,76
-0.0570679,76
-0.0436401,76
-0.0314331,76
-0.0201416,76
-0.010376,76
-0.00274658,76
0.00335693,76
0.00762939,76
0.010376,76
0.0119019,76
0.012207,76
0.0115967,76
0.010376,76
0.0088501,76
0.00701904,76
0.00518799,76
0.00335693,76
0.00213623,76
0.000915527,76
0.000305176,76
-0.000305176,76
-0.000305176,76
0.000305176,76
0.000915527,76
0.00152588,76
0.00244141,76
0.00274658,76
0.00274658,76
0.00244141,76
0.00152588,76
0.000305176,76
-0.0012207,76
-0.00305176,76
-0.00488281,76
-0.00671387,76
-0.00823975,76
-0.00946045,76
-0.0109863,76
-0.0125122,76
-0.0140381,76
-0.0161743,76
-0.0183105,76
-0.0204468,76
-0.0222778,76
-0.0234985,76
-0.0241089,76
-0.0241089,76
-0.0231934,76
-0.0216675,76
-0.0198364,76
-0.0177002,76
-0.0152588,76
-0.0128174,76
-0.0100708,76
-0.00732422,76
-0.00427246,76
-0.00152588,76
0.000915527,76
0.00305176,76
0.00488281,76
0.00640869,76
0.00762939,76
0.00854492,76
0.00915527,76
0.00946045,76
0.00915527,76
0.00854492,76
0.00762939,76
0.00671387,76
0.00549316,76
0.00457764,76
0.00366211,76
0.00244141,76
0.00152588,76
0.000305176,76
-0.000305176,76
-0.000305176,76
0,76
0.000610352,76
0.00152588,76
0.00244141,76
0.00366211,76
0.00518799,76
0.00671387,76
0.00823975,76
0.0100708,76
0.012207,76
0.0140381,76
0.015564,76
0.0167847,76
0.0177002,76
0.0186157,76
0.0195313,76
0.0204468,76
0.0216675,76
0.0222778,76
0.022583,76
0.022583,76
0.022583,76
0.022583,76
0.022583,76
0.0228882,76
0.0234985,76
0.0241089,76
0.0244141,76
0.0247192,76
0.0250244,76
0.0250244,76
0.0253296,76
0.0256348,76
0.0262451,76
0.0268555,76
0.0271606,76
0.027771,76
0.0283813,76
0.0289917,76
0.0299072,76
0.0311279,76
0.0323486,76
0.0332642,76
0.0344849,76
0.0357056,76
0.0372314,76
0.0390625,76
0.0408936,76
0.0427246,76
0.0445557,76
0.0466919,76
0.0485229,76
0.0506592,76
0.0527954,76
0.0552368,76
0.057373,76
0.0592041,76
0.0610352,76
0.062561,76
0.0637817,76
0.0646973,76
0.0653076,76
0.065918,76
0.0665283,76
0.067749,76
0.0689697,76
0.0704956,76
0.0723267,76
0.0738525,76
0.0753784,76
0.0769043,76
0.078125,76
0.0793457,76
0.0805664,76
0.0817871,76
0.0836182,76
0.0854492,76
0.0872803,76
0.0897217,76
0.0921631,76
0.0946045,76
0.0973511,76
0.100403,76
0.103455,76
0.106812,76
0.110474,76
0.113831,76
0.117188,76
0.120239,76
0.122986,76
0.125732,76
0.128174,76
0.13031,76
0.132446,76
0.134583,76
0.136719,76
0.138855,76
0.141296,76
0.143738,76
0.145874,76
0.14801,76
0.149841,76
0.151367,76
0.152588,76
0.153809,76
0.155334,76
0.15686,76
0.158691,76
0.160828,76
0.162964,76
0.164795,76
0.166626,76
0.168762,76
0.170593,76
0.172729,76
0.174561,76
0.176392,76
0.177917,76
0.179138,76
0.180664,76
0.181885,76
0.1828,76
0.183716,76
0.184326,76
0.184631,76
0.184326,76
0.184326,76
0.183716,76
0.183411,76
0.183105,76
0.182495,76
0.18219,76
0.181885,76
0.18158,76
0.181274,76
0.180969,76
0.180359,76
0.180054,76
0.179443,76
0.178833,76
0.177917,76
0.176697,76
0.175476,76
0.17395,76
0.172119,76
0.170288,76
0.167847,76
0.165405,76
0.162659,76
0.159302,76
0.155945,76
0.152283,76
0.14801,76
0.143433,76
0.138245,76
0.132751,76
0.126953,76
0.121155,76
0.115051,76
0.108948,76
0.102844,76
0.0967407,76
0.090332,76
0.0839233,76
0.0775146,76
0.0714111,76
0.0653076,76
0.0595093,76
0.0534058,76
0.0476074,76
0.0418091,76
0.0363159,76
0.0308228,76
0.0256348,76
0.020752,76
0.0161743,76
0.0119019,76
0.00793457,76
0.00396729,76
0,76
-0.00366211,76
-0.00732422,76
-0.0109863,76
-0.0143433,76
-0.0177002,76
-0.0204468,76
-0.022583,76
-0.0247192,76
-0.0268555,76
-0.0292969,76
-0.0314331,76
-0.0335693,76
-0.0357056,76
-0.0375366,76
-0.0393677,76
-0.0408936,76
-0.0421143,76
-0.043335,76
-0.0448608,76
-0.0463867,76
-0.0479126,76
-0.0497437,76
-0.0515747,76
-0.0531006,76
-0.0549316,76
-0.0561523,76
-0.057373,76
-0.0582886,76
-0.0588989,76
-0.0592041,76
-0.0595093,76
-0.0598145,76
-0.0604248,76
-0.0613403,76
-0.0622559,76
-0.0631714,76
-0.0643921,76
-0.0650024,76
-0.0656128,76
-0.065918,76
-0.0662231,76
-0.0668335,76
-0.0674438,76
-0.0683594,76
-0.0695801,76
-0.0704956,76
-0.0717163,76
-0.0723267,76
-0.072937,76
-0.0732422,76
-0.0735474,76
-0.0738525,76
-0.0741577,76
-0.0744629,76
-0.0747681,76
-0.0750732,76
-0.0750732,76
-0.0747681,76
-0.0741577,76
-0.0735474,76
-0.072937,76
-0.0723267,76
-0.0723267,76
-0.0723267,76
-0.0723267,76
-0.0723267,76
-0.0720215,76
-0.0717163,76
-0.0714111,76
-0.0714111,76
-0.071106,76
-0.071106,76
-0.0708008,76
-0.0708008,76
-0.0708008,76
-0.0708008,76
-0.0704956,76
-0.0698853,76
-0.0692749,76
-0.0686646,76
-0.067749,76
-0.0665283,76
-0.0656128,76
-0.0643921,76
-0.0631714,76
-0.0619507,76
-0.0610352,76
-0.0598145,76
-0.0592041,76
-0.0585938,76
-0.0579834,76
-0.0576782,76
-0.057373,76
-0.0564575,76
-0.055542,76
-0.0543213,76
-0.0534058,76
-0.0521851,76
-0.0509644,76
-0.0500488,76
-0.0491333,76
-0.0479126,76
-0.0469971,76
-0.0457764,76
-0.0445557,76
-0.043335,76
-0.0418091,76
-0.0405884,76
-0.0396729,76
-0.0387573,76
-0.038147,76
-0.0378418,76
-0.0378418,76
-0.038147,76
-0.0384521,76
-0.0387573,76
-0.0396729,76
-0.0402832,76
-0.0415039,76
-0.0421143,76
-0.0430298,76
-0.0439453,76
-0.0448608,76
-0.0454712,76
-0.0463867,76
-0.0466919,76
-0.0469971,76
-0.0466919,76
-0.0457764,76
-0.0445557,76
-0.043335,76
-0.0418091,76
-0.0402832,76
-0.0387573,76
-0.0372314,76
-0.0360107,76
-0.0344849,76
-0.032959,76
-0.0314331,76
-0.0299072,76
-0.0283813,76
-0.0271606,76
-0.0259399,76
-0.0250244,76
-0.0241089,76
-0.0231934,76
-0.022583,76
-0.022583,76
-0.022583,76
-0.0234985,76
-0.0244141,76
-0.0259399,76
-0.0271606,76
-0.0280762,76
-0.0289917,76
-0.0296021,76
-0.0299072,76
-0.0305176,76
-0.0308228,76
-0.0314331,76
-0.0320435,76
-0.0326538,76
-0.0335693,76
-0.0344849,76
-0.0354004,76
-0.0360107,76
-0.0366211,76
-0.0372314,76
-0.0378418,76
-0.038147,76
-0.0384521,76
-0.0384521,76
-0.038147,76
-0.0375366,76
-0.0366211,76
-0.0354004,76
-0.0341797,76
-0.032959,76
-0.0320435,76
-0.0317383,76
-0.0314331,76
-0.0314331,76
-0.0314331,76
-0.0311279,76
-0.0311279,76
-0.0308228,76
-0.0305176,76
-0.0302124,76
-0.0299072,76
-0.0292969,76
-0.0289917,76
-0.0289917,76
-0.0292969,76
-0.0302124,76
-0.0314331,76
-0.0323486,76
-0.0332642,76
-0.0341797,76
-0.03479,76
-0.0354004,76
-0.0357056,76
-0.0354004,76
-0.0354004,76
-0.03479,76
-0.0341797,76
-0.0335693,76
-0.0326538,76
-0.0317383,76
-0.0308228,76
-0.0299072,76
-0.0286865,76
-0.0274658,76
-0.0259399,76
-0.0244141,76
-0.0219727,76
-0.0195313,76
-0.0167847,76
-0.0137329,76
-0.0106812,76
-0.00793457,76
-0.00518799,76
-0.00305176,76
-0.0012207,76
0.000305176,76
0.00183105,76
0.00335693,76
0.00518799,76
0.00732422,76
0.010376,76
0.0140381,76
0.0177002,76
0.0216675,76
0.0256348,76
0.0296021,76
0.0335693,76
0.0372314,76
0.0411987,76
0.0448608,76
0.0488281,76
0.0527954,76
0.0567627,76
0.06073,76
0.0643921,76
0.0674438,76
0.0701904,76
0.0723267,76
0.0738525,76
0.0744629,76
0.0744629,76
0.0735474,76
0.0717163,76
0.0695801,76
0.0671387,76
0.0643921,76
0.0613403,76
0.0579834,76
0.0546265,76
0.0509644,76
0.0473022,76
0.0436401,76
0.0396729,76
0.0357056,76
0.0314331,76
0.0271606,76
0.0222778,76
0.0177002,76
0.0131226,76
0.0088501,76
0.00488281,76
0.0012207,76
-0.00244141,76
-0.00640869,76
-0.010376,76
-0.0143433,76
-0.0186157,76
-0.022583,76
-0.0268555,76
-0.0311279,76
-0.0350952,76
-0.0390625,76
-0.0424194,76
-0.0457764,76
-0.0485229,76
-0.0509644,76
-0.0524902,76
-0.0537109,76
-0.0546265,76
-0.0546265,76
-0.0546265,76
-0.0546265,76
-0.0549316,76
-0.0552368,76
-0.0561523,76
-0.0567627,76
-0.0576782,76
-0.0588989,76
-0.0601196,76
-0.0613403,76
-0.0628662,76
-0.0643921,76
-0.065918,76
-0.0680542,76
-0.0701904,76
-0.0723267,76
-0.0744629,76
-0.0769043,76
-0.0790405,76
-0.0811768,76
-0.0830078,76
-0.0845337,76
-0.0857544,76
-0.0866699,76
-0.0872803,76
-0.0872803,76
-0.0866699,76
-0.0857544,76
-0.0845337,76
-0.0830078,76
-0.0811768,76
-0.0790405,76
-0.0769043,76
-0.0744629,76
-0.0723267,76
-0.0704956,76
-0.0686646,76
-0.0665283,76
-0.0640869,76
-0.0616455,76
-0.0595093,76
-0.0582886,76
-0.0576782,76
-0.0582886,76
-0.0595093,76
-0.0613403,76
-0.0634766,76
-0.0656128,76
-0.0680542,76
-0.0704956,76
-0.0726318,76
-0.0747681,76
-0.0769043,76
-0.0787354,76
-0.0808716,76
-0.0827026,76
-0.0848389,76
-0.0863647,76
-0.0875854,76
-0.088501,76
-0.088501,76
-0.0875854,76
-0.0857544,76
-0.0827026,76
-0.0784302,76
-0.0726318,76
-0.0653076,76
-0.0561523,76
-0.0457764,76
-0.0338745,76
-0.0201416,76
-0.00457764,76
0.0125122,76
0.0311279,76
0.0518799,76
0.0741577,76
0.0979614,76
0.123291,76
0.149536,76
0.176697,76
0.204468,76
0.232239,76
0.259705,76
0.286255,76
0.310669,76
0.332642,76
0.350342,76
0.363159,76
0.370483,76
0.371704,76
0.367432,76
0.357666,76
0.343018,76
0.323792,76
0.300903,76
0.274048,76
0.244446,76
0.212097,76
0.177612,90
0.141907,90
0.105896,90
0.0698853,90
0.0354004,90
0.00213623,90
-0.0283813,90
-0.0564575,90
-0.0805664,90
-0.100708,90
-0.115967,90
-0.126343,90
-0.131836,90
-0.133057,90
-0.130615,90
-0.124512,90
-0.116272,90
-0.105896,90
-0.0939941,90
-0.0814819,90
-0.0686646,90
-0.0564575,90
-0.0448608,90
-0.0344849,90
-0.0253296,90
-0.0177002,90
-0.0112915,90
-0.00610352,90
-0.00183105,90
0.000610352,90
0.00213623,90
0.00274658,90
0.00244141,90
0.00152588,90
0,90
-0.00244141,90
-0.00518799,90
-0.0088501,90
-0.0125122,90
-0.0164795,90
-0.0201416,90
-0.0234985,90
-0.0268555,90
-0.0296021,90
-0.0323486,90
-0.0344849,90
-0.0363159,90
-0.0378418,90
-0.0390625,90
-0.039978,90
-0.0402832,90
-0.0405884,90
-0.0405884,90
-0.0402832,90
-0.0402832,90
-0.0402832,90
-0.0405884,90
-0.0408936,90
-0.0411987,90
-0.0415039,90
-0.0411987,90
-0.0405884,90
-0.0402832,90
-0.0402832,90
-0.0405884,90
-0.0415039,90
-0.0424194,90
-0.043335,90
-0.0445557,90
-0.0454712,90
-0.0466919,90
-0.0479126,90
-0.0491333,90
-0.050354,90
-0.0512695,90
-0.0518799,90
-0.0518799,90
-0.0512695,90
-0.050354,90
-0.0488281,90
-0.0469971,90
-0.0448608,90
-0.0430298,90
-0.0408936,90
-0.0390625,90
-0.0372314,90
-0.0354004,90
-0.0338745,90
-0.0320435,90
-0.0305176,90
-0.0292969,90
-0.027771,90
-0.0265503,90
-0.0256348,90
-0.0244141,90
-0.0231934,90
-0.0219727,90
-0.0213623,90
-0.020752,90
-0.020752,90
-0.020752,90
-0.020752,90
-0.020752,90
-0.020752,90
-0.020752,90
-0.0204468,90
-0.0192261,90
-0.0177002,90
-0.0158691,90
-0.0140381,90
-0.012207,90
-0.010376,90
-0.0088501,90
-0.00762939,90
-0.00610352,90
-0.00457764,90
-0.00274658,90
-0.000915527,90
0.000915527,90
0.00244141,90
0.00366211,90
0.00427246,90
0.00488281,90
0.00488281,90
0.00457764,90
0.00427246,90
0.00335693,90
0.00274658,90
0.00183105,90
0.0012207,90
0.000610352,90
0,90
-0.000305176,90
-0.000610352,90
-0.000915527,90
-0.000610352,90
-0.000305176,90
0.000305176,90
0.0012207,90
0.00213623,90
0.00335693,90
0.00488281,90
0.00701904,90
0.00946045,90
0.0125122,90
0.0152588,90
0.0180054,90
0.0204468,90
0.022583,90
0.0247192,90
0.0268555,90
0.0286865,90
0.0305176,90
0.0323486,90
0.0341797,90
0.0357056,90
0.0369263,90
0.0378418,90
0.0387573,90
0.0393677,90
0.039978,90
0.0405884,90
0.0415039,90
0.0424194,90
0.0436401,90
0.0448608,90
0.0460815,90
0.0473022,90
0.0488281,90
0.0506592,90
0.0524902,90
0.0549316,90
0.057373,90
0.0598145,90
0.0619507,90
0.0640869,90
0.0662231,90
0.0680542,90
0.0701904,90
0.0720215,90
0.0738525,90
0.0759888,90
0.078125,90
0.0799561,90
0.0820923,90
0.0836182,90
0.085144,90
0.0866699,90
0.0878906,90
0.0888062,90
0.0897217,90
0.0906372,90
0.0918579,90
0.0933838,90
0.0952148,90
0.0973511,90
0.0997925,90
0.102234,90
0.10498,90
0.108032,90
0.111084,90
0.114136,90
0.117188,90
0.119629,90
0.12207,90
0.123901,90
0.125732,90
0.127258,90
0.129395,90
0.131836,90
0.134583,90
0.137329,90
0.140076,90
0.142517,90
0.144653,90
0.14679,90
0.148315,90
0.150146,90
0.151672,90
0.152893,90
0.154114,90
0.154724,90
0.155334,90
0.155945,90
0.15625,90
0.156555,90
0.15686,90
0.156555,90
0.155945,90
0.154724,90
0.153503,90
0.151672,90
0.149841,90
0.14801,90
0.145569,90
0.143127,90
0.140381,90
0.137329,90
0.134277,90
0.131531,90
0.128784,90
0.126038,90
0.122986,90
0.120239,90
0.117493,90
0.114746,90
0.112,90
0.109558,90
0.106812,90
0.104065,90
0.101318,90
0.0985718,90
0.09552,90
0.0918579,90
0.0878906,90
0.0836182,90
0.0793457,90
0.0750732,90
0.0708008,90
0.065918,90
0.06073,90
0.0546265,90
0.0485229,90
0.0421143,90
0.0360107,90
0.0296021,90
0.0231934,90
0.0170898,90
0.0106812,90
0.00488281,90
-0.000610352,90
-0.00610352,90
-0.0109863,90
-0.0158691,90
-0.0204468,90
-0.0247192,90
-0.0283813,90
-0.0320435,90
-0.0354004,90
-0.0384521,90
-0.0411987,90
-0.0439453,90
-0.0463867,90
-0.0488281,90
-0.0509644,90
-0.0531006,90
-0.0546265,90
-0.0561523,90
-0.0576782,90
-0.0585938,90
-0.0595093,90
-0.0604248,90
-0.0613403,90
-0.062561,90
-0.0637817,90
-0.0653076,90
-0.0668335,90
-0.0686646,90
-0.0701904,90
-0.0714111,90
-0.0723267,90
-0.0726318,90
-0.072937,90
-0.072937,90
-0.0735474,90
-0.0741577,90
-0.0753784,90
-0.0765991,90
-0.078125,90
-0.0793457,90
-0.0808716,90
-0.0823975,90
-0.0836182,90
-0.0848389,90
-0.0857544,90
-0.0866699,90
-0.0872803,90
-0.0878906,90
-0.0888062,90
-0.0897217,90
-0.0906372,90
-0.0915527,90
-0.0924683,90
-0.0933838,90
-0.0939941,90
-0.0946045,90
-0.0949097,90
-0.0949097,90
-0.0949097,90
-0.0946045,90
-0.0942993,90
-0.0939941,90
-0.0933838,90
-0.0930786,90
-0.0924683,90
-0.0924683,90
-0.0927734,90
-0.0927734,90
-0.0930786,90
-0.0930786,90
-0.0930786,90
-0.0924683,90
-0.0918579,90
-0.0909424,90
-0.090332,90
-0.0897217,90
-0.0891113,90
-0.088501,90
-0.0878906,90
-0.0875854,90
-0.0869751,90
-0.0866699,90
-0.0860596,90
-0.0854492,90
-0.0845337,90
-0.0839233,90
-0.0830078,90
-0.0820923,90
-0.0808716,90
-0.0793457,90
-0.0778198,90
-0.0759888,90
-0.0741577,90
-0.0723267,90
-0.0704956,90
-0.0686646,90
-0.0671387,90
-0.0656128,90
-0.0646973,90
-0.0640869,90
-0.0634766,90
-0.0631714,90
-0.0634766,90
-0.0637817,90
-0.0646973,90
-0.0656128,90
-0.0665283,90
-0.067749,90
-0.0689697,90
-0.0701904,90
-0.0714111,90
-0.0726318,90
-0.0741577,90
-0.0753784,90
-0.0762939,90
-0.0772095,90
-0.0772095,90
-0.0772095,90
-0.0765991,90
-0.0753784,90
-0.0738525,90
-0.0720215,90
-0.0695801,90
-0.0665283,90
-0.0637817,90
-0.06073,90
-0.0579834,90
-0.055542,90
-0.0534058,90
-0.0512695,90
-0.0494385,90
-0.0482178,90
-0.0469971,90
-0.0457764,90
-0.0448608,90
-0.0445557,90
-0.0442505,90
-0.0445557,90
-0.0448608,90
-0.0454712,90
-0.0460815,90
-0.0473022,90
-0.0482178,90
-0.0494385,90
-0.050354,90
-0.0512695,90
-0.0521851,90
-0.0527954,90
-0.0534058,90
-0.0540161,90
-0.0549316,90
-0.0552368,90
-0.055542,90
-0.0558472,90
-0.0558472,90
-0.0558472,90
-0.0558472,90
-0.0558472,90
-0.055542,90
-0.0549316,90
-0.0546265,90
-0.0540161,90
-0.0534058,90
-0.0524902,90
-0.0515747,90
-0.0506592,90
-0.0494385,90
-0.0482178,90
-0.0473022,90
-0.0463867,90
-0.0454712,90
-0.0445557,90
-0.0439453,90
-0.0436401,90
-0.043335,90
-0.043335,90
-0.043335,90
-0.043335,90
-0.043335,90
-0.0430298,90
-0.0427246,90
-0.0424194,90
-0.0427246,90
-0.043335,90
-0.0442505,90
-0.0454712,90
-0.0466919,90
-0.0482178,90
-0.0494385,90
-0.0506592,90
-0.0515747,90
-0.0515747,90
-0.0515747,90
-0.0506592,90
-0.0494385,90
-0.0476074,90
-0.0457764,90
-0.0436401,90
-0.0411987,90
-0.0384521,90
-0.0354004,90
-0.0326538,90
-0.0296021,90
-0.0265503,90
-0.0234985,90
-0.0204468,90
-0.0170898,90
-0.0134277,90
-0.00976563,90
-0.00610352,90
-0.00274658,90
0,90
0.00305176,90
0.00579834,90
0.00854492,90
0.0112915,90
0.0137329,90
0.0161743,90
0.0183105,90
0.0204468,90
0.0222778,90
0.0241089,90
0.0259399,90
0.0280762,90
0.0302124,90
0.0326538,90
0.0350952,90
0.0375366,90
0.039978,90
0.0418091,90
0.043335,90
0.0442505,90
0.045166,90
0.0457764,90
0.0460815,90
0.0460815,90
0.045166,90
0.0442505,90
0.0430298,90
0.0415039,90
0.039978,90
0.0378418,90
0.0350952,90
0.0320435,90
0.0286865,90
0.0247192,90
0.0201416,90
0.015564,90
0.0109863,90
0.00610352,90
0.00152588,90
-0.00274658,90
-0.00671387,90
-0.010376,90
-0.0137329,90
-0.0164795,90
-0.0192261,90
-0.0219727,90
-0.0247192,90
-0.027771,90
-0.0308228,90
-0.0341797,90
-0.0372314,90
-0.0405884,90
-0.0439453,90
-0.0473022,90
-0.050354,90
-0.0531006,90
-0.0558472,90
-0.0582886,90
-0.06073,90
-0.0628662,90
-0.0653076,90
-0.0680542,90
-0.0708008,90
-0.0735474,90
-0.0759888,90
-0.0778198,90
-0.0796509,90
-0.0811768,90
-0.0823975,90
-0.0836182,90
-0.0845337,90
-0.0848389,90
-0.0845337,90
-0.0842285,90
-0.083313,90
-0.0827026,90
-0.0820923,90
-0.0817871,90
-0.0811768,90
-0.0808716,90
-0.0808716,90
-0.0808716,90
-0.0811768,90
-0.0817871,90
-0.0820923,90
-0.0827026,90
-0.0836182,90
-0.0842285,90
-0.085144,90
-0.0863647,90
-0.0872803,90
-0.088501,90
-0.0897217,90
-0.0906372,90
-0.0918579,90
-0.0927734,90
-0.093689,90
-0.0949097,90
-0.0961304,90
-0.0976563,90
-0.0991821,90
-0.100403,90
-0.101624,90
-0.102234,90
-0.102539,90
-0.102234,90
-0.101013,90
-0.0991821,90
-0.0967407,90
-0.0942993,90
-0.0918579,90
-0.0900269,90
-0.088501,90
-0.0875854,90
-0.0866699,90
-0.0854492,90
-0.0836182,90
-0.0811768,90
-0.078125,90
-0.0747681,90
-0.0714111,90
-0.0683594,90
-0.0653076,90
-0.0622559,90
-0.0588989,90
-0.0552368,90
-0.0506592,90
-0.0454712,90
-0.0387573,90
-0.0308228,90
-0.0213623,90
-0.0100708,90
0.00274658,90
0.017395,90
0.0341797,90
0.0531006,90
0.0741577,90
0.0973511,90
0.12207,90
0.148315,90
0.175476,90
0.202942,90
0.230103,90
0.256653,90
0.281677,90
0.304871,90
0.324707,90
0.340881,90
0.351868,90
0.357361,90
0.35675,90
0.350647,90
0.339661,90
0.323792,90
0.30365,90
0.279846,90
0.25238,90
0.221863,90
0.188904,90
0.154114,94
0.118713,94
0.0830078,94
0.0479126,94
0.0140381,94
-0.0180054,94
-0.0473022,94
-0.0735474,94
-0.0961304,94
-0.114441,94
-0.128174,94
-0.137329,94
-0.142212,94
-0.142822,94
-0.140076,94
-0.133972,94
-0.125427,94
-0.114746,94
-0.102844,94
-0.090332,94
-0.078125,94
-0.0662231,94
-0.0552368,94
-0.0448608,94
-0.0357056,94
-0.027771,94
-0.0210571,94
-0.015564,94
-0.0112915,94
-0.00793457,94
-0.00579834,94
-0.00457764,94
-0.00396729,94
-0.00427246,94
-0.00579834,94
-0.00823975,94
-0.0109863,94
-0.0143433,94
-0.0177002,94
-0.0204468,94
-0.0231934,94
-0.0256348,94
-0.0283813,94
-0.0308228,94
-0.032959,94
-0.0344849,94
-0.0354004,94
-0.0363159,94
-0.0366211,94
-0.0369263,94
-0.0372314,94
-0.0369263,94
-0.0366211,94
-0.0360107,94
-0.03479,94
-0.0332642,94
-0.0314331,94
-0.0299072,94
-0.0286865,94
-0.027771,94
-0.0274658,94
-0.027771,94
-0.0286865,94
-0.0299072,94
-0.0308228,94
-0.0320435,94
-0.0332642,94
-0.0344849,94
-0.0357056,94
-0.0369263,94
-0.0387573,94
-0.0405884,94
-0.0424194,94
-0.0439453,94
-0.0454712,94
-0.0463867,94
-0.0473022,94
-0.0476074,94
-0.0476074,94
-0.0473022,94
-0.0466919,94
-0.0460815,94
-0.045166,94
-0.0445557,94
-0.0436401,94
-0.0424194,94
-0.0415039,94
-0.039978,94
-0.0384521,94
-0.0366211,94
-0.0344849,94
-0.0323486,94
-0.0302124,94
-0.0280762,94
-0.0265503,94
-0.0247192,94
-0.0234985,94
-0.0219727,94
-0.020752,94
-0.0195313,94
-0.0180054,94
-0.0167847,94
-0.0158691,94
-0.0149536,94
-0.0140381,94
-0.0128174,94
-0.0109863,94
-0.00946045,94
-0.00762939,94
-0.00610352,94
-0.00488281,94
-0.00427246,94
-0.00427246,94
-0.00457764,94
-0.00488281,94
-0.00549316,94
-0.00579834,94
-0.00610352,94
-0.00579834,94
-0.00549316,94
-0.00488281,94
-0.00427246,94
-0.00366211,94
-0.00305176,94
-0.00274658,94
-0.00244141,94
-0.00183105,94
-0.0012207,94
-0.000305176,94
0.000915527,94
0.00244141,94
0.00427246,94
0.00640869,94
0.0088501,94
0.0115967,94
0.0143433,94
0.0167847,94
0.0195313,94
0.0222778,94
0.0247192,94
0.0268555,94
0.0283813,94
0.0292969,94
0.0296021,94
0.0296021,94
0.0299072,94
0.0302124,94
0.0305176,94
0.0311279,94
0.0317383,94
0.0323486,94
0.0326538,94
0.0332642,94
0.0341797,94
0.0350952,94
0.0363159,94
0.0378418,94
0.0396729,94
0.0415039,94
0.0439453,94
0.0466919,94
0.0494385,94
0.0518799,94
0.0543213,94
0.0564575,94
0.0585938,94
0.0604248,94
0.062561,94
0.0646973,94
0.0668335,94
0.0689697,94
0.0717163,94
0.0744629,94
0.0772095,94
0.0799561,94
0.0823975,94
0.0845337,94
0.0863647,94
0.0881958,94
0.0900269,94
0.0921631,94
0.0952148,94
0.0985718,94
0.102539,94
0.106201,94
0.109558,94
0.11261,94
0.115662,94
0.118103,94
0.119934,94
0.121155,94
0.12207,94
0.122681,94
0.122986,94
0.123291,94
0.123596,94
0.123596,94
0.123901,94
0.123901,94
0.123901,94
0.124207,94
0.124512,94
0.125122,94
0.125427,94
0.126038,94
0.126343,94
0.127563,94
0.128784,94
0.130005,94
0.131531,94
0.133057,94
0.134583,94
0.136108,94
0.137634,94
0.138855,94
0.140076,94
0.141296,94
0.142517,94
0.143738,94
0.144653,94
0.145569,94
0.145874,94
0.145874,94
0.145264,94
0.144653,94
0.143738,94
0.142822,94
0.141907,94
0.141296,94
0.140991,94
0.141296,94
0.142212,94
0.143433,94
0.144653,94
0.145874,94
0.1474,94
0.148621,94
0.149536,94
0.150146,94
0.150757,94
0.150757,94
0.150146,94
0.148926,94
0.1474,94
0.144958,94
0.141907,94
0.13855,94
0.134888,94
0.13092,94
0.126343,94
0.12146,94
0.116272,94
0.110779,94
0.105286,94
0.0997925,94
0.093689,94
0.0872803,94
0.0808716,94
0.0741577,94
0.0674438,94
0.06073,94
0.0540161,94
0.0476074,94
0.0418091,94
0.0363159,94
0.0314331,94
0.0268555,94
0.022583,94
0.0180054,94
0.0137329,94
0.00915527,94
0.00488281,94
0.000915527,94
-0.00305176,94
-0.00671387,94
-0.010376,94
-0.0140381,94
-0.017395,94
-0.0201416,94
-0.022583,94
-0.0247192,94
-0.0271606,94
-0.0296021,94
-0.0317383,94
-0.0341797,94
-0.0360107,94
-0.0375366,94
-0.0390625,94
-0.0408936,94
-0.0430298,94
-0.0448608,94
-0.0469971,94
-0.0494385,94
-0.0521851,94
-0.0546265,94
-0.0576782,94
-0.0604248,94
-0.0631714,94
-0.065918,94
-0.0683594,94
-0.0708008,94
-0.0732422,94
-0.0753784,94
-0.0772095,94
-0.0790405,94
-0.0802612,94
-0.0808716,94
-0.0808716,94
-0.0805664,94
-0.0805664,94
-0.0808716,94
-0.0811768,94
-0.0811768,94
-0.0808716,94
-0.0802612,94
-0.0793457,94
-0.0778198,94
-0.0762939,94
-0.0744629,94
-0.072937,94
-0.0717163,94
-0.0704956,94
-0.0695801,94
-0.0686646,94
-0.0683594,94
-0.0680542,94
-0.0680542,94
-0.0680542,94
-0.0680542,94
-0.0683594,94
-0.0689697,94
-0.0695801,94
-0.0708008,94
-0.0720215,94
-0.0732422,94
-0.0747681,94
-0.0762939,94
-0.0775146,94
-0.078125,94
-0.078125,94
-0.0778198,94
-0.0765991,94
-0.0747681,94
-0.072937,94
-0.0708008,94
-0.0686646,94
-0.0665283,94
-0.0646973,94
-0.0631714,94
-0.0616455,94
-0.0601196,94
-0.0585938,94
-0.0570679,94
-0.0558472,94
-0.0546265,94
-0.0534058,94
-0.0521851,94
-0.0509644,94
-0.0500488,94
-0.0491333,94
-0.0488281,94
-0.0485229,94
-0.0488281,94
-0.0494385,94
-0.050354,94
-0.0509644,94
-0.0515747,94
-0.0512695,94
-0.050354,94
-0.0488281,94
-0.0469971,94
-0.0454712,94
-0.0442505,94
-0.043335,94
-0.0430298,94
-0.0424194,94
-0.0421143,94
-0.0415039,94
-0.0408936,94
-0.0402832,94
-0.0396729,94
-0.0393677,94
-0.0393677,94
-0.0390625,94
-0.0393677,94
-0.0396729,94
-0.0402832,94
-0.0411987,94
-0.0421143,94
-0.043335,94
-0.0442505,94
-0.0448608,94
-0.045166,94
-0.0454712,94
-0.0454712,94
-0.0454712,94
-0.045166,94
-0.0448608,94
-0.0448608,94
-0.0445557,94
-0.0445557,94
-0.0445557,94
-0.0448608,94
-0.045166,94
-0.0454712,94
-0.0460815,94
-0.0460815,94
-0.0454712,94
-0.0442505,94
-0.0427246,94
-0.0411987,94
-0.0393677,94
-0.0378418,94
-0.0366211,94
-0.0357056,94
-0.0350952,94
-0.0341797,94
-0.0332642,94
-0.0320435,94
-0.0305176,94
-0.0289917,94
-0.027771,94
-0.0268555,94
-0.0262451,94
-0.0259399,94
-0.0259399,94
-0.0262451,94
-0.0265503,94
-0.0271606,94
-0.0274658,94
-0.0274658,94
-0.0274658,94
-0.0268555,94
-0.0259399,94
-0.0250244,94
-0.0238037,94
-0.0228882,94
-0.0222778,94
-0.0219727,94
-0.0216675,94
-0.0210571,94
-0.0201416,94
-0.0186157,94
-0.0164795,94
-0.0137329,94
-0.0100708,94
-0.00640869,94
-0.00244141,94
0.0012207,94
0.00457764,94
0.00762939,94
0.0100708,94
0.012207,94
0.0140381,94
0.0161743,94
0.0180054,94
0.0204468,94
0.0228882,94
0.0262451,94
0.0296021,94
0.032959,94
0.0363159,94
0.0393677,94
0.0424194,94
0.0454712,94
0.0488281,94
0.0521851,94
0.0558472,94
0.0595093,94
0.0631714,94
0.0662231,94
0.0689697,94
0.0704956,94
0.0717163,94
0.0720215,94
0.0720215,94
0.0720215,94
0.0723267,94
0.0726318,94
0.0732422,94
0.0735474,94
0.0732422,94
0.0720215,94
0.0698853,94
0.0665283,94
0.062561,94
0.0576782,94
0.0527954,94
0.0479126,94
0.043335,94
0.0393677,94
0.0354004,94
0.0317383,94
0.0286865,94
0.0259399,94
0.0234985,94
0.0210571,94
0.0189209,94
0.0167847,94
0.0146484,94
0.012207,94
0.00976563,94
0.00701904,94
0.00427246,94
0.000915527,94
-0.00274658,94
-0.00640869,94
-0.010376,94
-0.0143433,94
-0.0180054,94
-0.0216675,94
-0.0253296,94
-0.0286865,94
-0.0323486,94
-0.0363159,94
-0.0408936,94
-0.0454712,94
-0.050354,94
-0.0552368,94
-0.0595093,94
-0.0637817,94
-0.0674438,94
-0.0708008,94
-0.0741577,94
-0.0772095,94
-0.0799561,94
-0.0817871,94
-0.0823975,94
-0.0823975,94
-0.0814819,94
-0.0802612,94
-0.0787354,94
-0.0772095,94
-0.0759888,94
-0.0747681,94
-0.0741577,94
-0.0732422,94
-0.0723267,94
-0.0714111,94
-0.0701904,94
-0.0695801,94
-0.0689697,94
-0.0689697,94
-0.0695801,94
-0.0701904,94
-0.071106,94
-0.0723267,94
-0.0735474,94
-0.0747681,94
-0.0756836,94
-0.0765991,94
-0.0772095,94
-0.0775146,94
-0.0775146,94
-0.0772095,94
-0.0765991,94
-0.0756836,94
-0.0750732,94
-0.0741577,94
-0.0732422,94
-0.0720215,94
-0.0701904,94
-0.0686646,94
-0.0668335,94
-0.0656128,94
-0.0646973,94
-0.0643921,94
-0.0640869,94
-0.0646973,94
-0.0656128,94
-0.0671387,94
-0.0695801,94
-0.0720215,94
-0.0747681,94
-0.0772095,94
-0.0790405,94
-0.0799561,94
-0.0793457,94
-0.0775146,94
-0.0747681,94
-0.0708008,94
-0.0656128,94
-0.0598145,94
-0.0524902,94
-0.0442505,94
-0.0344849,94
-0.0228882,94
-0.00946045,94
0.00640869,94
0.0244141,94
0.0445557,94
0.065918,94
0.088501,94
0.112,94
0.136108,94
0.160522,94
0.185242,94
0.210266,94
0.235596,94
0.26062,94
0.284729,94
0.308228,94
0.32959,94
0.3479,94
0.362244,94
0.371094,94
0.374146,94
0.371704,94
0.363464,94
0.350952,94
0.334473,94
0.314026,94
0.290222,94
0.263672,94
0.234375,94
0.202942,94
0.169983,98
0.135803,98
0.101318,98
0.0668335,98
0.0332642,98
0.00152588,98
-0.0280762,98
-0.0546265,98
-0.0769043,98
-0.0949097,98
-0.107422,98
-0.114746,98
-0.117188,98
-0.115356,98
-0.110168,98
-0.102539,98
-0.0927734,98
-0.0823975,98
-0.0714111,98
-0.0604248,98
-0.050354,98
-0.0405884,98
-0.0320435,98
-0.0244141,98
-0.0180054,98
-0.0128174,98
-0.00915527,98
-0.00701904,98
-0.00610352,98
-0.00671387,98
-0.00793457,98
-0.0100708,98
-0.0128174,98
-0.015564,98
-0.0186157,98
-0.0219727,98
-0.0253296,98
-0.0286865,98
-0.0311279,98
-0.032959,98
-0.0338745,98
-0.0344849,98
-0.03479,98
-0.0344849,98
-0.0341797,98
-0.0338745,98
-0.0335693,98
-0.0335693,98
-0.0332642,98
-0.032959,98
-0.0323486,98
-0.0317383,98
-0.0320435,98
-0.0323486,98
-0.0332642,98
-0.0341797,98
-0.0350952,98
-0.0360107,98
-0.0372314,98
-0.038147,98
-0.0387573,98
-0.0387573,98
-0.038147,98
-0.0372314,98
-0.0363159,98
-0.0354004,98
-0.03479,98
-0.0344849,98
-0.0344849,98
-0.0344849,98
-0.03479,98
-0.03479,98
-0.03479,98
-0.03479,98
-0.03479,98
-0.0344849,98
-0.03479,98
-0.03479,98
-0.03479,98
-0.0344849,98
-0.0341797,98
-0.0335693,98
-0.032959,98
-0.0326538,98
-0.0323486,98
-0.0320435,98
-0.0314331,98
-0.0305176,98
-0.0296021,98
-0.0283813,98
-0.0268555,98
-0.0256348,98
-0.0247192,98
-0.0241089,98
-0.0234985,98
-0.0228882,98
-0.0222778,98
-0.0210571,98
-0.0189209,98
-0.0164795,98
-0.0140381,98
-0.0119019,98
-0.0100708,98
-0.0088501,98
-0.00762939,98
-0.00610352,98
-0.00427246,98
-0.00213623,98
0.000915527,98
0.00396729,98
0.00762939,98
0.0112915,98
0.0149536,98
0.0183105,98
0.0210571,98
0.022583,98
0.0234985,98
0.0234985,98
0.022583,98
0.0213623,98
0.0195313,98
0.0170898,98
0.0140381,98
0.0109863,98
0.00762939,98
0.00488281,98
0.00183105,98
-0.000610352,98
-0.00274658,98
-0.00427246,98
-0.00488281,98
-0.00518799,98
-0.00488281,98
-0.00427246,98
-0.00305176,98
-0.00183105,98
-0.000305176,98
0.00152588,98
0.00457764,98
0.00793457,98
0.012207,98
0.0164795,98
0.020752,98
0.0250244,98
0.0289917,98
0.032959,98
0.0363159,98
0.0390625,98
0.0415039,98
0.043335,98
0.0442505,98
0.0448608,98
0.045166,98
0.045166,98
0.045166,98
0.0445557,98
0.0439453,98
0.0436401,98
0.0430298,98
0.0427246,98
0.0424194,98
0.0424194,98
0.0424194,98
0.0430298,98
0.0442505,98
0.0457764,98
0.0476074,98
0.050354,98
0.0531006,98
0.0558472,98
0.0588989,98
0.0616455,98
0.0646973,98
0.0674438,98
0.0701904,98
0.072937,98
0.0759888,98
0.0787354,98
0.0820923,98
0.0854492,98
0.0891113,98
0.0921631,98
0.0946045,98
0.0964355,98
0.0979614,98
0.0991821,98
0.100403,98
0.101318,98
0.102234,98
0.102844,98
0.10376,98
0.10498,98
0.106506,98
0.108337,98
0.110168,98
0.111694,98
0.11322,98
0.114746,98
0.116272,98
0.118713,98
0.121155,98
0.123901,98
0.126038,98
0.127869,98
0.129089,98
0.130615,98
0.131836,98
0.133057,98
0.133972,98
0.134583,98
0.135193,98
0.135498,98
0.135803,98
0.136414,98
0.137329,98
0.138245,98
0.138855,98
0.139771,98
0.140991,98
0.142212,98
0.143738,98
0.144958,98
0.146179,98
0.147095,98
0.147705,98
0.148621,98
0.149231,98
0.150146,98
0.151062,98
0.151978,98
0.153198,98
0.154114,98
0.154419,98
0.154114,98
0.152588,98
0.150146,98
0.147095,98
0.143433,98
0.139465,98
0.135498,98
0.131531,98
0.127258,98
0.123291,98
0.118713,98
0.114441,98
0.109558,98
0.104675,98
0.0991821,98
0.093689,98
0.0878906,98
0.0820923,98
0.0762939,98
0.0708008,98
0.065918,98
0.0610352,98
0.0561523,98
0.0512695,98
0.0463867,98
0.0418091,98
0.0369263,98
0.0323486,98
0.027771,98
0.0228882,98
0.0183105,98
0.0137329,98
0.00946045,98
0.00579834,98
0.00213623,98
-0.000915527,98
-0.00335693,98
-0.00579834,98
-0.00823975,98
-0.010376,98
-0.0128174,98
-0.0158691,98
-0.0192261,98
-0.0228882,98
-0.0268555,98
-0.0311279,98
-0.0354004,98
-0.039978,98
-0.0439453,98
-0.0479126,98
-0.0515747,98
-0.0552368,98
-0.0582886,98
-0.0616455,98
-0.0643921,98
-0.0671387,98
-0.0692749,98
-0.071106,98
-0.0723267,98
-0.0732422,98
-0.0738525,98
-0.0744629,98
-0.0741577,98
-0.0738525,98
-0.072937,98
-0.0720215,98
-0.0708008,98
-0.0692749,98
-0.0674438,98
-0.0656128,98
-0.0640869,98
-0.062561,98
-0.0619507,98
-0.0622559,98
-0.0634766,98
-0.065918,98
-0.0686646,98
-0.0714111,98
-0.0741577,98
-0.0769043,98
-0.0790405,98
-0.0808716,98
-0.0830078,98
-0.0845337,98
-0.0857544,98
-0.0866699,98
-0.0872803,98
-0.0878906,98
-0.0881958,98
-0.0881958,98
-0.0875854,98
-0.0866699,98
-0.0857544,98
-0.0845337,98
-0.0830078,98
-0.0814819,98
-0.0793457,98
-0.0772095,98
-0.0753784,98
-0.0732422,98
-0.071106,98
-0.0692749,98
-0.0674438,98
-0.065918,98
-0.0646973,98
-0.0634766,98
-0.062561,98
-0.062561,98
-0.0631714,98
-0.0650024,98
-0.0674438,98
-0.0701904,98
-0.0732422,98
-0.0762939,98
-0.0784302,98
-0.0802612,98
-0.0814819,98
-0.0823975,98
-0.083313,98
-0.0842285,98
-0.0845337,98
-0.0848389,98
-0.0848389,98
-0.0839233,98
-0.0830078,98
-0.0814819,98
-0.0793457,98
-0.0769043,98
-0.0738525,98
-0.071106,98
-0.0680542,98
-0.0650024,98
-0.0616455,98
-0.0585938,98
-0.055542,98
-0.0531006,98
-0.0509644,98
-0.0497437,98
-0.0491333,98
-0.0491333,98
-0.0494385,98
-0.050354,98
-0.0515747,98
-0.0534058,98
-0.0552368,98
-0.0567627,98
-0.0582886,98
-0.0595093,98
-0.0604248,98
-0.0610352,98
-0.0613403,98
-0.0613403,98
-0.06073,98
-0.0598145,98
-0.0588989,98
-0.057373,98
-0.055542,98
-0.0537109,98
-0.0524902,98
-0.0515747,98
-0.0509644,98
-0.050354,98
-0.0494385,98
-0.0488281,98
-0.0482178,98
-0.0469971,98
-0.0457764,98
-0.0442505,98
-0.0424194,98
-0.0402832,98
-0.038147,98
-0.0366211,98
-0.0354004,98
-0.0350952,98
-0.0350952,98
-0.0350952,98
-0.0350952,98
-0.03479,98
-0.0341797,98
-0.0332642,98
-0.0323486,98
-0.0317383,98
-0.0314331,98
-0.0314331,98
-0.0317383,98
-0.0323486,98
-0.032959,98
-0.0332642,98
-0.0332642,98
-0.0332642,98
-0.0326538,98
-0.0317383,98
-0.0302124,98
-0.0286865,98
-0.0265503,98
-0.0238037,98
-0.0210571,98
-0.0177002,98
-0.0137329,98
-0.00946045,98
-0.00457764,98
0.000305176,98
0.00488281,98
0.00854492,98
0.0115967,98
0.0140381,98
0.0164795,98
0.0192261,98
0.0219727,98
0.0247192,98
0.0271606,98
0.0292969,98
0.0311279,98
0.0326538,98
0.0344849,98
0.0360107,98
0.0378418,98
0.0396729,98
0.0415039,98
0.0436401,98
0.0460815,98
0.0488281,98
0.0518799,98
0.0552368,98
0.0585938,98
0.0622559,98
0.065918,98
0.0692749,98
0.0720215,98
0.0747681,98
0.0772095,98
0.0790405,98
0.0805664,98
0.0817871,98
0.0830078,98
0.083313,98
0.0830078,98
0.0820923,98
0.0808716,98
0.0796509,98
0.078125,98
0.0762939,98
0.0744629,98
0.0720215,98
0.0692749,98
0.065918,98
0.0622559,98
0.0582886,98
0.0540161,98
0.0500488,98
0.0457764,98
0.0411987,98
0.0366211,98
0.0317383,98
0.0268555,98
0.022583,98
0.0183105,98
0.0143433,98
0.010376,98
0.00640869,98
0.00244141,98
-0.0012207,98
-0.00518799,98
-0.0088501,98
-0.012207,98
-0.0152588,98
-0.0183105,98
-0.0210571,98
-0.0234985,98
-0.0262451,98
-0.0292969,98
-0.0323486,98
-0.0357056,98
-0.0393677,98
-0.0427246,98
-0.0454712,98
-0.0482178,98
-0.0506592,98
-0.0531006,98
-0.0564575,98
-0.0598145,98
-0.0634766,98
-0.0671387,98
-0.071106,98
-0.0744629,98
-0.0778198,98
-0.0805664,98
-0.0827026,98
-0.0839233,98
-0.0848389,98
-0.085144,98
-0.085144,98
-0.085144,98
-0.085144,98
-0.085144,98
-0.0848389,98
-0.0845337,98
-0.0842285,98
-0.0842285,98
-0.0842285,98
-0.0845337,98
-0.0848389,98
-0.085144,98
-0.085144,98
-0.0854492,98
-0.0860596,98
-0.0863647,98
-0.0869751,98
-0.0875854,98
-0.0881958,98
-0.0888062,98
-0.0891113,98
-0.0897217,98
-0.090332,98
-0.0909424,98
-0.0915527,98
-0.0921631,98
-0.0921631,98
-0.0921631,98
-0.0918579,98
-0.0912476,98
-0.0900269,98
-0.0888062,98
-0.0875854,98
-0.0863647,98
-0.085144,98
-0.0842285,98
-0.0839233,98
-0.0839233,98
-0.0839233,98
-0.0842285,98
-0.0839233,98
-0.0827026,98
-0.0811768,98
-0.0790405,98
-0.0765991,98
-0.0738525,98
-0.0704956,98
-0.0665283,98
-0.0616455,98
-0.0558472,98
-0.0485229,98
-0.039978,98
-0.0302124,98
-0.0186157,98
-0.00518799,98
0.0100708,98
0.0274658,98
0.0466919,98
0.067749,98
0.0906372,98
0.115051,98
0.141296,98
0.168457,98
0.196838,98
0.225525,98
0.254517,98
0.283203,98
0.310364,98
0.335999,98
0.358582,98
0.377197,98
0.390625,98
0.397644,98
0.39856,98
0.393066,98
0.382385,98
0.367126,98
0.3479,98
0.325317,98
0.299377,98
0.270386,98
0.239258,98
0.205994,99
0.171204,99
0.135498,99
0.0991821,99
0.0637817,99
0.0296021,99
-0.00183105,99
-0.0302124,99
-0.0540161,99
-0.072937,99
-0.0869751,99
-0.0958252,99
-0.101013,99
-0.101929,99
-0.100098,99
-0.0958252,99
-0.0894165,99
-0.0820923,99
-0.0735474,99
-0.0650024,99
-0.0567627,99
-0.0491333,99
-0.0424194,99
-0.0363159,99
-0.0314331,99
-0.0274658,99
-0.0244141,99
-0.0222778,99
-0.0213623,99
-0.0213623,99
-0.0222778,99
-0.0238037,99
-0.0259399,99
-0.0280762,99
-0.0308228,99
-0.0332642,99
-0.0360107,99
-0.0378418,99
-0.0396729,99
-0.0408936,99
-0.0415039,99
-0.0421143,99
-0.0418091,99
-0.0415039,99
-0.0405884,99
-0.0396729,99
-0.0387573,99
-0.0378418,99
-0.0372314,99
-0.0372314,99
-0.0372314,99
-0.0375366,99
-0.0378418,99
-0.0384521,99
-0.0390625,99
-0.039978,99
-0.0405884,99
-0.0415039,99
-0.0424194,99
-0.0439453,99
-0.0460815,99
-0.0482178,99
-0.0506592,99
-0.0527954,99
-0.0546265,99
-0.0558472,99
-0.0558472,99
-0.0549316,99
-0.0531006,99
-0.0509644,99
-0.0482178,99
-0.045166,99
-0.0418091,99
-0.0384521,99
-0.0350952,99
-0.0317383,99
-0.0283813,99
-0.0256348,99
-0.0231934,99
-0.020752,99
-0.0183105,99
-0.0164795,99
-0.0152588,99
-0.0146484,99
-0.0146484,99
-0.0149536,99
-0.015564,99
-0.0164795,99
-0.0177002,99
-0.0192261,99
-0.020752,99
-0.022583,99
-0.0241089,99
-0.0253296,99
-0.0265503,99
-0.0271606,99
-0.0271606,99
-0.0265503,99
-0.0259399,99
-0.0247192,99
-0.0238037,99
-0.022583,99
-0.0216675,99
-0.020752,99
-0.0195313,99
-0.0183105,99
-0.0170898,99
-0.015564,99
-0.0143433,99
-0.0128174,99
-0.0112915,99
-0.0100708,99
-0.00854492,99
-0.00701904,99
-0.00579834,99
-0.00427246,99
-0.00274658,99
-0.00152588,99
-0.000305176,99
0.000915527,99
0.00213623,99
0.00335693,99
0.00427246,99
0.00518799,99
0.00579834,99
0.00671387,99
0.00762939,99
0.00854492,99
0.00976563,99
0.0109863,99
0.012207,99
0.0140381,99
0.015564,99
0.0167847,99
0.0183105,99
0.0192261,99
0.0201416,99
0.020752,99
0.0213623,99
0.0219727,99
0.022583,99
0.0228882,99
0.0231934,99
0.0234985,99
0.0234985,99
0.0241089,99
0.0244141,99
0.0250244,99
0.0256348,99
0.0262451,99
0.0265503,99
0.0268555,99
0.0271606,99
0.027771,99
0.0283813,99
0.0289917,99
0.0305176,99
0.0323486,99
0.0344849,99
0.0375366,99
0.0405884,99
0.0442505,99
0.0479126,99
0.0515747,99
0.0549316,99
0.0582886,99
0.0613403,99
0.0646973,99
0.067749,99
0.0704956,99
0.0732422,99
0.0750732,99
0.0769043,99
0.078125,99
0.0793457,99
0.0805664,99
0.0817871,99
0.083313,99
0.0848389,99
0.0863647,99
0.088501,99
0.0906372,99
0.0924683,99
0.0942993,99
0.0961304,99
0.0973511,99
0.098877,99
0.100098,99
0.101929,99
0.10376,99
0.105591,99
0.107727,99
0.110474,99
0.113525,99
0.116882,99
0.12085,99
0.124817,99
0.128784,99
0.132751,99
0.136719,99
0.140381,99
0.143738,99
0.146484,99
0.148926,99
0.151062,99
0.152588,99
0.154114,99
0.155029,99
0.15625,99
0.157471,99
0.158691,99
0.159302,99
0.159607,99
0.159302,99
0.158081,99
0.15625,99
0.154114,99
0.151978,99
0.149841,99
0.14801,99
0.14679,99
0.146179,99
0.146179,99
0.14679,99
0.1474,99
0.148315,99
0.148926,99
0.149536,99
0.149841,99
0.149841,99
0.149841,99
0.149841,99
0.149841,99
0.150146,99
0.150452,99
0.150452,99
0.150146,99
0.148926,99
0.1474,99
0.145264,99
0.142212,99
0.138855,99
0.135193,99
0.131531,99
0.127258,99
0.122986,99
0.118713,99
0.114136,99
0.109253,99
0.10437,99
0.098877,99
0.0930786,99
0.0875854,99
0.0814819,99
0.0753784,99
0.0692749,99
0.0628662,99
0.0567627,99
0.0506592,99
0.0448608,99
0.0393677,99
0.0341797,99
0.0292969,99
0.0247192,99
0.0204468,99
0.0161743,99
0.012207,99
0.00823975,99
0.00427246,99
0.000915527,99
-0.00274658,99
-0.00579834,99
-0.00823975,99
-0.0100708,99
-0.0119019,99
-0.0134277,99
-0.0152588,99
-0.0180054,99
-0.0210571,99
-0.0250244,99
-0.0296021,99
-0.03479,99
-0.0393677,99
-0.0439453,99
-0.0476074,99
-0.0506592,99
-0.0527954,99
-0.0546265,99
-0.0564575,99
-0.0582886,99
-0.0604248,99
-0.0622559,99
-0.0646973,99
-0.0671387,99
-0.0695801,99
-0.0717163,99
-0.0735474,99
-0.0750732,99
-0.0762939,99
-0.0769043,99
-0.0769043,99
-0.0762939,99
-0.0747681,99
-0.0732422,99
-0.0714111,99
-0.0689697,99
-0.0668335,99
-0.0643921,99
-0.0619507,99
-0.0601196,99
-0.0585938,99
-0.0576782,99
-0.0570679,99
-0.0564575,99
-0.0558472,99
-0.0549316,99
-0.0540161,99
-0.0531006,99
-0.0521851,99
-0.0518799,99
-0.0521851,99
-0.0524902,99
-0.0534058,99
-0.0543213,99
-0.055542,99
-0.0567627,99
-0.0576782,99
-0.0582886,99
-0.0585938,99
-0.0588989,99
-0.0592041,99
-0.0598145,99
-0.0604248,99
-0.0610352,99
-0.0610352,99
-0.06073,99
-0.0595093,99
-0.0582886,99
-0.0567627,99
-0.055542,99
-0.0543213,99
-0.0540161,99
-0.0543213,99
-0.0552368,99
-0.0561523,99
-0.0576782,99
-0.0588989,99
-0.0598145,99
-0.06073,99
-0.0613403,99
-0.0616455,99
-0.0616455,99
-0.0613403,99
-0.06073,99
-0.06073,99
-0.0604248,99
-0.0604248,99
-0.0598145,99
-0.0592041,99
-0.0579834,99
-0.0567627,99
-0.055542,99
-0.0543213,99
-0.0531006,99
-0.0515747,99
-0.0500488,99
-0.0488281,99
-0.0473022,99
-0.0460815,99
-0.0448608,99
-0.0436401,99
-0.0427246,99
-0.0418091,99
-0.0408936,99
-0.0396729,99
-0.0384521,99
-0.0369263,99
-0.03479,99
-0.0326538,99
-0.0305176,99
-0.0280762,99
-0.0262451,99
-0.0247192,99
-0.0231934,99
-0.0222778,99
-0.0213623,99
-0.020752,99
-0.0204468,99
-0.020752,99
-0.0219727,99
-0.0231934,99
-0.0247192,99
-0.0259399,99
-0.0268555,99
-0.027771,99
-0.0280762,99
-0.0283813,99
-0.0286865,99
-0.0292969,99
-0.0302124,99
-0.0308228,99
-0.0314331,99
-0.0314331,99
-0.0305176,99
-0.0292969,99
-0.0274658,99
-0.0253296,99
-0.0231934,99
-0.0213623,99
-0.0189209,99
-0.0164795,99
-0.0140381,99
-0.0115967,99
-0.00976563,99
-0.00915527,99
-0.00915527,99
-0.00976563,99
-0.0109863,99
-0.0128174,99
-0.0143433,99
-0.0158691,99
-0.0167847,99
-0.017395,99
-0.0183105,99
-0.0189209,99
-0.0198364,99
-0.0204468,99
-0.0204468,99
-0.0204468,99
-0.0204468,99
-0.0198364,99
-0.0189209,99
-0.017395,99
-0.0152588,99
-0.012207,99
-0.0088501,99
-0.00427246,99
0.000610352,99
0.00579834,99
0.0115967,99
0.0177002,99
0.0234985,99
0.0289917,99
0.0338745,99
0.038147,99
0.0415039,99
0.0445557,99
0.0463867,99
0.0479126,99
0.0485229,99
0.0488281,99
0.0491333,99
0.0497437,99
0.0506592,99
0.0521851,99
0.0537109,99
0.055542,99
0.0570679,99
0.0585938,99
0.0601196,99
0.0619507,99
0.0637817,99
0.065918,99
0.0680542,99
0.0704956,99
0.0735474,99
0.0765991,99
0.0802612,99
0.0839233,99
0.0875854,99
0.0909424,99
0.0939941,99
0.0964355,99
0.0979614,99
0.098877,99
0.0991821,99
0.0985718,99
0.0976563,99
0.0964355,99
0.0946045,99
0.0924683,99
0.0900269,99
0.0875854,99
0.085144,99
0.0827026,99
0.0799561,99
0.0772095,99
0.0741577,99
0.071106,99
0.067749,99
0.0640869,99
0.06073,99
0.057373,99
0.0537109,99
0.0497437,99
0.0457764,99
0.0415039,99
0.0372314,99
0.0326538,99
0.0280762,99
0.0231934,99
0.0180054,99
0.0134277,99
0.0088501,99
0.00518799,99
0.00183105,99
-0.00152588,99
-0.00488281,99
-0.0088501,99
-0.0131226,99
-0.017395,99
-0.0219727,99
-0.0262451,99
-0.0302124,99
-0.0338745,99
-0.0366211,99
-0.0390625,99
-0.0411987,99
-0.043335,99
-0.0457764,99
-0.0485229,99
-0.0515747,99
-0.0549316,99
-0.0582886,99
-0.0613403,99
-0.0643921,99
-0.0665283,99
-0.0686646,99
-0.0704956,99
-0.0720215,99
-0.0735474,99
-0.0750732,99
-0.0765991,99
-0.0778198,99
-0.0787354,99
-0.0793457,99
-0.0796509,99
-0.0793457,99
-0.0790405,99
-0.0787354,99
-0.0787354,99
-0.0787354,99
-0.0787354,99
-0.0787354,99
-0.0787354,99
-0.0784302,99
-0.0784302,99
-0.078125,99
-0.0778198,99
-0.0769043,99
-0.0759888,99
-0.0747681,99
-0.0738525,99
-0.0732422,99
-0.0726318,99
-0.0720215,99
-0.0714111,99
-0.0708008,99
-0.0708008,99
-0.071106,99
-0.0717163,99
-0.072937,99
-0.0738525,99
-0.0747681,99
-0.0753784,99
-0.0759888,99
-0.0762939,99
-0.0765991,99
-0.0769043,99
-0.0762939,99
-0.0756836,99
-0.0750732,99
-0.0741577,99
-0.0732422,99
-0.0717163,99
-0.0701904,99
-0.067749,99
-0.0650024,99
-0.0613403,99
-0.0564575,99
-0.0506592,99
-0.043335,99
-0.0350952,99
-0.0250244,99
-0.0131226,99
0.000610352,99
0.0161743,99
0.0332642,99
0.0521851,99
0.0726318,99
0.0952148,99
0.119324,99
0.144958,99
0.172424,99
0.201416,99
0.231628,99
0.262756,99
0.293884,99
0.324402,99
0.353699,99
0.380249,99
0.402832,99
0.420227,99
0.430908,99
0.435181,99
0.432739,99
0.4245,99
0.411377,99
0.393677,99
0.371399,99
0.345154,99
0.314941,99
0.281372,99
0.244751,99
0.205994,98
0.166321,98
0.126038,98
0.0860596,98
0.0469971,98
0.0100708,98
-0.0241089,98
-0.0543213,98
-0.0802612,98
-0.101318,98
-0.116882,98
-0.127563,98
-0.133362,98
-0.134888,98
-0.132751,98
-0.126953,98
-0.119019,98
-0.109253,98
-0.0982666,98
-0.0869751,98
-0.0759888,98
-0.0653076,98
-0.055542,98
-0.0469971,98
-0.0396729,98
-0.0335693,98
-0.0286865,98
-0.0247192,98
-0.0216675,98
-0.0198364,98
-0.0186157,98
-0.0180054,98
-0.0183105,98
-0.0189209,98
-0.0201416,98
-0.0219727,98
-0.0241089,98
-0.0265503,98
-0.0286865,98
-0.0305176,98
-0.0323486,98
-0.0335693,98
-0.03479,98
-0.0350952,98
-0.0354004,98
-0.0350952,98
-0.0350952,98
-0.0354004,98
-0.0357056,98
-0.0366211,98
-0.0372314,98
-0.0375366,98
-0.038147,98
-0.0384521,98
-0.0390625,98
-0.039978,98
-0.0418091,98
-0.0439453,98
-0.0463867,98
-0.0494385,98
-0.0521851,98
-0.0546265,98
-0.0561523,98
-0.0570679,98
-0.0570679,98
-0.0564575,98
-0.055542,98
-0.0546265,98
-0.0534058,98
-0.0521851,98
-0.0509644,98
-0.0497437,98
-0.0482178,98
-0.0463867,98
-0.0442505,98
-0.0418091,98
-0.0393677,98
-0.0366211,98
-0.0341797,98
-0.0317383,98
-0.0299072,98
-0.0283813,98
-0.0274658,98
-0.0268555,98
-0.0265503,98
-0.0265503,98
-0.0274658,98
-0.0286865,98
-0.0302124,98
-0.0320435,98
-0.0338745,98
-0.0350952,98
-0.0357056,98
-0.0360107,98
-0.0366211,98
-0.0372314,98
-0.0378418,98
-0.038147,98
-0.038147,98
-0.0378418,98
-0.0375366,98
-0.0366211,98
-0.0360107,98
-0.03479,98
-0.0338745,98
-0.0326538,98
-0.0311279,98
-0.0292969,98
-0.0274658,98
-0.0253296,98
-0.0228882,98
-0.0201416,98
-0.0177002,98
-0.0149536,98
-0.0128174,98
-0.0112915,98
-0.0100708,98
-0.00946045,98
-0.00946045,98
-0.00946045,98
-0.0100708,98
-0.010376,98
-0.0109863,98
-0.0112915,98
-0.0119019,98
-0.0125122,98
-0.0131226,98
-0.0140381,98
-0.0146484,98
-0.0152588,98
-0.015564,98
-0.015564,98
-0.0152588,98
-0.0146484,98
-0.0137329,98
-0.0131226,98
-0.0125122,98
-0.0119019,98
-0.0112915,98
-0.010376,98
-0.00915527,98
-0.00732422,98
-0.00488281,98
-0.00213623,98
0.0012207,98
0.00457764,98
0.00793457,98
0.0115967,98
0.015564,98
0.0189209,98
0.0219727,98
0.0241089,98
0.0256348,98
0.0268555,98
0.027771,98
0.0289917,98
0.0302124,98
0.0314331,98
0.032959,98
0.0344849,98
0.0363159,98
0.038147,98
0.0396729,98
0.0408936,98
0.0415039,98
0.0415039,98
0.0415039,98
0.0411987,98
0.0408936,98
0.0408936,98
0.0405884,98
0.0405884,98
0.0408936,98
0.0421143,98
0.0436401,98
0.0457764,98
0.0482178,98
0.050354,98
0.0521851,98
0.0540161,98
0.055542,98
0.0567627,98
0.0582886,98
0.0595093,98
0.0610352,98
0.0628662,98
0.0650024,98
0.067749,98
0.071106,98
0.0750732,98
0.0799561,98
0.085144,98
0.090332,98
0.0946045,98
0.0982666,98
0.101013,98
0.103149,98
0.104675,98
0.105591,98
0.106506,98
0.107422,98
0.108643,98
0.110168,98
0.111389,98
0.11261,98
0.11322,98
0.113525,98
0.11322,98
0.112305,98
0.110474,98
0.108337,98
0.105896,98
0.10376,98
0.101929,98
0.100403,98
0.0997925,98
0.0994873,98
0.0997925,98
0.100708,98
0.102539,98
0.10437,98
0.107117,98
0.109863,98
0.11261,98
0.115356,98
0.117798,98
0.119629,98
0.121155,98
0.12207,98
0.122375,98
0.122681,98
0.122681,98
0.122375,98
0.12207,98
0.12146,98
0.120239,98
0.118103,98
0.115356,98
0.111389,98
0.106812,98
0.101318,98
0.0952148,98
0.0888062,98
0.0823975,98
0.0759888,98
0.0701904,98
0.0646973,98
0.0595093,98
0.0543213,98
0.0491333,98
0.0436401,98
0.0387573,98
0.0335693,98
0.0289917,98
0.0244141,98
0.0201416,98
0.0161743,98
0.0125122,98
0.00946045,98
0.00671387,98
0.00427246,98
0.00152588,98
-0.00152588,98
-0.00488281,98
-0.0088501,98
-0.0131226,98
-0.0180054,98
-0.0231934,98
-0.0280762,98
-0.032959,98
-0.0375366,98
-0.0415039,98
-0.045166,98
-0.0494385,98
-0.0537109,98
-0.0582886,98
-0.0628662,98
-0.067749,98
-0.0726318,98
-0.0772095,98
-0.0814819,98
-0.0848389,98
-0.0875854,98
-0.0897217,98
-0.0915527,98
-0.0933838,98
-0.0952148,98
-0.0973511,98
-0.0991821,98
-0.101013,98
-0.102539,98
-0.10376,98
-0.104675,98
-0.105286,98
-0.105591,98
-0.105591,98
-0.105286,98
-0.10498,98
-0.10498,98
-0.104675,98
-0.10498,98
-0.105286,98
-0.106201,98
-0.106812,98
-0.107422,98
-0.108032,98
-0.108643,98
-0.108948,98
-0.109253,98
-0.109253,98
-0.109253,98
-0.108948,98
-0.108337,98
-0.108032,98
-0.107727,98
-0.107422,98
-0.107422,98
-0.107422,98
-0.107117,98
-0.106506,98
-0.105591,98
-0.10437,98
-0.102844,98
-0.101013,98
-0.0991821,98
-0.0973511,98
-0.0961304,98
-0.0952148,98
-0.0952148,98
-0.0952148,98
-0.0958252,98
-0.0964355,98
-0.0970459,98
-0.0985718,98
-0.100098,98
-0.101929,98
-0.10376,98
-0.105286,98
-0.106201,98
-0.106812,98
-0.106812,98
-0.107117,98
-0.107117,98
-0.107117,98
-0.107422,98
-0.108032,98
-0.108643,98
-0.109253,98
-0.109558,98
-0.109253,98
-0.107727,98
-0.105591,98
-0.102234,98
-0.0985718,98
-0.0949097,98
-0.0909424,98
-0.0875854,98
-0.0848389,98
-0.0827026,98
-0.0814819,98
-0.0805664,98
-0.0802612,98
-0.0799561,98
-0.0799561,98
-0.0799561,98
-0.0805664,98
-0.0811768,98
-0.0823975,98
-0.083313,98
-0.0845337,98
-0.0854492,98
-0.0863647,98
-0.0869751,98
-0.0875854,98
-0.0881958,98
-0.0888062,98
-0.0894165,98
-0.0897217,98
-0.0897217,98
-0.0891113,98
-0.0881958,98
-0.0863647,98
-0.0842285,98
-0.0811768,98
-0.0778198,98
-0.0741577,98
-0.0708008,98
-0.0671387,98
-0.0643921,98
-0.0619507,98
-0.0601196,98
-0.0585938,98
-0.057373,98
-0.0567627,98
-0.0561523,98
-0.0558472,98
-0.0558472,98
-0.0561523,98
-0.0567627,98
-0.0576782,98
-0.0592041,98
-0.06073,98
-0.0619507,98
-0.0628662,98
-0.0631714,98
-0.0634766,98
-0.0631714,98
-0.0628662,98
-0.062561,98
-0.0622559,98
-0.062561,98
-0.0628662,98
-0.0631714,98
-0.0634766,98
-0.0637817,98
-0.0640869,98
-0.0637817,98
-0.0631714,98
-0.0622559,98
-0.0610352,98
-0.0595093,98
-0.0579834,98
-0.0567627,98
-0.0558472,98
-0.0552368,98
-0.0549316,98
-0.0546265,98
-0.0543213,98
-0.0537109,98
-0.0527954,98
-0.0518799,98
-0.0506592,98
-0.0491333,98
-0.0476074,98
-0.0454712,98
-0.043335,98
-0.0411987,98
-0.0393677,98
-0.038147,98
-0.0378418,98
-0.0384521,98
-0.0393677,98
-0.0405884,98
-0.0418091,98
-0.0427246,98
-0.043335,98
-0.0442505,98
-0.0454712,98
-0.0473022,98
-0.0491333,98
-0.0512695,98
-0.0534058,98
-0.0549316,98
-0.0561523,98
-0.0570679,98
-0.057373,98
-0.0576782,98
-0.0579834,98
-0.0582886,98
-0.0582886,98
-0.0579834,98
-0.057373,98
-0.0558472,98
-0.0540161,98
-0.0512695,98
-0.0482178,98
-0.0448608,98
-0.0411987,98
-0.0375366,98
-0.0338745,98
-0.0305176,98
-0.0274658,98
-0.0244141,98
-0.0213623,98
-0.0186157,98
-0.0158691,98
-0.0131226,98
-0.0100708,98
-0.00732422,98
-0.00457764,98
-0.00244141,98
-0.000305176,98
0.00152588,98
0.00366211,98
0.00579834,98
0.00793457,98
0.0100708,98
0.0119019,98
0.0143433,98
0.0164795,98
0.0189209,98
0.0216675,98
0.0241089,98
0.0265503,98
0.0292969,98
0.0323486,98
0.0354004,98
0.0384521,98
0.0411987,98
0.0439453,98
0.0463867,98
0.0482178,98
0.0497437,98
0.0509644,98
0.0515747,98
0.0521851,98
0.0521851,98
0.0518799,98
0.0512695,98
0.0497437,98
0.0479126,98
0.045166,98
0.0421143,98
0.038147,98
0.0338745,98
0.0296021,98
0.0253296,98
0.0210571,98
0.0170898,98
0.0134277,98
0.0100708,98
0.00701904,98
0.00335693,98
0,98
-0.00396729,98
-0.00823975,98
-0.012207,98
-0.0161743,98
-0.0198364,98
-0.0231934,98
-0.0265503,98
-0.0299072,98
-0.0332642,98
-0.0360107,98
-0.0387573,98
-0.0415039,98
-0.0442505,98
-0.0473022,98
-0.050354,98
-0.0534058,98
-0.0567627,98
-0.0598145,98
-0.0628662,98
-0.0662231,98
-0.0689697,98
-0.0720215,98
-0.0744629,98
-0.0765991,98
-0.0787354,98
-0.0808716,98
-0.0830078,98
-0.0848389,98
-0.0863647,98
-0.0872803,98
-0.088501,98
-0.0897217,98
-0.0909424,98
-0.0921631,98
-0.0930786,98
-0.093689,98
-0.0946045,98
-0.09552,98
-0.0964355,98
-0.0976563,98
-0.0985718,98
-0.0994873,98
-0.0997925,98
-0.0997925,98
-0.0997925,98
-0.0997925,98
-0.100098,98
-0.100403,98
-0.101318,98
-0.102234,98
-0.103149,98
-0.104065,98
-0.105286,98
-0.106506,98
-0.107422,98
-0.108032,98
-0.108643,98
-0.108643,98
-0.108948,98
-0.108948,98
-0.109253,98
-0.109558,98
-0.109558,98
-0.109558,98
-0.109253,98
-0.108948,98
-0.108337,98
-0.108032,98
-0.107422,98
-0.107117,98
-0.106812,98
-0.106506,98
-0.106201,98
-0.106201,98
-0.106201,98
-0.106201,98
-0.105591,98
-0.10498,98
-0.10376,98
-0.102234,98
-0.100098,98
-0.0979614,98
-0.0952148,98
-0.0915527,98
-0.0869751,98
-0.0814819,98
-0.0747681,98
-0.0662231,98
-0.0558472,98
-0.0436401,98
-0.0296021,98
-0.0137329,98
0.00366211,98
0.022583,98
0.0436401,98
0.0665283,98
0.0912476,98
0.117493,98
0.145569,98
0.175171,98
0.205994,98
0.237732,98
0.269775,98
0.301514,98
0.331726,98
0.359497,98
0.384216,98
0.404053,98
0.418701,98
0.427551,98
0.429993,98
0.426331,98
0.417175,98
0.403137,98
0.384216,98
0.360718,98
0.333252,98
0.302429,98
0.26825,98
0.231934,98
0.193787,93
0.154114,93
0.113525,93
0.0726318,93
0.032959,93
-0.00427246,93
-0.0384521,93
-0.0683594,93
-0.0933838,93
-0.113525,93
-0.128174,93
-0.137634,93
-0.142517,93
-0.143433,93
-0.140686,93
-0.134888,93
-0.127258,93
-0.117493,93
-0.106812,93
-0.09552,93
-0.0836182,93
-0.0723267,93
-0.0610352,93
-0.0509644,93
-0.0418091,93
-0.0341797,93
-0.027771,93
-0.022583,93
-0.0186157,93
-0.0158691,93
-0.0140381,93
-0.0134277,93
-0.0137329,93
-0.0149536,93
-0.0167847,93
-0.0189209,93
-0.0216675,93
-0.0247192,93
-0.0280762,93
-0.0314331,93
-0.03479,93
-0.0378418,93
-0.0405884,93
-0.043335,93
-0.0454712,93
-0.0469971,93
-0.0488281,93
-0.0500488,93
-0.0512695,93
-0.0524902,93
-0.0531006,93
-0.0534058,93
-0.0534058,93
-0.0534058,93
-0.0531006,93
-0.0524902,93
-0.0518799,93
-0.0509644,93
-0.0500488,93
-0.0488281,93
-0.0473022,93
-0.0463867,93
-0.0457764,93
-0.0457764,93
-0.0460815,93
-0.0466919,93
-0.0469971,93
-0.0473022,93
-0.0473022,93
-0.0469971,93
-0.0463867,93
-0.0460815,93
-0.0460815,93
-0.0457764,93
-0.0457764,93
-0.0454712,93
-0.045166,93
-0.0448608,93
-0.0442505,93
-0.043335,93
-0.0424194,93
-0.0415039,93
-0.0402832,93
-0.0384521,93
-0.0366211,93
-0.0350952,93
-0.0332642,93
-0.0317383,93
-0.0305176,93
-0.0292969,93
-0.0280762,93
-0.0271606,93
-0.0265503,93
-0.0265503,93
-0.0268555,93
-0.0271606,93
-0.0274658,93
-0.027771,93
-0.0280762,93
-0.0286865,93
-0.0286865,93
-0.0286865,93
-0.0283813,93
-0.0274658,93
-0.0262451,93
-0.0250244,93
-0.0234985,93
-0.0222778,93
-0.0210571,93
-0.0204468,93
-0.0198364,93
-0.0189209,93
-0.0180054,93
-0.0167847,93
-0.0152588,93
-0.0137329,93
-0.0125122,93
-0.0112915,93
-0.010376,93
-0.00946045,93
-0.00854492,93
-0.00793457,93
-0.00762939,93
-0.00762939,93
-0.00732422,93
-0.00732422,93
-0.00701904,93
-0.00610352,93
-0.00457764,93
-0.00305176,93
-0.0012207,93
0.000610352,93
0.00213623,93
0.00396729,93
0.00549316,93
0.00671387,93
0.00854492,93
0.0100708,93
0.012207,93
0.0146484,93
0.0170898,93
0.0195313,93
0.0216675,93
0.0238037,93
0.0259399,93
0.0280762,93
0.0299072,93
0.0317383,93
0.0335693,93
0.0350952,93
0.0363159,93
0.0378418,93
0.0393677,93
0.0411987,93
0.0430298,93
0.0448608,93
0.0469971,93
0.0485229,93
0.0500488,93
0.0512695,93
0.0521851,93
0.0531006,93
0.0540161,93
0.0546265,93
0.0552368,93
0.0558472,93
0.0567627,93
0.0582886,93
0.0598145,93
0.0616455,93
0.0637817,93
0.0662231,93
0.0686646,93
0.071106,93
0.0735474,93
0.0756836,93
0.078125,93
0.0802612,93
0.0830078,93
0.0854492,93
0.0881958,93
0.0906372,93
0.0933838,93
0.0961304,93
0.0985718,93
0.101318,93
0.10376,93
0.106201,93
0.108337,93
0.110474,93
0.11261,93
0.114746,93
0.116577,93
0.118103,93
0.119324,93
0.120239,93
0.121155,93
0.121765,93
0.122681,93
0.123596,93
0.124512,93
0.125427,93
0.126343,93
0.127563,93
0.128784,93
0.130005,93
0.131531,93
0.133667,93
0.135803,93
0.138245,93
0.140991,93
0.143433,93
0.145569,93
0.1474,93
0.149536,93
0.151978,93
0.154419,93
0.15686,93
0.158997,93
0.161133,93
0.163269,93
0.164795,93
0.16571,93
0.166321,93
0.166016,93
0.1651,93
0.163879,93
0.162048,93
0.160217,93
0.157776,93
0.15564,93
0.153503,93
0.151672,93
0.149841,93
0.148315,93
0.146179,93
0.143738,93
0.140991,93
0.138245,93
0.135498,93
0.132751,93
0.13031,93
0.128174,93
0.125732,93
0.123291,93
0.120544,93
0.117798,93
0.114441,93
0.111084,93
0.107422,93
0.103149,93
0.0982666,93
0.0927734,93
0.0869751,93
0.0808716,93
0.0750732,93
0.0689697,93
0.0628662,93
0.0570679,93
0.0509644,93
0.0448608,93
0.0387573,93
0.0326538,93
0.0268555,93
0.0210571,93
0.0161743,93
0.0115967,93
0.00762939,93
0.00396729,93
0.000610352,93
-0.00244141,93
-0.00549316,93
-0.00793457,93
-0.00976563,93
-0.0112915,93
-0.0128174,93
-0.0140381,93
-0.0152588,93
-0.0164795,93
-0.0183105,93
-0.0204468,93
-0.022583,93
-0.0247192,93
-0.0268555,93
-0.0289917,93
-0.0311279,93
-0.0335693,93
-0.0360107,93
-0.0384521,93
-0.0408936,93
-0.043335,93
-0.0457764,93
-0.0479126,93
-0.0500488,93
-0.0518799,93
-0.0534058,93
-0.0543213,93
-0.0549316,93
-0.0549316,93
-0.0546265,93
-0.0540161,93
-0.0534058,93
-0.0524902,93
-0.0512695,93
-0.0500488,93
-0.0491333,93
-0.0479126,93
-0.0469971,93
-0.0460815,93
-0.045166,93
-0.0445557,93
-0.0439453,93
-0.0436401,93
-0.0436401,93
-0.0439453,93
-0.0445557,93
-0.0448608,93
-0.0454712,93
-0.0460815,93
-0.0463867,93
-0.0466919,93
-0.0469971,93
-0.0473022,93
-0.0476074,93
-0.0473022,93
-0.0473022,93
-0.0473022,93
-0.0473022,93
-0.0473022,93
-0.0476074,93
-0.0476074,93
-0.0476074,93
-0.0476074,93
-0.0473022,93
-0.0466919,93
-0.0460815,93
-0.0457764,93
-0.0457764,93
-0.0460815,93
-0.0466919,93
-0.0476074,93
-0.0488281,93
-0.0500488,93
-0.0509644,93
-0.0515747,93
-0.0521851,93
-0.0524902,93
-0.0527954,93
-0.0531006,93
-0.0534058,93
-0.0537109,93
-0.0540161,93
-0.0537109,93
-0.0531006,93
-0.0524902,93
-0.0512695,93
-0.050354,93
-0.0491333,93
-0.0476074,93
-0.0460815,93
-0.0445557,93
-0.0424194,93
-0.0402832,93
-0.038147,93
-0.0360107,93
-0.0341797,93
-0.0323486,93
-0.0308228,93
-0.0296021,93
-0.0283813,93
-0.0274658,93
-0.0265503,93
-0.0259399,93
-0.0250244,93
-0.0241089,93
-0.0234985,93
-0.022583,93
-0.0222778,93
-0.0219727,93
-0.0219727,93
-0.0216675,93
-0.0213623,93
-0.020752,93
-0.0201416,93
-0.0195313,93
-0.0192261,93
-0.0189209,93
-0.0186157,93
-0.0180054,93
-0.017395,93
-0.0170898,93
-0.0167847,93
-0.0164795,93
-0.0161743,93
-0.0161743,93
-0.0161743,93
-0.0161743,93
-0.0158691,93
-0.0152588,93
-0.0143433,93
-0.0134277,93
-0.012207,93
-0.0115967,93
-0.0109863,93
-0.010376,93
-0.0100708,93
-0.00976563,93
-0.00946045,93
-0.00915527,93
-0.00854492,93
-0.00823975,93
-0.00732422,93
-0.00671387,93
-0.00579834,93
-0.00488281,93
-0.00427246,93
-0.00396729,93
-0.00366211,93
-0.00396729,93
-0.00396729,93
-0.00427246,93
-0.00457764,93
-0.00488281,93
-0.00518799,93
-0.00549316,93
-0.00610352,93
-0.00671387,93
-0.00762939,93
-0.00854492,93
-0.00946045,93
-0.010376,93
-0.0109863,93
-0.0115967,93
-0.0119019,93
-0.0125122,93
-0.0128174,93
-0.0134277,93
-0.0137329,93
-0.0140381,93
-0.0143433,93
-0.0143433,93
-0.0146484,93
-0.0149536,93
-0.015564,93
-0.0161743,93
-0.0164795,93
-0.0158691,93
-0.0149536,93
-0.0134277,93
-0.0115967,93
-0.0100708,93
-0.00854492,93
-0.00762939,93
-0.00762939,93
-0.00793457,93
-0.00854492,93
-0.00976563,93
-0.0106812,93
-0.0119019,93
-0.0128174,93
-0.0134277,93
-0.0140381,93
-0.0143433,93
-0.0146484,93
-0.0152588,93
-0.0161743,93
-0.017395,93
-0.0192261,93
-0.020752,93
-0.0222778,93
-0.0231934,93
-0.0234985,93
-0.0238037,93
-0.0234985,93
-0.0231934,93
-0.022583,93
-0.0216675,93
-0.020752,93
-0.0195313,93
-0.0183105,93
-0.0170898,93
-0.0158691,93
-0.0146484,93
-0.0134277,93
-0.012207,93
-0.0112915,93
-0.010376,93
-0.00946045,93
-0.00854492,93
-0.00823975,93
-0.00793457,93
-0.00793457,93
-0.00793457,93
-0.00823975,93
-0.00823975,93
-0.00823975,93
-0.00793457,93
-0.00793457,93
-0.00793457,93
-0.00793457,93
-0.00823975,93
-0.00823975,93
-0.0088501,93
-0.00946045,93
-0.0100708,93
-0.0109863,93
-0.0119019,93
-0.0128174,93
-0.0137329,93
-0.0143433,93
-0.0152588,93
-0.0161743,93
-0.0170898,93
-0.0180054,93
-0.0192261,93
-0.0204468,93
-0.0219727,93
-0.0228882,93
-0.0238037,93
-0.0247192,93
-0.0250244,93
-0.0253296,93
-0.0256348,93
-0.0256348,93
-0.0253296,93
-0.0253296,93
-0.0253296,93
-0.0253296,93
-0.0250244,93
-0.0247192,93
-0.0238037,93
-0.0228882,93
-0.0219727,93
-0.0210571,93
-0.0204468,93
-0.0201416,93
-0.0201416,93
-0.0201416,93
-0.020752,93
-0.0216675,93
-0.022583,93
-0.0234985,93
-0.0247192,93
-0.0256348,93
-0.0262451,93
-0.0268555,93
-0.0274658,93
-0.027771,93
-0.0280762,93
-0.0280762,93
-0.0280762,93
-0.0280762,93
-0.0274658,93
-0.0268555,93
-0.0256348,93
-0.0244141,93
-0.0231934,93
-0.0222778,93
-0.0213623,93
-0.0210571,93
-0.0210571,93
-0.0210571,93
-0.0216675,93
-0.0219727,93
-0.0222778,93
-0.022583,93
-0.0231934,93
-0.0241089,93
-0.0253296,93
-0.0265503,93
-0.0283813,93
-0.0299072,93
-0.0314331,93
-0.032959,93
-0.0341797,93
-0.0350952,93
-0.0354004,93
-0.0350952,93
-0.0341797,93
-0.032959,93
-0.0314331,93
-0.0296021,93
-0.027771,93
-0.0253296,93
-0.022583,93
-0.0195313,93
-0.0164795,93
-0.0137329,93
-0.0112915,93
-0.0088501,93
-0.00671387,93
-0.00488281,93
-0.00366211,93
-0.00213623,93
-0.000610352,93
0.000610352,93
0.00213623,93
0.00335693,93
0.00488281,93
0.00640869,93
0.00823975,93
0.010376,93
0.012207,93
0.0140381,93
0.0161743,93
0.0183105,93
0.020752,93
0.0234985,93
0.0265503,93
0.0296021,93
0.0332642,93
0.0372314,93
0.0418091,93
0.0466919,93
0.0512695,93
0.0558472,93
0.0595093,93
0.0628662,93
0.0662231,93
0.0689697,93
0.0720215,93
0.0747681,93
0.0775146,93
0.0799561,93
0.0820923,93
0.0839233,93
0.085144,93
0.0863647,93
0.0875854,93
0.0881958,93
0.0888062,93
0.0888062,93
0.088501,93
0.0878906,93
0.0866699,93
0.085144,93
0.083313,93
0.0811768,93
0.0790405,93
0.0765991,93
0.0735474,93
0.0704956,93
0.0668335,93
0.0628662,93
0.0585938,93
0.0543213,93
0.050354,93
0.0460815,93
0.0421143,93
0.0378418,93
0.0338745,93
0.0302124,93
0.0262451,93
0.0222778,93
0.0189209,93
0.0158691,93
0.0131226,93
0.0106812,93
0.00854492,93
0.00640869,93
0.00457764,93
0.00244141,93
0.000610352,93
-0.000915527,93
-0.00244141,93
-0.00396729,93
-0.00579834,93
-0.00762939,93
-0.00946045,93
-0.0115967,93
-0.0137329,93
-0.0161743,93
-0.0189209,93
-0.0213623,93
-0.0238037,93
-0.0262451,93
-0.0286865,93
-0.0308228,93
-0.0335693,93
-0.0357056,93
-0.038147,93
-0.0402832,93
-0.0424194,93
-0.0442505,93
-0.0460815,93
-0.0473022,93
-0.0485229,93
-0.0494385,93
-0.0500488,93
-0.050354,93
-0.050354,93
-0.0500488,93
-0.0494385,93
-0.0488281,93
-0.0482178,93
-0.0479126,93
-0.0479126,93
-0.0476074,93
-0.0473022,93
-0.0469971,93
-0.0466919,93
-0.0463867,93
-0.0460815,93
-0.0457764,93
-0.045166,93
-0.0445557,93
-0.0439453,93
-0.043335,93
-0.0424194,93
-0.0421143,93
-0.0418091,93
-0.0418091,93
-0.0421143,93
-0.0427246,93
-0.0436401,93
-0.0448608,93
-0.0460815,93
-0.0482178,93
-0.0500488,93
-0.0521851,93
-0.0537109,93
-0.0552368,93
-0.0564575,93
-0.0576782,93
-0.0588989,93
-0.0601196,93
-0.0613403,93
-0.0622559,93
-0.062561,93
-0.062561,93
-0.0616455,93
-0.0604248,93
-0.0579834,93
-0.0546265,93
-0.0494385,93
-0.0424194,93
-0.0341797,93
-0.0238037,93
-0.012207,93
0.000915527,93
0.015564,93
0.0320435,93
0.050354,93
0.0704956,93
0.0921631,93
0.115662,93
0.140991,93
0.168152,93
0.196533,93
0.226135,93
0.256958,93
0.288391,93
0.319824,93
0.350037,93
0.378723,93
0.405273,93
0.428772,93
0.447998,93
0.462036,93
0.470581,93
0.473022,93
0.46936,93
0.460205,93
0.445862,93
0.426636,93
0.402527,93
0.374451,93
0.342102,93
0.306091,93
0.267639,78
0.227051,78
0.185242,78
0.142822,78
0.100708,78
0.0604248,78
0.0228882,78
-0.0109863,78
-0.0405884,78
-0.0653076,78
-0.085144,78
-0.0997925,78
-0.109558,78
-0.114746,78
-0.115356,78
-0.112305,78
-0.105591,78
-0.0967407,78
-0.0860596,78
-0.0747681,78
-0.062561,78
-0.0506592,78
-0.0390625,78
-0.0280762,78
-0.0177002,78
-0.00915527,78
-0.00152588,78
0.00396729,78
0.00823975,78
0.0106812,78
0.0115967,78
0.0112915,78
0.00976563,78
0.00701904,78
0.00396729,78
0.000305176,78
-0.00366211,78
-0.00762939,78
-0.0112915,78
-0.0152588,78
-0.0189209,78
-0.0222778,78
-0.0253296,78
-0.0280762,78
-0.0305176,78
-0.0326538,78
-0.0344849,78
-0.0363159,78
-0.038147,78
-0.0396729,78
-0.0408936,78
-0.0421143,78
-0.0427246,78
-0.043335,78
-0.0439453,78
-0.0445557,78
-0.0448608,78
-0.045166,78
-0.045166,78
-0.0448608,78
-0.0442505,78
-0.043335,78
-0.0421143,78
-0.0408936,78
-0.0396729,78
-0.038147,78
-0.0366211,78
-0.03479,78
-0.0332642,78
-0.0320435,78
-0.0308228,78
-0.0299072,78
-0.0289917,78
-0.0280762,78
-0.0274658,78
-0.0268555,78
-0.0262451,78
-0.0259399,78
-0.0253296,78
-0.0256348,78
-0.0259399,78
-0.0265503,78
-0.027771,78
-0.0286865,78
-0.0302124,78
-0.0314331,78
-0.0326538,78
-0.0335693,78
-0.0344849,78
-0.0350952,78
-0.0354004,78
-0.0354004,78
-0.0350952,78
-0.03479,78
-0.0344849,78
-0.0344849,78
-0.0344849,78
-0.0344849,78
-0.0341797,78
-0.0332642,78
-0.0323486,78
-0.0308228,78
-0.0292969,78
-0.0274658,78
-0.0256348,78
-0.0238037,78
-0.0219727,78
-0.0198364,78
-0.0180054,78
-0.0161743,78
-0.0143433,78
-0.0125122,78
-0.0109863,78
-0.00976563,78
-0.0088501,78
-0.00823975,78
-0.00793457,78
-0.00732422,78
-0.00671387,78
-0.00640869,78
-0.00610352,78
-0.00610352,78
-0.00640869,78
-0.00671387,78
-0.00701904,78
-0.00762939,78
-0.00793457,78
-0.00823975,78
-0.0088501,78
-0.00915527,78
-0.00946045,78
-0.00946045,78
-0.00946045,78
-0.0088501,78
-0.00793457,78
-0.00701904,78
-0.00549316,78
-0.00396729,78
-0.00244141,78
-0.0012207,78
0,78
0.000915527,78
0.00183105,78
0.00244141,78
0.00335693,78
0.00396729,78
0.00457764,78
0.00488281,78
0.00488281,78
0.00518799,78
0.00518799,78
0.00579834,78
0.00640869,78
0.00732422,78
0.00854492,78
0.00946045,78
0.0106812,78
0.0115967,78
0.0128174,78
0.0140381,78
0.0152588,78
0.0170898,78
0.0189209,78
0.0210571,78
0.0234985,78
0.0262451,78
0.0286865,78
0.0314331,78
0.0341797,78
0.0369263,78
0.0396729,78
0.0421143,78
0.0445557,78
0.0466919,78
0.0488281,78
0.0509644,78
0.0531006,78
0.0549316,78
0.057373,78
0.0592041,78
0.0613403,78
0.0631714,78
0.0650024,78
0.0665283,78
0.0680542,78
0.0689697,78
0.0698853,78
0.0708008,78
0.071106,78
0.0717163,78
0.0720215,78
0.0723267,78
0.0723267,78
0.0726318,78
0.0726318,78
0.072937,78
0.0735474,78
0.0744629,78
0.0759888,78
0.0775146,78
0.0796509,78
0.0820923,78
0.0848389,78
0.0881958,78
0.0915527,78
0.0952148,78
0.0991821,78
0.102844,78
0.106201,78
0.108948,78
0.111389,78
0.113525,78
0.115051,78
0.116577,78
0.117798,78
0.119019,78
0.119324,78
0.119629,78
0.119324,78
0.119019,78
0.118408,78
0.117188,78
0.115967,78
0.114441,78
0.11322,78
0.112305,78
0.112,78
0.112305,78
0.112305,78
0.11261,78
0.11261,78
0.112305,78
0.112,78
0.111389,78
0.110474,78
0.109253,78
0.107727,78
0.106201,78
0.104675,78
0.102539,78
0.100403,78
0.0979614,78
0.0949097,78
0.0918579,78
0.0878906,78
0.0836182,78
0.0787354,78
0.0738525,78
0.0692749,78
0.0643921,78
0.0598145,78
0.0552368,78
0.0509644,78
0.0466919,78
0.0424194,78
0.038147,78
0.0335693,78
0.0289917,78
0.0244141,78
0.0195313,78
0.0146484,78
0.00946045,78
0.00427246,78
-0.000915527,78
-0.00579834,78
-0.010376,78
-0.0149536,78
-0.0192261,78
-0.0234985,78
-0.0280762,78
-0.0323486,78
-0.0366211,78
-0.0405884,78
-0.0442505,78
-0.0473022,78
-0.0500488,78
-0.0524902,78
-0.0546265,78
-0.0570679,78
-0.0595093,78
-0.0619507,78
-0.0646973,78
-0.0671387,78
-0.0698853,78
-0.072937,78
-0.0762939,78
-0.0796509,78
-0.083313,78
-0.0863647,78
-0.0897217,78
-0.0924683,78
-0.09552,78
-0.0982666,78
-0.101318,78
-0.104065,78
-0.106506,78
-0.108948,78
-0.111084,78
-0.112915,78
-0.114441,78
-0.115662,78
-0.116882,78
-0.117493,78
-0.118103,78
-0.118408,78
-0.118713,78
-0.119019,78
-0.119019,78
-0.118713,78
-0.118408,78
-0.117493,78
-0.116882,78
-0.115967,78
-0.115662,78
-0.115662,78
-0.115662,78
-0.115967,78
-0.116272,78
-0.116577,78
-0.116577,78
-0.116882,78
-0.116882,78
-0.116882,78
-0.116577,78
-0.116577,78
-0.116577,78
-0.116882,78
-0.117188,78
-0.117493,78
-0.118103,78
-0.118408,78
-0.119324,78
-0.119934,78
-0.12085,78
-0.121765,78
-0.122681,78
-0.123291,78
-0.123901,78
-0.123901,78
-0.123901,78
-0.123901,78
-0.123596,78
-0.123291,78
-0.122681,78
-0.12207,78
-0.12146,78
-0.121155,78
-0.12085,78
-0.12085,78
-0.12085,78
-0.12085,78
-0.120544,78
-0.120239,78
-0.119324,78
-0.118103,78
-0.116882,78
-0.115967,78
-0.115356,78
-0.115051,78
-0.115356,78
-0.115967,78
-0.116577,78
-0.117493,78
-0.118408,78
-0.119324,78
-0.119934,78
-0.12085,78
-0.121155,78
-0.12146,78
-0.121155,78
-0.121155,78
-0.120544,78
-0.120239,78
-0.119629,78
-0.119019,78
-0.118408,78
-0.117798,78
-0.117493,78
-0.117188,78
-0.116882,78
-0.116577,78
-0.116272,78
-0.115967,78
-0.115662,78
-0.115356,78
-0.115051,78
-0.115051,78
-0.115051,78
-0.115356,78
-0.115662,78
-0.116272,78
-0.116882,78
-0.117798,78
-0.118713,78
-0.119629,78
-0.120544,78
-0.12146,78
-0.122375,78
-0.122986,78
-0.123291,78
-0.122986,78
-0.122375,78
-0.12146,78
-0.120239,78
-0.119019,78
-0.118103,78
-0.117188,78
-0.116272,78
-0.115662,78
-0.114746,78
-0.113831,78
-0.112305,78
-0.111084,78
-0.109558,78
-0.108337,78
-0.106812,78
-0.105286,78
-0.104065,78
-0.103455,78
-0.102844,78
-0.102844,78
-0.103149,78
-0.103455,78
-0.104065,78
-0.104675,78
-0.105286,78
-0.105896,78
-0.106506,78
-0.107117,78
-0.107422,78
-0.107727,78
-0.107727,78
-0.107727,78
-0.108032,78
-0.108948,78
-0.110168,78
-0.112,78
-0.113525,78
-0.115356,78
-0.116272,78
-0.117188,78
-0.117493,78
-0.117493,78
-0.117493,78
-0.117493,78
-0.117493,78
-0.117493,78
-0.117798,78
-0.118103,78
-0.118103,78
-0.117798,78
-0.117493,78
-0.117188,78
-0.117188,78
-0.117493,78
-0.117798,78
-0.118408,78
-0.119019,78
-0.119324,78
-0.119629,78
-0.119934,78
-0.119934,78
-0.120239,78
-0.12085,78
-0.121765,78
-0.122681,78
-0.123901,78
-0.125122,78
-0.126038,78
-0.126648,78
-0.126953,78
-0.127258,78
-0.127258,78
-0.127258,78
-0.127563,78
-0.127869,78
-0.127869,78
-0.128174,78
-0.128479,78
-0.128784,78
-0.129395,78
-0.130005,78
-0.130615,78
-0.131226,78
-0.132446,78
-0.133362,78
-0.134583,78
-0.135498,78
-0.136414,78
-0.137329,78
-0.137939,78
-0.13855,78
-0.13855,78
-0.13855,78
-0.13855,78
-0.138245,78
-0.137634,78
-0.137024,78
-0.136414,78
-0.135193,78
-0.134277,78
-0.133057,78
-0.132141,78
-0.13092,78
-0.130005,78
-0.129089,78
-0.128479,78
-0.128174,78
-0.128479,78
-0.129395,78
-0.13031,78
-0.131531,78
-0.133057,78
-0.134583,78
-0.135803,78
-0.137329,78
-0.138855,78
-0.140076,78
-0.140991,78
-0.141907,78
-0.142822,78
-0.144043,78
-0.145264,78
-0.14679,78
-0.14801,78
-0.149231,78
-0.150757,78
-0.151978,78
-0.153198,78
-0.154419,78
-0.155334,78
-0.15564,78
-0.155334,78
-0.155029,78
-0.154114,78
-0.153198,78
-0.152283,78
-0.151062,78
-0.150146,78
-0.148926,78
-0.1474,78
-0.146179,78
-0.144958,78
-0.143738,78
-0.142517,78
-0.141602,78
-0.140991,78
-0.140076,78
-0.13916,78
-0.13855,78
-0.137939,78
-0.137634,78
-0.137329,78
-0.137634,78
-0.13855,78
-0.139465,78
-0.140686,78
-0.142212,78
-0.143433,78
-0.144958,78
-0.146484,78
-0.14801,78
-0.149231,78
-0.150452,78
-0.151367,78
-0.152283,78
-0.153198,78
-0.153809,78
-0.153809,78
-0.153809,78
-0.153809,78
-0.153809,78
-0.153809,78
-0.154114,78
-0.154724,78
-0.15564,78
-0.15625,78
-0.15686,78
-0.157471,78
-0.157776,78
-0.158081,78
-0.158081,78
-0.157471,78
-0.156555,78
-0.15564,78
-0.154724,78
-0.153809,78
-0.152893,78
-0.151978,78
-0.150757,78
-0.149841,78
-0.148926,78
-0.148621,78
-0.148621,78
-0.148926,78
-0.148926,78
-0.148621,78
-0.148315,78
-0.14801,78
-0.14801,78
-0.148315,78
-0.149231,78
-0.150757,78
-0.152588,78
-0.154419,78
-0.15625,78
-0.158081,78
-0.159302,78
-0.160217,78
-0.160522,78
-0.160522,78
-0.160217,78
-0.159912,78
-0.158997,78
-0.158386,78
-0.157471,78
-0.15686,78
-0.156555,78
-0.155945,78
-0.155029,78
-0.154114,78
-0.152893,78
-0.151367,78
-0.150146,78
-0.148621,78
-0.1474,78
-0.146484,78
-0.145874,78
-0.145569,78
-0.145569,78
-0.145569,78
-0.145874,78
-0.145569,78
-0.145264,78
-0.144348,78
-0.143433,78
-0.142517,78
-0.141296,78
-0.140076,78
-0.137939,78
-0.135498,78
-0.132141,78
-0.127869,78
-0.123596,78
-0.119019,78
-0.114441,78
-0.110168,78
-0.105896,78
-0.101318,78
-0.0970459,78
-0.0924683,78
-0.0878906,78
-0.083313,78
-0.0787354,78
-0.0744629,78
-0.0701904,78
-0.0662231,78
-0.062561,78
-0.0592041,78
-0.0561523,78
-0.0534058,78
-0.0506592,78
-0.0488281,78
-0.0473022,78
-0.0463867,78
-0.0460815,78
-0.0460815,78
-0.0463867,78
-0.0469971,78
-0.0479126,78
-0.0488281,78
-0.0500488,78
-0.0515747,78
-0.0531006,78
-0.0552368,78
-0.0576782,78
-0.0604248,78
-0.0634766,78
-0.0668335,78
-0.0701904,78
-0.0738525,78
-0.0775146,78
-0.0811768,78
-0.0854492,78
-0.0894165,78
-0.0930786,78
-0.0967407,78
-0.100098,78
-0.102844,78
-0.105286,78
-0.107117,78
-0.108643,78
-0.110168,78
-0.111694,78
-0.11322,78
-0.114746,78
-0.116272,78
-0.117798,78
-0.119629,78
-0.12207,78
-0.124817,78
-0.127869,78
-0.13092,78
-0.134277,78
-0.137329,78
-0.140686,78
-0.144043,78
-0.147705,78
-0.151367,78
-0.155029,78
-0.158997,78
-0.162659,78
-0.166321,78
-0.169678,78
-0.172729,78
-0.175476,78
-0.178223,78
-0.180359,78
-0.181885,78
-0.183105,78
-0.184021,78
-0.184631,78
-0.184937,78
-0.184937,78
-0.184631,78
-0.184326,78
-0.183716,78
-0.183105,78
-0.182495,78
-0.181885,78
-0.18158,78
-0.181274,78
-0.180969,78
-0.180969,78
-0.180969,78
-0.180969,78
-0.181274,78
-0.181274,78
-0.181274,78
-0.180969,78
-0.180664,78
-0.179749,78
-0.178833,78
-0.178223,78
-0.177307,78
-0.176392,78
-0.175476,78
-0.174561,78
-0.173645,78
-0.172729,78
-0.172119,78
-0.171814,78
-0.171814,78
-0.171814,78
-0.172424,78
-0.173035,78
-0.173645,78
-0.174255,78
-0.174866,78
-0.175476,78
-0.176086,78
-0.176697,78
-0.177612,78
-0.178528,78
-0.179138,78
-0.179749,78
-0.179443,78
-0.178528,78
-0.176697,78
-0.17395,78
-0.170593,78
-0.166626,78
-0.161743,78
-0.155945,78
-0.149536,78
-0.142517,78
-0.134583,78
-0.125427,78
-0.115051,78
-0.102844,78
-0.088501,78
-0.0717163,78
-0.0524902,78
-0.0314331,78
-0.00793457,78
0.0170898,78
0.0439453,78
0.0726318,78
0.102539,78
0.134277,78
0.166626,78
0.199585,78
0.231934,78
0.263062,78
0.292358,78
0.318909,78
0.342102,78
0.360413,78
0.37323,78
0.379944,78
0.380554,78
0.374756,78
0.362854,78
0.344238,78
0.319519,78
0.289307,78
0.254517,78
0.215759,78
0.173645,78
0.129395,74
0.083313,74
0.0369263,74
-0.00946045,74
-0.0543213,74
-0.0970459,74
-0.135803,74
-0.170288,74
-0.19989,74
-0.223389,74
-0.241394,74
-0.253296,74
-0.259705,74
-0.26123,74
-0.258179,74
-0.25177,74
-0.242615,74
-0.231323,74
-0.218811,74
-0.205383,74
-0.191345,74
-0.177002,74
-0.162964,74
-0.149841,74
-0.137939,74
-0.128479,74
-0.120544,74
-0.114746,74
-0.110779,74
-0.108032,74
-0.107117,74
-0.107117,74
-0.108337,74
-0.110779,74
-0.113525,74
-0.116272,74
-0.119324,74
-0.122375,74
-0.125122,74
-0.127869,74
-0.130005,74
-0.131836,74
-0.133057,74
-0.133667,74
-0.133972,74
-0.133667,74
-0.133362,74
-0.133057,74
-0.132751,74
-0.132751,74
-0.132751,74
-0.133362,74
-0.133972,74
-0.134583,74
-0.135498,74
-0.136108,74
-0.136414,74
-0.137024,74
-0.137634,74
-0.138245,74
-0.13855,74
-0.13855,74
-0.138855,74
-0.13916,74
-0.139771,74
-0.140381,74
-0.140991,74
-0.141602,74
-0.141907,74
-0.141602,74
-0.140686,74
-0.13916,74
-0.137634,74
-0.136108,74
-0.134888,74
-0.134277,74
-0.133667,74
-0.133057,74
-0.132446,74
-0.131836,74
-0.131531,74
-0.131531,74
-0.131226,74
-0.13092,74
-0.130615,74
-0.130005,74
-0.129395,74
-0.128784,74
-0.127869,74
-0.126648,74
-0.125427,74
-0.123901,74
-0.122375,74
-0.120239,74
-0.118408,74
-0.115967,74
-0.113831,74
-0.112,74
-0.109863,74
-0.107727,74
-0.105896,74
-0.10376,74
-0.101624,74
-0.0997925,74
-0.0982666,74
-0.0970459,74
-0.0961304,74
-0.0952148,74
-0.0946045,74
-0.093689,74
-0.0927734,74
-0.0918579,74
-0.0906372,74
-0.0900269,74
-0.0891113,74
-0.088501,74
-0.0875854,74
-0.0869751,74
-0.0860596,74
-0.085144,74
-0.0839233,74
-0.0827026,74
-0.0814819,74
-0.0802612,74
-0.0790405,74
-0.0784302,74
-0.0778198,74
-0.0775146,74
-0.0772095,74
-0.0772095,74
-0.0772095,74
-0.0772095,74
-0.0775146,74
-0.0778198,74
-0.078125,74
-0.078125,74
-0.0784302,74
-0.0784302,74
-0.0778198,74
-0.0769043,74
-0.0753784,74
-0.0735474,74
-0.0717163,74
-0.0698853,74
-0.0680542,74
-0.0665283,74
-0.0646973,74
-0.0631714,74
-0.0613403,74
-0.0592041,74
-0.0567627,74
-0.0546265,74
-0.0521851,74
-0.050354,74
-0.0485229,74
-0.0469971,74
-0.0460815,74
-0.0454712,74
-0.0448608,74
-0.0439453,74
-0.0427246,74
-0.0418091,74
-0.0405884,74
-0.0396729,74
-0.0390625,74
-0.0384521,74
-0.0378418,74
-0.0369263,74
-0.0354004,74
-0.0335693,74
-0.0314331,74
-0.0292969,74
-0.0265503,74
-0.0234985,74
-0.0201416,74
-0.0164795,74
-0.0125122,74
-0.00854492,74
-0.00427246,74
0,74
0.00396729,74
0.00762939,74
0.0106812,74
0.0131226,74
0.0158691,74
0.0186157,74
0.0210571,74
0.0238037,74
0.0262451,74
0.0286865,74
0.0305176,74
0.0323486,74
0.0335693,74
0.0344849,74
0.0350952,74
0.0354004,74
0.0360107,74
0.0363159,74
0.0369263,74
0.0375366,74
0.038147,74
0.0393677,74
0.0405884,74
0.0421143,74
0.0436401,74
0.0454712,74
0.0473022,74
0.0494385,74
0.0515747,74
0.0537109,74
0.0561523,74
0.0582886,74
0.0601196,74
0.0619507,74
0.0637817,74
0.0656128,74
0.0671387,74
0.0686646,74
0.0698853,74
0.0714111,74
0.0726318,74
0.0738525,74
0.0750732,74
0.0765991,74
0.0778198,74
0.0790405,74
0.0799561,74
0.0808716,74
0.0811768,74
0.0814819,74
0.0814819,74
0.0811768,74
0.0808716,74
0.0805664,74
0.0802612,74
0.0799561,74
0.0793457,74
0.0787354,74
0.0778198,74
0.0765991,74
0.0750732,74
0.072937,74
0.0708008,74
0.0680542,74
0.0650024,74
0.0613403,74
0.057373,74
0.0537109,74
0.0497437,74
0.0460815,74
0.0421143,74
0.038147,74
0.0341797,74
0.0302124,74
0.0262451,74
0.0219727,74
0.017395,74
0.0125122,74
0.00732422,74
0.00213623,74
-0.00305176,74
-0.00854492,74
-0.0134277,74
-0.0186157,74
-0.0234985,74
-0.0280762,74
-0.032959,74
-0.038147,74
-0.0436401,74
-0.0491333,74
-0.0552368,74
-0.06073,74
-0.0662231,74
-0.0714111,74
-0.0762939,74
-0.0805664,74
-0.0839233,74
-0.0869751,74
-0.0897217,74
-0.0918579,74
-0.0942993,74
-0.0967407,74
-0.098877,74
-0.101013,74
-0.102539,74
-0.104065,74
-0.105286,74
-0.106506,74
-0.107117,74
-0.108032,74
-0.108948,74
-0.109558,74
-0.110474,74
-0.111694,74
-0.11322,74
-0.115051,74
-0.117188,74
-0.119019,74
-0.121155,74
-0.122681,74
-0.123901,74
-0.124512,74
-0.125122,74
-0.126038,74
-0.126648,74
-0.127563,74
-0.128479,74
-0.1297,74
-0.131226,74
-0.132446,74
-0.133362,74
-0.133972,74
-0.134277,74
-0.134583,74
-0.134888,74
-0.135193,74
-0.135498,74
-0.135803,74
-0.136108,74
-0.136414,74
-0.136719,74
-0.136719,74
-0.137024,74
-0.137329,74
-0.137634,74
-0.137939,74
-0.137939,74
-0.137939,74
-0.137329,74
-0.136719,74
-0.135498,74
-0.134277,74
-0.133057,74
-0.131836,74
-0.13092,74
-0.130615,74
-0.130615,74
-0.13092,74
-0.131531,74
-0.132141,74
-0.132751,74
-0.133362,74
-0.133972,74
-0.134583,74
-0.135193,74
-0.135803,74
-0.136108,74
-0.136719,74
-0.137024,74
-0.137024,74
-0.137329,74
-0.137634,74
-0.137939,74
-0.137939,74
-0.137939,74
-0.137634,74
-0.137024,74
-0.136719,74
-0.136108,74
-0.135193,74
-0.134277,74
-0.133057,74
-0.131836,74
-0.130615,74
-0.129395,74
-0.128174,74
-0.127258,74
-0.126343,74
-0.125732,74
-0.125122,74
-0.124512,74
-0.123596,74
-0.122681,74
-0.121765,74
-0.12085,74
-0.119629,74
-0.118408,74
-0.117493,74
-0.116272,74
-0.115356,74
-0.114441,74
-0.113525,74
-0.11261,74
-0.111389,74
-0.110168,74
-0.109253,74
-0.108032,74
-0.106201,74
-0.10437,74
-0.102234,74
-0.100403,74
-0.0985718,74
-0.0970459,74
-0.0958252,74
-0.0946045,74
-0.093689,74
-0.0930786,74
-0.0921631,74
-0.0918579,74
-0.0915527,74
-0.0912476,74
-0.0909424,74
-0.0906372,74
-0.090332,74
-0.0897217,74
-0.0894165,74
-0.0891113,74
-0.0891113,74
-0.0891113,74
-0.0894165,74
-0.0897217,74
-0.0900269,74
-0.0900269,74
-0.0897217,74
-0.0894165,74
-0.0891113,74
-0.0888062,74
-0.0888062,74
-0.0888062,74
-0.0891113,74
-0.0894165,74
-0.0900269,74
-0.0906372,74
-0.0912476,74
-0.0915527,74
-0.0921631,74
-0.0927734,74
-0.0930786,74
-0.0933838,74
-0.093689,74
-0.0933838,74
-0.0930786,74
-0.0927734,74
-0.0921631,74
-0.0918579,74
-0.0915527,74
-0.0906372,74
-0.0897217,74
-0.088501,74
-0.0869751,74
-0.0854492,74
-0.0836182,74
-0.0820923,74
-0.0808716,74
-0.0799561,74
-0.0796509,74
-0.0799561,74
-0.0805664,74
-0.0814819,74
-0.0827026,74
-0.0839233,74
-0.085144,74
-0.0866699,74
-0.0881958,74
-0.0897217,74
-0.0909424,74
-0.0918579,74
-0.0930786,74
-0.0939941,74
-0.0949097,74
-0.0958252,74
-0.0967407,74
-0.0976563,74
-0.0982666,74
-0.098877,74
-0.098877,74
-0.0982666,74
-0.0976563,74
-0.0967407,74
-0.09552,74
-0.0942993,74
-0.0930786,74
-0.0918579,74
-0.0906372,74
-0.0897217,74
-0.0891113,74
-0.088501,74
-0.0878906,74
-0.0869751,74
-0.0857544,74
-0.0842285,74
-0.0823975,74
-0.0808716,74
-0.0793457,74
-0.078125,74
-0.0765991,74
-0.0750732,74
-0.0735474,74
-0.0720215,74
-0.071106,74
-0.0708008,74
-0.0708008,74
-0.0717163,74
-0.072937,74
-0.0744629,74
-0.0759888,74
-0.0775146,74
-0.0787354,74
-0.0799561,74
-0.0811768,74
-0.0823975,74
-0.0839233,74
-0.0848389,74
-0.0857544,74
-0.0863647,74
-0.0866699,74
-0.0869751,74
-0.0872803,74
-0.0869751,74
-0.0863647,74
-0.085144,74
-0.0836182,74
-0.0817871,74
-0.0802612,74
-0.0790405,74
-0.0775146,74
-0.0762939,74
-0.0750732,74
-0.0738525,74
-0.072937,74
-0.0720215,74
-0.0714111,74
-0.0714111,74
-0.0714111,74
-0.0720215,74
-0.0726318,74
-0.0735474,74
-0.0747681,74
-0.0756836,74
-0.0762939,74
-0.0769043,74
-0.0769043,74
-0.0765991,74
-0.0762939,74
-0.0756836,74
-0.0747681,74
-0.0735474,74
-0.0726318,74
-0.0720215,74
-0.0714111,74
-0.071106,74
-0.071106,74
-0.0708008,74
-0.0704956,74
-0.0698853,74
-0.0695801,74
-0.0689697,74
-0.0686646,74
-0.0686646,74
-0.0686646,74
-0.0689697,74
-0.0698853,74
-0.0708008,74
-0.0720215,74
-0.072937,74
-0.0735474,74
-0.0738525,74
-0.0735474,74
-0.0735474,74
-0.0732422,74
-0.0732422,74
-0.0732422,74
-0.0732422,74
-0.0732422,74
-0.072937,74
-0.0723267,74
-0.0714111,74
-0.0704956,74
-0.0695801,74
-0.0686646,74
-0.0683594,74
-0.0683594,74
-0.0686646,74
-0.0692749,74
-0.0704956,74
-0.0714111,74
-0.0723267,74
-0.0732422,74
-0.0738525,74
-0.0750732,74
-0.0759888,74
-0.0772095,74
-0.0784302,74
-0.0796509,74
-0.0805664,74
-0.0814819,74
-0.0820923,74
-0.0820923,74
-0.0817871,74
-0.0811768,74
-0.0799561,74
-0.0787354,74
-0.0772095,74
-0.0756836,74
-0.0744629,74
-0.0735474,74
-0.072937,74
-0.0720215,74
-0.071106,74
-0.0704956,74
-0.0698853,74
-0.0692749,74
-0.0692749,74
-0.0692749,74
-0.0695801,74
-0.0701904,74
-0.071106,74
-0.0720215,74
-0.072937,74
-0.0735474,74
-0.0741577,74
-0.0741577,74
-0.0741577,74
-0.0738525,74
-0.072937,74
-0.0720215,74
-0.0704956,74
-0.0689697,74
-0.0674438,74
-0.0662231,74
-0.0650024,74
-0.0637817,74
-0.0631714,74
-0.0628662,74
-0.062561,74
-0.062561,74
-0.0628662,74
-0.0634766,74
-0.0637817,74
-0.0646973,74
-0.0662231,74
-0.0674438,74
-0.0686646,74
-0.0695801,74
-0.0704956,74
-0.0714111,74
-0.0720215,74
-0.0723267,74
-0.0723267,74
-0.0714111,74
-0.0701904,74
-0.0680542,74
-0.0656128,74
-0.0628662,74
-0.0592041,74
-0.0558472,74
-0.0521851,74
-0.0485229,74
-0.0454712,74
-0.0421143,74
-0.0390625,74
-0.0360107,74
-0.0332642,74
-0.0308228,74
-0.0286865,74
-0.0268555,74
-0.0250244,74
-0.0231934,74
-0.0213623,74
-0.0192261,74
-0.0170898,74
-0.0149536,74
-0.0131226,74
-0.0112915,74
-0.00946045,74
-0.00732422,74
-0.00549316,74
-0.00335693,74
-0.0012207,74
0.00152588,74
0.00457764,74
0.00823975,74
0.012207,74
0.0161743,74
0.0198364,74
0.0231934,74
0.0259399,74
0.0283813,74
0.0302124,74
0.0317383,74
0.0332642,74
0.03479,74
0.0363159,74
0.0378418,74
0.0390625,74
0.0396729,74
0.0402832,74
0.0402832,74
0.0396729,74
0.0390625,74
0.0375366,74
0.0360107,74
0.0338745,74
0.0320435,74
0.0299072,74
0.0280762,74
0.0262451,74
0.0244141,74
0.022583,74
0.0210571,74
0.0189209,74
0.0167847,74
0.0146484,74
0.012207,74
0.00976563,74
0.00701904,74
0.00457764,74
0.00213623,74
-0.000305176,74
-0.00274658,74
-0.00457764,74
-0.00640869,74
-0.00793457,74
-0.00915527,74
-0.0100708,74
-0.0109863,74
-0.0115967,74
-0.0125122,74
-0.0134277,74
-0.0143433,74
-0.0158691,74
-0.0177002,74
-0.0195313,74
-0.0210571,74
-0.0222778,74
-0.0231934,74
-0.0238037,74
-0.0244141,74
-0.0253296,74
-0.0262451,74
-0.027771,74
-0.0296021,74
-0.0317383,74
-0.0341797,74
-0.0369263,74
-0.0396729,74
-0.0424194,74
-0.0448608,74
-0.0473022,74
-0.0497437,74
-0.0515747,74
-0.0534058,74
-0.0549316,74
-0.0561523,74
-0.0576782,74
-0.0595093,74
-0.0613403,74
-0.0631714,74
-0.0650024,74
-0.0665283,74
-0.067749,74
-0.0683594,74
-0.0686646,74
-0.0689697,74
-0.0689697,74
-0.0689697,74
-0.0686646,74
-0.0683594,74
-0.067749,74
-0.0674438,74
-0.0668335,74
-0.0668335,74
-0.0665283,74
-0.0662231,74
-0.065918,74
-0.0650024,74
-0.0643921,74
-0.0634766,74
-0.062561,74
-0.0616455,74
-0.06073,74
-0.0604248,74
-0.0601196,74
-0.0601196,74
-0.0601196,74
-0.0604248,74
-0.0604248,74
-0.0604248,74
-0.0601196,74
-0.0601196,74
-0.0598145,74
-0.0598145,74
-0.0598145,74
-0.0598145,74
-0.0598145,74
-0.0595093,74
-0.0592041,74
-0.0585938,74
-0.0576782,74
-0.0564575,74
-0.0546265,74
-0.0518799,74
-0.0485229,74
-0.0445557,74
-0.039978,74
-0.0338745,74
-0.0265503,74
-0.0177002,74
-0.00762939,74
0.00396729,74
0.017395,74
0.0323486,74
0.0494385,74
0.0686646,74
0.0897217,74
0.112915,74
0.138245,74
0.166016,74
0.196228,74
0.228271,74
0.262146,74
0.296936,74
0.332031,74
0.366516,74
0.39978,74
0.431213,74
0.45929,74
0.483704,74
0.50293,74
0.516357,74
0.523682,74
0.524597,74
0.518188,74
0.505371,74
0.486145,74
0.46051,74
0.429077,74
0.392761,74
0.351563,74
0.306396,74
0.258179,72
0.208435,72
0.157471,72
0.107422,72
0.0585938,72
0.0125122,72
-0.0299072,72
-0.067749,72
-0.100098,72
-0.126648,72
-0.14679,72
-0.161133,72
-0.169678,72
-0.172424,72
-0.170288,72
-0.163574,72
-0.153198,72
-0.140076,72
-0.124817,72
-0.108643,72
-0.0918579,72
-0.0753784,72
-0.0592041,72
-0.0445557,72
-0.0314331,72
-0.0201416,72
-0.010376,72
-0.00274658,72
0.00305176,72
0.00701904,72
0.00915527,72
0.00976563,72
0.00915527,72
0.00762939,72
0.00579834,72
0.00335693,72
0.000305176,72
-0.00274658,72
-0.00610352,72
-0.0088501,72
-0.0115967,72
-0.0137329,72
-0.0158691,72
-0.017395,72
-0.0189209,72
-0.0198364,72
-0.020752,72
-0.0213623,72
-0.0216675,72
-0.0216675,72
-0.0216675,72
-0.0213623,72
-0.0210571,72
-0.020752,72
-0.0201416,72
-0.0195313,72
-0.0189209,72
-0.0183105,72
-0.017395,72
-0.0167847,72
-0.0158691,72
-0.0149536,72
-0.0140381,72
-0.0134277,72
-0.0125122,72
-0.012207,72
-0.0115967,72
-0.0112915,72
-0.0112915,72
-0.0112915,72
-0.0115967,72
-0.0119019,72
-0.012207,72
-0.0125122,72
-0.0125122,72
-0.012207,72
-0.0112915,72
-0.0100708,72
-0.00854492,72
-0.00701904,72
-0.00549316,72
-0.00366211,72
-0.00213623,72
-0.000305176,72
0.00152588,72
0.00335693,72
0.00518799,72
0.00732422,72
0.00946045,72
0.0115967,72
0.0134277,72
0.0149536,72
0.0161743,72
0.017395,72
0.0180054,72
0.0183105,72
0.0183105,72
0.0180054,72
0.0177002,72
0.0177002,72
0.017395,72
0.0167847,72
0.0164795,72
0.015564,72
0.0146484,72
0.0137329,72
0.0128174,72
0.012207,72
0.0119019,72
0.012207,72
0.0128174,72
0.0134277,72
0.0143433,72
0.015564,72
0.0164795,72
0.0177002,72
0.0189209,72
0.0201416,72
0.0216675,72
0.0231934,72
0.0247192,72
0.0265503,72
0.0286865,72
0.0308228,72
0.0326538,72
0.03479,72
0.0366211,72
0.038147,72
0.0393677,72
0.0402832,72
0.0411987,72
0.0421143,72
0.043335,72
0.0445557,72
0.0460815,72
0.0476074,72
0.0491333,72
0.0509644,72
0.0531006,72
0.055542,72
0.0579834,72
0.0604248,72
0.0628662,72
0.0646973,72
0.0665283,72
0.067749,72
0.0683594,72
0.0686646,72
0.0686646,72
0.0689697,72
0.0692749,72
0.0698853,72
0.0704956,72
0.0714111,72
0.0720215,72
0.0723267,72
0.0720215,72
0.0717163,72
0.0714111,72
0.0714111,72
0.0717163,72
0.072937,72
0.0744629,72
0.0765991,72
0.0787354,72
0.0808716,72
0.0827026,72
0.0842285,72
0.0860596,72
0.0875854,72
0.0894165,72
0.0915527,72
0.093689,72
0.0961304,72
0.0982666,72
0.100098,72
0.101624,72
0.103149,72
0.104065,72
0.105286,72
0.106506,72
0.108032,72
0.109863,72
0.112,72
0.114136,72
0.116577,72
0.118713,72
0.121155,72
0.123596,72
0.126038,72
0.129089,72
0.132446,72
0.135498,72
0.13855,72
0.140991,72
0.143433,72
0.145569,72
0.1474,72
0.149536,72
0.151672,72
0.154114,72
0.156555,72
0.158691,72
0.160828,72
0.162964,72
0.165405,72
0.168152,72
0.170898,72
0.17395,72
0.177002,72
0.180359,72
0.183105,72
0.185852,72
0.187988,72
0.189819,72
0.191956,72
0.193787,72
0.195618,72
0.197144,72
0.198669,72
0.200195,72
0.201416,72
0.202942,72
0.204163,72
0.205078,72
0.205688,72
0.205994,72
0.205688,72
0.205078,72
0.204468,72
0.203857,72
0.202942,72
0.202332,72
0.201416,72
0.2005,72
0.198975,72
0.197449,72
0.195313,72
0.193176,72
0.19104,72
0.187988,72
0.184937,72
0.181274,72
0.177917,72
0.174255,72
0.170593,72
0.166626,72
0.162659,72
0.158691,72
0.154419,72
0.149841,72
0.145569,72
0.141296,72
0.137024,72
0.132446,72
0.128174,72
0.123596,72
0.119324,72
0.114746,72
0.110168,72
0.105286,72
0.100098,72
0.0946045,72
0.0888062,72
0.0830078,72
0.0772095,72
0.0714111,72
0.0656128,72
0.0595093,72
0.0537109,72
0.0476074,72
0.0421143,72
0.0366211,72
0.0317383,72
0.0274658,72
0.0234985,72
0.0198364,72
0.0164795,72
0.0134277,72
0.010376,72
0.00762939,72
0.00518799,72
0.00274658,72
0.000305176,72
-0.00274658,72
-0.00579834,72
-0.00854492,72
-0.0112915,72
-0.0131226,72
-0.0149536,72
-0.0164795,72
-0.0177002,72
-0.0192261,72
-0.0213623,72
-0.0238037,72
-0.0265503,72
-0.0296021,72
-0.0326538,72
-0.0354004,72
-0.0378418,72
-0.039978,72
-0.0418091,72
-0.0430298,72
-0.0439453,72
-0.0445557,72
-0.0448608,72
-0.0448608,72
-0.0445557,72
-0.0442505,72
-0.0439453,72
-0.0436401,72
-0.0430298,72
-0.0424194,72
-0.0421143,72
-0.0424194,72
-0.0430298,72
-0.0436401,72
-0.0445557,72
-0.045166,72
-0.0457764,72
-0.0463867,72
-0.0466919,72
-0.0469971,72
-0.0473022,72
-0.0476074,72
-0.0482178,72
-0.0488281,72
-0.0494385,72
-0.0500488,72
-0.050354,72
-0.0506592,72
-0.0506592,72
-0.050354,72
-0.0497437,72
-0.0488281,72
-0.0476074,72
-0.0463867,72
-0.045166,72
-0.0442505,72
-0.043335,72
-0.0427246,72
-0.0421143,72
-0.0418091,72
-0.0411987,72
-0.0408936,72
-0.0402832,72
-0.0402832,72
-0.0402832,72
-0.0402832,72
-0.0402832,72
-0.0405884,72
-0.0405884,72
-0.0402832,72
-0.0396729,72
-0.038147,72
-0.0363159,72
-0.0341797,72
-0.0323486,72
-0.0308228,72
-0.0296021,72
-0.0286865,72
-0.0280762,72
-0.0271606,72
-0.0265503,72
-0.0259399,72
-0.0253296,72
-0.0247192,72
-0.0244141,72
-0.0241089,72
-0.0238037,72
-0.0241089,72
-0.0244141,72
-0.0250244,72
-0.0256348,72
-0.0268555,72
-0.0280762,72
-0.0296021,72
-0.0311279,72
-0.0323486,72
-0.0332642,72
-0.0338745,72
-0.0344849,72
-0.0344849,72
-0.0344849,72
-0.0341797,72
-0.0338745,72
-0.0332642,72
-0.032959,72
-0.0323486,72
-0.0317383,72
-0.0308228,72
-0.0296021,72
-0.0283813,72
-0.0265503,72
-0.0241089,72
-0.0216675,72
-0.0192261,72
-0.0164795,72
-0.0140381,72
-0.0119019,72
-0.00976563,72
-0.00854492,72
-0.00762939,72
-0.00732422,72
-0.00732422,72
-0.00732422,72
-0.00793457,72
-0.00854492,72
-0.00976563,72
-0.0112915,72
-0.0128174,72
-0.0143433,72
-0.0161743,72
-0.0177002,72
-0.0198364,72
-0.0216675,72
-0.0238037,72
-0.0253296,72
-0.0265503,72
-0.0271606,72
-0.0274658,72
-0.0268555,72
-0.0259399,72
-0.0247192,72
-0.0231934,72
-0.0210571,72
-0.0192261,72
-0.0170898,72
-0.0146484,72
-0.012207,72
-0.00976563,72
-0.00701904,72
-0.00488281,72
-0.00305176,72
-0.0012207,72
0,72
0.000915527,72
0.00152588,72
0.00213623,72
0.00244141,72
0.00244141,72
0.00244141,72
0.00244141,72
0.00244141,72
0.00274658,72
0.00305176,72
0.00305176,72
0.00305176,72
0.00274658,72
0.00244141,72
0.00213623,72
0.00244141,72
0.00274658,72
0.00366211,72
0.00457764,72
0.00488281,72
0.00518799,72
0.00488281,72
0.00457764,72
0.00427246,72
0.00396729,72
0.00366211,72
0.00305176,72
0.00244141,72
0.00152588,72
0,72
-0.00183105,72
-0.00366211,72
-0.00549316,72
-0.00701904,72
-0.00823975,72
-0.00915527,72
-0.00976563,72
-0.0100708,72
-0.0106812,72
-0.0106812,72
-0.0109863,72
-0.0106812,72
-0.010376,72
-0.0100708,72
-0.00946045,72
-0.00915527,72
-0.00915527,72
-0.00915527,72
-0.00915527,72
-0.00915527,72
-0.00946045,72
-0.00946045,72
-0.00976563,72
-0.0106812,72
-0.0115967,72
-0.0125122,72
-0.0131226,72
-0.0140381,72
-0.0146484,72
-0.0152588,72
-0.0158691,72
-0.0164795,72
-0.0167847,72
-0.0170898,72
-0.0170898,72
-0.0170898,72
-0.0167847,72
-0.0167847,72
-0.0170898,72
-0.0170898,72
-0.0170898,72
-0.0170898,72
-0.0167847,72
-0.0161743,72
-0.015564,72
-0.0146484,72
-0.0140381,72
-0.0137329,72
-0.0134277,72
-0.0140381,72
-0.0143433,72
-0.0152588,72
-0.015564,72
-0.0161743,72
-0.0161743,72
-0.0164795,72
-0.0164795,72
-0.0164795,72
-0.0164795,72
-0.0164795,72
-0.0164795,72
-0.0164795,72
-0.0161743,72
-0.015564,72
-0.0152588,72
-0.0146484,72
-0.0143433,72
-0.0140381,72
-0.0143433,72
-0.0149536,72
-0.015564,72
-0.0161743,72
-0.0164795,72
-0.0167847,72
-0.0170898,72
-0.017395,72
-0.0177002,72
-0.0180054,72
-0.0183105,72
-0.0186157,72
-0.0186157,72
-0.0186157,72
-0.0183105,72
-0.0183105,72
-0.0180054,72
-0.0177002,72
-0.0170898,72
-0.0164795,72
-0.0158691,72
-0.015564,72
-0.015564,72
-0.0152588,72
-0.0149536,72
-0.0146484,72
-0.0143433,72
-0.0140381,72
-0.0137329,72
-0.0131226,72
-0.0128174,72
-0.012207,72
-0.0119019,72
-0.0119019,72
-0.012207,72
-0.0125122,72
-0.0131226,72
-0.0137329,72
-0.0146484,72
-0.015564,72
-0.0161743,72
-0.0170898,72
-0.0177002,72
-0.0180054,72
-0.0180054,72
-0.0183105,72
-0.0186157,72
-0.0192261,72
-0.0198364,72
-0.0204468,72
-0.0210571,72
-0.0219727,72
-0.0222778,72
-0.0228882,72
-0.0228882,72
-0.0231934,72
-0.0231934,72
-0.0234985,72
-0.0234985,72
-0.0234985,72
-0.0234985,72
-0.0234985,72
-0.0238037,72
-0.0238037,72
-0.0238037,72
-0.0238037,72
-0.0234985,72
-0.0231934,72
-0.0228882,72
-0.0222778,72
-0.0213623,72
-0.0201416,72
-0.0183105,72
-0.0158691,72
-0.0131226,72
-0.0100708,72
-0.00671387,72
-0.00335693,72
0,72
0.00366211,72
0.00732422,72
0.0109863,72
0.0149536,72
0.0192261,72
0.0234985,72
0.0280762,72
0.0326538,72
0.0369263,72
0.0411987,72
0.0448608,72
0.0482178,72
0.0515747,72
0.0546265,72
0.057373,72
0.0598145,72
0.0619507,72
0.0637817,72
0.0653076,72
0.0665283,72
0.067749,72
0.0683594,72
0.0689697,72
0.0695801,72
0.0695801,72
0.0692749,72
0.0692749,72
0.0689697,72
0.0689697,72
0.0686646,72
0.0686646,72
0.0683594,72
0.067749,72
0.0671387,72
0.065918,72
0.0646973,72
0.0634766,72
0.062561,72
0.0616455,72
0.0610352,72
0.0604248,72
0.0598145,72
0.0588989,72
0.057373,72
0.0552368,72
0.0527954,72
0.050354,72
0.0479126,72
0.0454712,72
0.043335,72
0.0411987,72
0.0390625,72
0.0369263,72
0.0344849,72
0.0323486,72
0.0305176,72
0.0283813,72
0.0262451,72
0.0238037,72
0.0213623,72
0.0189209,72
0.0167847,72
0.0143433,72
0.012207,72
0.00976563,72
0.00732422,72
0.00488281,72
0.00213623,72
-0.000305176,72
-0.00274658,72
-0.00549316,72
-0.00823975,72
-0.0115967,72
-0.0149536,72
-0.0183105,72
-0.0216675,72
-0.0247192,72
-0.0274658,72
-0.0302124,72
-0.0323486,72
-0.03479,72
-0.0369263,72
-0.0393677,72
-0.0411987,72
-0.0427246,72
-0.0442505,72
-0.0448608,72
-0.0454712,72
-0.0454712,72
-0.0454712,72
-0.0454712,72
-0.0454712,72
-0.0457764,72
-0.0460815,72
-0.0466919,72
-0.0473022,72
-0.0482178,72
-0.0494385,72
-0.0506592,72
-0.0518799,72
-0.0531006,72
-0.0540161,72
-0.0546265,72
-0.0549316,72
-0.055542,72
-0.0561523,72
-0.0564575,72
-0.0570679,72
-0.0576782,72
-0.0576782,72
-0.0576782,72
-0.0570679,72
-0.0561523,72
-0.0549316,72
-0.0534058,72
-0.0521851,72
-0.0509644,72
-0.0494385,72
-0.0482178,72
-0.0469971,72
-0.0457764,72
-0.0445557,72
-0.0436401,72
-0.0427246,72
-0.0424194,72
-0.0427246,72
-0.0430298,72
-0.0436401,72
-0.0442505,72
-0.0448608,72
-0.0454712,72
-0.0457764,72
-0.0460815,72
-0.0460815,72
-0.0457764,72
-0.045166,72
-0.0445557,72
-0.0430298,72
-0.0411987,72
-0.038147,72
-0.0338745,72
-0.0283813,72
-0.0213623,72
-0.0131226,72
-0.00274658,72
0.00946045,72
0.0234985,72
0.0396729,72
0.0576782,72
0.0778198,72
0.0997925,72
0.123596,72
0.149841,72
0.178223,72
0.20874,72
0.241089,72
0.274658,72
0.308533,72
0.342407,72
0.375061,72
0.405273,72
0.432434,72
0.455627,72
0.473328,72
0.485229,72
0.491333,72
0.491333,72
0.484924,72
0.472412,72
0.453186,72
0.427856,72
0.395813,72
0.358582,72
0.316467,72
0.270691,72
0.222473,76
0.173035,76
0.123291,76
0.0741577,76
0.0271606,76
-0.0170898,76
-0.057373,76
-0.0933838,76
-0.123596,76
-0.14801,76
-0.166016,76
-0.177917,76
-0.183411,76
-0.183105,76
-0.177917,76
-0.168457,76
-0.15564,76
-0.140076,76
-0.122681,76
-0.10376,76
-0.0845337,76
-0.0656128,76
-0.0476074,76
-0.0311279,76
-0.0167847,76
-0.00457764,76
0.00549316,76
0.0131226,76
0.0189209,76
0.0228882,76
0.0247192,76
0.0247192,76
0.0228882,76
0.0201416,76
0.0167847,76
0.0134277,76
0.0100708,76
0.00671387,76
0.00396729,76
0.0012207,76
-0.00152588,76
-0.00396729,76
-0.00579834,76
-0.00732422,76
-0.00823975,76
-0.0088501,76
-0.00915527,76
-0.00915527,76
-0.0088501,76
-0.00793457,76
-0.00732422,76
-0.00671387,76
-0.00610352,76
-0.00610352,76
-0.00579834,76
-0.00610352,76
-0.00610352,76
-0.00610352,76
-0.00610352,76
-0.00610352,76
-0.00640869,76
-0.00640869,76
-0.00640869,76
-0.00640869,76
-0.00640869,76
-0.00640869,76
-0.00701904,76
-0.00762939,76
-0.00793457,76
-0.00854492,76
-0.00915527,76
-0.00946045,76
-0.00946045,76
-0.0088501,76
-0.00823975,76
-0.00671387,76
-0.00518799,76
-0.00335693,76
-0.0012207,76
0.000610352,76
0.00213623,76
0.00335693,76
0.00457764,76
0.00549316,76
0.00640869,76
0.00732422,76
0.00793457,76
0.00854492,76
0.0088501,76
0.00915527,76
0.00946045,76
0.00946045,76
0.00915527,76
0.00823975,76
0.00732422,76
0.00610352,76
0.00457764,76
0.00335693,76
0.00213623,76
0.000915527,76
0.000305176,76
0.000305176,76
0.000305176,76
0.000915527,76
0.00183105,76
0.00305176,76
0.00427246,76
0.00579834,76
0.00762939,76
0.00946045,76
0.0119019,76
0.0146484,76
0.0180054,76
0.0213623,76
0.0247192,76
0.0280762,76
0.0308228,76
0.032959,76
0.03479,76
0.0360107,76
0.0369263,76
0.0375366,76
0.038147,76
0.0384521,76
0.0390625,76
0.0393677,76
0.0393677,76
0.0393677,76
0.0390625,76
0.0387573,76
0.0387573,76
0.0384521,76
0.038147,76
0.0384521,76
0.0390625,76
0.039978,76
0.0408936,76
0.0424194,76
0.0439453,76
0.0454712,76
0.0476074,76
0.0497437,76
0.0515747,76
0.0537109,76
0.0558472,76
0.0576782,76
0.0598145,76
0.0619507,76
0.0637817,76
0.0653076,76
0.0668335,76
0.067749,76
0.0686646,76
0.0692749,76
0.0698853,76
0.0701904,76
0.0708008,76
0.0714111,76
0.0723267,76
0.0732422,76
0.0744629,76
0.0756836,76
0.0765991,76
0.0778198,76
0.0793457,76
0.0808716,76
0.0827026,76
0.0845337,76
0.0863647,76
0.0878906,76
0.0897217,76
0.0915527,76
0.0933838,76
0.09552,76
0.0976563,76
0.0997925,76
0.101929,76
0.10376,76
0.105896,76
0.107727,76
0.109863,76
0.112305,76
0.114746,76
0.117188,76
0.119934,76
0.122681,76
0.125427,76
0.128479,76
0.131531,76
0.134277,76
0.137024,76
0.139771,76
0.141907,76
0.144043,76
0.145874,76
0.147705,76
0.149231,76
0.151062,76
0.152893,76
0.155029,76
0.15686,76
0.158691,76
0.160217,76
0.161438,76
0.162964,76
0.164185,76
0.165405,76
0.166626,76
0.167542,76
0.168762,76
0.169983,76
0.171204,76
0.173035,76
0.174866,76
0.177307,76
0.179443,76
0.181885,76
0.184326,76
0.186462,76
0.188904,76
0.19165,76
0.194397,76
0.197144,76
0.199585,76
0.201721,76
0.203857,76
0.205383,76
0.206909,76
0.20813,76
0.209351,76
0.209961,76
0.210571,76
0.210876,76
0.210876,76
0.210571,76
0.209351,76
0.207825,76
0.205383,76
0.202637,76
0.199585,76
0.195923,76
0.191956,76
0.187988,76
0.184021,76
0.180054,76
0.175781,76
0.171204,76
0.166626,76
0.161438,76
0.156555,76
0.151672,76
0.1474,76
0.143127,76
0.138855,76
0.134583,76
0.130005,76
0.124817,76
0.119324,76
0.113831,76
0.108032,76
0.102234,76
0.0964355,76
0.0906372,76
0.0848389,76
0.0790405,76
0.072937,76
0.0671387,76
0.0610352,76
0.0552368,76
0.0494385,76
0.0439453,76
0.0384521,76
0.032959,76
0.027771,76
0.0228882,76
0.0180054,76
0.0134277,76
0.00946045,76
0.00549316,76
0.00244141,76
-0.000610352,76
-0.00335693,76
-0.00610352,76
-0.0088501,76
-0.0119019,76
-0.0152588,76
-0.0183105,76
-0.0216675,76
-0.0247192,76
-0.0274658,76
-0.0299072,76
-0.0323486,76
-0.0341797,76
-0.0360107,76
-0.0378418,76
-0.0396729,76
-0.0418091,76
-0.0439453,76
-0.0460815,76
-0.0479126,76
-0.0497437,76
-0.0512695,76
-0.0521851,76
-0.0531006,76
-0.0537109,76
-0.0543213,76
-0.0543213,76
-0.0543213,76
-0.0540161,76
-0.0534058,76
-0.0531006,76
-0.0527954,76
-0.0524902,76
-0.0521851,76
-0.0518799,76
-0.0512695,76
-0.0506592,76
-0.0500488,76
-0.0500488,76
-0.0500488,76
-0.050354,76
-0.0506592,76
-0.0509644,76
-0.0509644,76
-0.0506592,76
-0.0500488,76
-0.0491333,76
-0.0485229,76
-0.0479126,76
-0.0476074,76
-0.0473022,76
-0.0476074,76
-0.0476074,76
-0.0473022,76
-0.0469971,76
-0.0466919,76
-0.0463867,76
-0.0463867,76
-0.0463867,76
-0.0463867,76
-0.0463867,76
-0.0463867,76
-0.0469971,76
-0.0476074,76
-0.0485229,76
-0.0491333,76
-0.050354,76
-0.0512695,76
-0.0524902,76
-0.0537109,76
-0.0549316,76
-0.0561523,76
-0.0570679,76
-0.0579834,76
-0.0585938,76
-0.0585938,76
-0.0585938,76
-0.0585938,76
-0.0582886,76
-0.0579834,76
-0.057373,76
-0.0570679,76
-0.0561523,76
-0.0552368,76
-0.0540161,76
-0.0531006,76
-0.0518799,76
-0.0509644,76
-0.0500488,76
-0.0491333,76
-0.0482178,76
-0.0473022,76
-0.0460815,76
-0.0448608,76
-0.043335,76
-0.0421143,76
-0.0408936,76
-0.0396729,76
-0.0384521,76
-0.0372314,76
-0.0357056,76
-0.0341797,76
-0.0326538,76
-0.0314331,76
-0.0302124,76
-0.0292969,76
-0.0286865,76
-0.0283813,76
-0.0286865,76
-0.0289917,76
-0.0299072,76
-0.0308228,76
-0.0317383,76
-0.0326538,76
-0.0338745,76
-0.03479,76
-0.0360107,76
-0.0375366,76
-0.0390625,76
-0.0402832,76
-0.0415039,76
-0.0424194,76
-0.0427246,76
-0.0427246,76
-0.0424194,76
-0.0418091,76
-0.0411987,76
-0.0402832,76
-0.0390625,76
-0.0378418,76
-0.0363159,76
-0.0344849,76
-0.0326538,76
-0.0305176,76
-0.0286865,76
-0.0271606,76
-0.0256348,76
-0.0244141,76
-0.0234985,76
-0.0228882,76
-0.022583,76
-0.0222778,76
-0.0222778,76
-0.022583,76
-0.022583,76
-0.022583,76
-0.022583,76
-0.0228882,76
-0.0228882,76
-0.0231934,76
-0.0231934,76
-0.0228882,76
-0.022583,76
-0.0222778,76
-0.0216675,76
-0.0210571,76
-0.0201416,76
-0.0189209,76
-0.017395,76
-0.0158691,76
-0.0143433,76
-0.0128174,76
-0.0119019,76
-0.0112915,76
-0.0109863,76
-0.0112915,76
-0.0115967,76
-0.0125122,76
-0.0134277,76
-0.0143433,76
-0.015564,76
-0.0170898,76
-0.0186157,76
-0.0204468,76
-0.0219727,76
-0.0234985,76
-0.0247192,76
-0.0259399,76
-0.0271606,76
-0.0280762,76
-0.0289917,76
-0.0296021,76
-0.0299072,76
-0.0299072,76
-0.0296021,76
-0.0289917,76
-0.0283813,76
-0.0274658,76
-0.0265503,76
-0.0256348,76
-0.0247192,76
-0.0238037,76
-0.0228882,76
-0.0219727,76
-0.0213623,76
-0.020752,76
-0.0201416,76
-0.0195313,76
-0.0189209,76
-0.0186157,76
-0.0183105,76
-0.0180054,76
-0.017395,76
-0.0170898,76
-0.0170898,76
-0.017395,76
-0.0177002,76
-0.0186157,76
-0.0195313,76
-0.0204468,76
-0.0219727,76
-0.0231934,76
-0.0247192,76
-0.0262451,76
-0.027771,76
-0.0292969,76
-0.0308228,76
-0.0323486,76
-0.0338745,76
-0.0354004,76
-0.0369263,76
-0.0378418,76
-0.0384521,76
-0.0387573,76
-0.0387573,76
-0.0384521,76
-0.0378418,76
-0.0369263,76
-0.0357056,76
-0.03479,76
-0.0335693,76
-0.0326538,76
-0.0314331,76
-0.0302124,76
-0.0286865,76
-0.0274658,76
-0.0262451,76
-0.0253296,76
-0.0247192,76
-0.0244141,76
-0.0244141,76
-0.0247192,76
-0.0250244,76
-0.0253296,76
-0.0253296,76
-0.0253296,76
-0.0253296,76
-0.0253296,76
-0.0253296,76
-0.0256348,76
-0.0262451,76
-0.0265503,76
-0.0265503,76
-0.0259399,76
-0.0253296,76
-0.0244141,76
-0.0234985,76
-0.0228882,76
-0.0222778,76
-0.0216675,76
-0.0216675,76
-0.0213623,76
-0.0210571,76
-0.020752,76
-0.0201416,76
-0.0195313,76
-0.0192261,76
-0.0186157,76
-0.0180054,76
-0.0170898,76
-0.0161743,76
-0.0146484,76
-0.0131226,76
-0.0112915,76
-0.00915527,76
-0.00640869,76
-0.00366211,76
-0.000610352,76
0.00244141,76
0.00549316,76
0.0088501,76
0.0119019,76
0.0149536,76
0.0180054,76
0.0210571,76
0.0244141,76
0.0280762,76
0.0320435,76
0.0357056,76
0.0390625,76
0.0424194,76
0.045166,76
0.0479126,76
0.0506592,76
0.0531006,76
0.055542,76
0.0576782,76
0.0595093,76
0.0613403,76
0.0628662,76
0.0643921,76
0.065918,76
0.0671387,76
0.0680542,76
0.0692749,76
0.0698853,76
0.0704956,76
0.0704956,76
0.0704956,76
0.0701904,76
0.0701904,76
0.0698853,76
0.0695801,76
0.0692749,76
0.0689697,76
0.0683594,76
0.0674438,76
0.065918,76
0.0640869,76
0.0619507,76
0.0592041,76
0.0561523,76
0.0527954,76
0.0488281,76
0.0445557,76
0.0402832,76
0.0357056,76
0.0314331,76
0.0268555,76
0.022583,76
0.0183105,76
0.0137329,76
0.00946045,76
0.00518799,76
0.000915527,76
-0.00305176,76
-0.00701904,76
-0.0106812,76
-0.0140381,76
-0.017395,76
-0.0204468,76
-0.0231934,76
-0.0253296,76
-0.0274658,76
-0.0289917,76
-0.0305176,76
-0.0320435,76
-0.0335693,76
-0.0350952,76
-0.0366211,76
-0.038147,76
-0.039978,76
-0.0415039,76
-0.043335,76
-0.0448608,76
-0.0466919,76
-0.0482178,76
-0.0497437,76
-0.0509644,76
-0.0518799,76
-0.0524902,76
-0.0527954,76
-0.0527954,76
-0.0527954,76
-0.0524902,76
-0.0527954,76
-0.0527954,76
-0.0534058,76
-0.0537109,76
-0.0543213,76
-0.0552368,76
-0.0558472,76
-0.0567627,76
-0.057373,76
-0.0582886,76
-0.0585938,76
-0.0588989,76
-0.0592041,76
-0.0595093,76
-0.0598145,76
-0.0601196,76
-0.06073,76
-0.0616455,76
-0.0619507,76
-0.0622559,76
-0.0616455,76
-0.0610352,76
-0.0601196,76
-0.0595093,76
-0.0588989,76
-0.0579834,76
-0.057373,76
-0.0567627,76
-0.0561523,76
-0.0558472,76
-0.055542,76
-0.055542,76
-0.055542,76
-0.055542,76
-0.055542,76
-0.0558472,76
-0.0561523,76
-0.0564575,76
-0.0561523,76
-0.0558472,76
-0.0546265,76
-0.0534058,76
-0.0512695,76
-0.0485229,76
-0.045166,76
-0.0402832,76
-0.0341797,76
-0.0265503,76
-0.0177002,76
-0.00732422,76
0.00396729,76
0.0167847,76
0.0311279,76
0.0473022,76
0.0653076,76
0.085144,76
0.107117,76
0.13092,76
0.15625,76
0.1828,76
0.210571,76
0.239258,76
0.26825,76
0.297241,76
0.325012,76
0.350952,76
0.374146,76
0.393372,76
0.40802,76
0.41687,76
0.419922,76
0.41687,76
0.408325,76
0.394897,76
0.376587,76
0.353699,76
0.326538,76
0.29541,76
0.26062,76
0.222778,83
0.1828,83
0.141602,83
0.100098,83
0.0592041,83
0.0201416,83
-0.0167847,83
-0.050354,83
-0.0799561,83
-0.10498,83
-0.124817,83
-0.13916,83
-0.14801,83
-0.151672,83
-0.151062,83
-0.14679,83
-0.13916,83
-0.128784,83
-0.116577,83
-0.103149,83
-0.0888062,83
-0.0747681,83
-0.0613403,83
-0.0488281,83
-0.0375366,83
-0.027771,83
-0.0189209,83
-0.0112915,83
-0.00518799,83
0,83
0.00396729,83
0.00671387,83
0.00793457,83
0.00854492,83
0.00793457,83
0.00701904,83
0.00579834,83
0.00396729,83
0.00213623,83
0,83
-0.00213623,83
-0.00427246,83
-0.00610352,83
-0.00793457,83
-0.00976563,83
-0.0112915,83
-0.0125122,83
-0.0140381,83
-0.0152588,83
-0.0164795,83
-0.0177002,83
-0.0189209,83
-0.0201416,83
-0.0210571,83
-0.0219727,83
-0.022583,83
-0.0222778,83
-0.0219727,83
-0.0210571,83
-0.0198364,83
-0.0189209,83
-0.0177002,83
-0.0167847,83
-0.0158691,83
-0.0149536,83
-0.0137329,83
-0.012207,83
-0.0109863,83
-0.00946045,83
-0.00854492,83
-0.00762939,83
-0.00701904,83
-0.00671387,83
-0.00671387,83
-0.00671387,83
-0.00671387,83
-0.00671387,83
-0.00671387,83
-0.00671387,83
-0.00671387,83
-0.00640869,83
-0.00640869,83
-0.00579834,83
-0.00518799,83
-0.00457764,83
-0.00427246,83
-0.00396729,83
-0.00457764,83
-0.00488281,83
-0.00518799,83
-0.00549316,83
-0.00549316,83
-0.00518799,83
-0.00488281,83
-0.00427246,83
-0.00427246,83
-0.00396729,83
-0.00396729,83
-0.00396729,83
-0.00396729,83
-0.00366211,83
-0.00335693,83
-0.00274658,83
-0.00213623,83
-0.0012207,83
-0.000305176,83
0.000610352,83
0.00213623,83
0.00396729,83
0.00610352,83
0.00823975,83
0.0106812,83
0.0128174,83
0.0149536,83
0.0167847,83
0.0183105,83
0.0198364,83
0.0210571,83
0.0222778,83
0.0231934,83
0.0241089,83
0.0250244,83
0.0256348,83
0.0259399,83
0.0262451,83
0.0265503,83
0.0265503,83
0.0265503,83
0.0265503,83
0.0262451,83
0.0262451,83
0.0259399,83
0.0259399,83
0.0262451,83
0.0268555,83
0.0274658,83
0.0283813,83
0.0292969,83
0.0302124,83
0.0314331,83
0.0326538,83
0.0338745,83
0.0354004,83
0.0366211,83
0.038147,83
0.0393677,83
0.0408936,83
0.0421143,83
0.043335,83
0.0448608,83
0.0460815,83
0.0473022,83
0.0488281,83
0.050354,83
0.0518799,83
0.0537109,83
0.0552368,83
0.0570679,83
0.0592041,83
0.0610352,83
0.0634766,83
0.065918,83
0.0686646,83
0.0717163,83
0.0741577,83
0.0765991,83
0.0790405,83
0.0808716,83
0.0827026,83
0.0845337,83
0.0863647,83
0.0878906,83
0.0894165,83
0.0906372,83
0.0918579,83
0.0927734,83
0.093689,83
0.0942993,83
0.0949097,83
0.0952148,83
0.0958252,83
0.0964355,83
0.0973511,83
0.0982666,83
0.0997925,83
0.101318,83
0.103455,83
0.105591,83
0.108337,83
0.111694,83
0.115051,83
0.119019,83
0.122986,83
0.126953,83
0.130615,83
0.134277,83
0.137329,83
0.140381,83
0.143738,83
0.147095,83
0.150452,83
0.153198,83
0.155945,83
0.158386,83
0.160828,83
0.162964,83
0.164795,83
0.166626,83
0.168152,83
0.169373,83
0.170593,83
0.171509,83
0.172424,83
0.17334,83
0.174255,83
0.175476,83
0.177002,83
0.178833,83
0.180664,83
0.182495,83
0.183716,83
0.184631,83
0.184937,83
0.184937,83
0.184937,83
0.185242,83
0.186157,83
0.187073,83
0.187988,83
0.188599,83
0.188904,83
0.189209,83
0.188904,83
0.188904,83
0.188599,83
0.188293,83
0.188293,83
0.187683,83
0.187073,83
0.186462,83
0.185547,83
0.184326,83
0.183105,83
0.181885,83
0.179749,83
0.177612,83
0.174866,83
0.171204,83
0.167236,83
0.162659,83
0.158081,83
0.153198,83
0.14801,83
0.142822,83
0.137329,83
0.131226,83
0.124512,83
0.117493,83
0.109863,83
0.102234,83
0.0949097,83
0.0872803,83
0.0799561,83
0.0726318,83
0.0656128,83
0.0585938,83
0.0518799,83
0.045166,83
0.0390625,83
0.032959,83
0.0274658,83
0.0219727,83
0.0170898,83
0.0125122,83
0.00793457,83
0.00396729,83
0.000305176,83
-0.00305176,83
-0.00610352,83
-0.00915527,83
-0.0115967,83
-0.0137329,83
-0.015564,83
-0.0170898,83
-0.0183105,83
-0.0195313,83
-0.020752,83
-0.0222778,83
-0.0234985,83
-0.0247192,83
-0.0256348,83
-0.0268555,83
-0.0283813,83
-0.0299072,83
-0.0317383,83
-0.0335693,83
-0.0354004,83
-0.0369263,83
-0.038147,83
-0.0396729,83
-0.0408936,83
-0.0427246,83
-0.0445557,83
-0.0466919,83
-0.0485229,83
-0.0506592,83
-0.0521851,83
-0.0534058,83
-0.0543213,83
-0.0552368,83
-0.0558472,83
-0.0567627,83
-0.057373,83
-0.0579834,83
-0.0585938,83
-0.0588989,83
-0.0588989,83
-0.0588989,83
-0.0588989,83
-0.0588989,83
-0.0592041,83
-0.0598145,83
-0.06073,83
-0.0613403,83
-0.0616455,83
-0.0619507,83
-0.0619507,83
-0.0622559,83
-0.0622559,83
-0.062561,83
-0.0628662,83
-0.0634766,83
-0.0640869,83
-0.0650024,83
-0.065918,83
-0.0665283,83
-0.0671387,83
-0.0671387,83
-0.0668335,83
-0.0662231,83
-0.0653076,83
-0.0646973,83
-0.0637817,83
-0.0634766,83
-0.062561,83
-0.0619507,83
-0.0613403,83
-0.0610352,83
-0.0604248,83
-0.0601196,83
-0.0595093,83
-0.0585938,83
-0.0576782,83
-0.0570679,83
-0.0564575,83
-0.0561523,83
-0.0561523,83
-0.0564575,83
-0.0564575,83
-0.0561523,83
-0.0558472,83
-0.0552368,83
-0.0549316,83
-0.0546265,83
-0.0546265,83
-0.0546265,83
-0.0546265,83
-0.0546265,83
-0.0543213,83
-0.0534058,83
-0.0518799,83
-0.050354,83
-0.0482178,83
-0.0460815,83
-0.0442505,83
-0.0424194,83
-0.0405884,83
-0.0390625,83
-0.0372314,83
-0.0350952,83
-0.032959,83
-0.0305176,83
-0.0280762,83
-0.0259399,83
-0.0238037,83
-0.0219727,83
-0.020752,83
-0.0192261,83
-0.0180054,83
-0.0170898,83
-0.0161743,83
-0.015564,83
-0.015564,83
-0.015564,83
-0.0158691,83
-0.0164795,83
-0.0170898,83
-0.0180054,83
-0.0186157,83
-0.0192261,83
-0.0195313,83
-0.0192261,83
-0.0189209,83
-0.0186157,83
-0.0180054,83
-0.0177002,83
-0.017395,83
-0.0170898,83
-0.0164795,83
-0.015564,83
-0.0143433,83
-0.0131226,83
-0.012207,83
-0.0112915,83
-0.0106812,83
-0.0100708,83
-0.00976563,83
-0.00946045,83
-0.00915527,83
-0.0088501,83
-0.0088501,83
-0.0088501,83
-0.00946045,83
-0.010376,83
-0.0112915,83
-0.0128174,83
-0.0143433,83
-0.0161743,83
-0.0183105,83
-0.0204468,83
-0.0222778,83
-0.0238037,83
-0.0250244,83
-0.0259399,83
-0.0262451,83
-0.0259399,83
-0.0250244,83
-0.0241089,83
-0.022583,83
-0.020752,83
-0.0192261,83
-0.0180054,83
-0.0167847,83
-0.0158691,83
-0.0152588,83
-0.0146484,83
-0.0143433,83
-0.0137329,83
-0.0131226,83
-0.0125122,83
-0.012207,83
-0.0119019,83
-0.0119019,83
-0.0125122,83
-0.0134277,83
-0.0143433,83
-0.015564,83
-0.0167847,83
-0.0177002,83
-0.0186157,83
-0.0198364,83
-0.020752,83
-0.0213623,83
-0.0216675,83
-0.0219727,83
-0.0213623,83
-0.020752,83
-0.0195313,83
-0.0180054,83
-0.0158691,83
-0.0140381,83
-0.0119019,83
-0.00976563,83
-0.00793457,83
-0.00610352,83
-0.00427246,83
-0.00244141,83
-0.000305176,83
0.00213623,83
0.00488281,83
0.00793457,83
0.0112915,83
0.0149536,83
0.0183105,83
0.0216675,83
0.0247192,83
0.027771,83
0.0308228,83
0.0338745,83
0.0369263,83
0.039978,83
0.0436401,83
0.0469971,83
0.0506592,83
0.0540161,83
0.0570679,83
0.0601196,83
0.0631714,83
0.0662231,83
0.0692749,83
0.0723267,83
0.0750732,83
0.0769043,83
0.0784302,83
0.0793457,83
0.0796509,83
0.0799561,83
0.0802612,83
0.0802612,83
0.0802612,83
0.0799561,83
0.0796509,83
0.0790405,83
0.0778198,83
0.0762939,83
0.0741577,83
0.0714111,83
0.0683594,83
0.0653076,83
0.0622559,83
0.0588989,83
0.0558472,83
0.0524902,83
0.0494385,83
0.0463867,83
0.0436401,83
0.0408936,83
0.038147,83
0.0354004,83
0.032959,83
0.0305176,83
0.0283813,83
0.0265503,83
0.0250244,83
0.0234985,83
0.0219727,83
0.0201416,83
0.0180054,83
0.015564,83
0.0128174,83
0.00976563,83
0.00640869,83
0.00274658,83
-0.0012207,83
-0.00549316,83
-0.0100708,83
-0.0149536,83
-0.0198364,83
-0.0247192,83
-0.0299072,83
-0.03479,83
-0.0396729,83
-0.0445557,83
-0.0488281,83
-0.0524902,83
-0.0558472,83
-0.0585938,83
-0.0604248,83
-0.0616455,83
-0.0622559,83
-0.0622559,83
-0.0619507,83
-0.0613403,83
-0.0604248,83
-0.0592041,83
-0.0582886,83
-0.0570679,83
-0.0558472,83
-0.0546265,83
-0.0537109,83
-0.0524902,83
-0.0518799,83
-0.0512695,83
-0.0512695,83
-0.0518799,83
-0.0527954,83
-0.0540161,83
-0.055542,83
-0.0570679,83
-0.0585938,83
-0.0598145,83
-0.06073,83
-0.0613403,83
-0.0616455,83
-0.0616455,83
-0.0613403,83
-0.06073,83
-0.0598145,83
-0.0592041,83
-0.0582886,83
-0.057373,83
-0.0567627,83
-0.0564575,83
-0.0561523,83
-0.0561523,83
-0.0564575,83
-0.0567627,83
-0.057373,83
-0.0579834,83
-0.0585938,83
-0.0598145,83
-0.06073,83
-0.0616455,83
-0.0628662,83
-0.0634766,83
-0.0637817,83
-0.0637817,83
-0.0631714,83
-0.0619507,83
-0.0604248,83
-0.0579834,83
-0.0552368,83
-0.0515747,83
-0.0476074,83
-0.0424194,83
-0.0360107,83
-0.0280762,83
-0.0183105,83
-0.00701904,83
0.00579834,83
0.0204468,83
0.0363159,83
0.0537109,83
0.0726318,83
0.0930786,83
0.115356,83
0.139465,83
0.1651,83
0.192261,83
0.220337,83
0.249329,83
0.27832,83
0.306396,83
0.332642,83
0.356445,83
0.376892,83
0.393372,83
0.404663,83
0.410461,83
0.410461,83
0.404358,83
0.392761,83
0.376892,83
0.35614,83
0.331421,83
0.302734,83
0.270691,83
0.235596,83
0.198364,93
0.160217,93
0.121765,93
0.0836182,93
0.0469971,93
0.0119019,93
-0.0204468,93
-0.0500488,93
-0.0753784,93
-0.0961304,93
-0.111694,93
-0.121765,93
-0.126953,93
-0.127869,93
-0.124817,93
-0.118713,93
-0.110168,93
-0.0997925,93
-0.0881958,93
-0.0759888,93
-0.0634766,93
-0.0512695,93
-0.0396729,93
-0.0289917,93
-0.0195313,93
-0.0112915,93
-0.00427246,93
0.00183105,93
0.00671387,93
0.0106812,93
0.0137329,93
0.0161743,93
0.0180054,93
0.0189209,93
0.0189209,93
0.0186157,93
0.0177002,93
0.0167847,93
0.015564,93
0.0143433,93
0.0125122,93
0.010376,93
0.00793457,93
0.00488281,93
0.00183105,93
-0.00152588,93
-0.00457764,93
-0.00732422,93
-0.0100708,93
-0.0125122,93
-0.0149536,93
-0.017395,93
-0.0195313,93
-0.0213623,93
-0.0228882,93
-0.0244141,93
-0.0256348,93
-0.0265503,93
-0.0265503,93
-0.0259399,93
-0.0247192,93
-0.0228882,93
-0.0210571,93
-0.0189209,93
-0.0164795,93
-0.0140381,93
-0.0112915,93
-0.00854492,93
-0.00579834,93
-0.00335693,93
-0.00152588,93
0.000305176,93
0.00152588,93
0.00244141,93
0.00305176,93
0.00305176,93
0.00244141,93
0.00152588,93
0.000610352,93
-0.000610352,93
-0.0012207,93
-0.00152588,93
-0.00152588,93
-0.0012207,93
-0.0012207,93
-0.000915527,93
-0.000915527,93
-0.0012207,93
-0.00152588,93
-0.00152588,93
-0.000915527,93
0,93
0.0012207,93
0.00274658,93
0.00427246,93
0.00549316,93
0.00671387,93
0.00732422,93
0.00762939,93
0.00793457,93
0.00823975,93
0.00854492,93
0.00854492,93
0.00854492,93
0.00854492,93
0.00854492,93
0.00823975,93
0.00823975,93
0.00793457,93
0.00823975,93
0.00854492,93
0.00915527,93
0.010376,93
0.0112915,93
0.0125122,93
0.0137329,93
0.0152588,93
0.0170898,93
0.0186157,93
0.0204468,93
0.022583,93
0.0244141,93
0.0265503,93
0.0286865,93
0.0305176,93
0.0326538,93
0.0344849,93
0.0360107,93
0.0372314,93
0.038147,93
0.0387573,93
0.0396729,93
0.0402832,93
0.0411987,93
0.0421143,93
0.043335,93
0.0445557,93
0.0457764,93
0.0469971,93
0.0482178,93
0.0491333,93
0.0497437,93
0.050354,93
0.0509644,93
0.0518799,93
0.0527954,93
0.0543213,93
0.0558472,93
0.057373,93
0.0592041,93
0.0610352,93
0.0628662,93
0.0643921,93
0.0662231,93
0.0680542,93
0.0701904,93
0.0720215,93
0.0741577,93
0.0759888,93
0.0775146,93
0.0790405,93
0.0805664,93
0.0817871,93
0.083313,93
0.0845337,93
0.0860596,93
0.0872803,93
0.0888062,93
0.090332,93
0.0918579,93
0.0930786,93
0.0939941,93
0.0942993,93
0.0949097,93
0.0952148,93
0.09552,93
0.0958252,93
0.0964355,93
0.0976563,93
0.0991821,93
0.101624,93
0.10437,93
0.107727,93
0.111389,93
0.115051,93
0.118408,93
0.121765,93
0.124512,93
0.127258,93
0.1297,93
0.132446,93
0.135193,93
0.137939,93
0.140686,93
0.143433,93
0.146179,93
0.148621,93
0.150757,93
0.152588,93
0.154114,93
0.155029,93
0.155945,93
0.156555,93
0.15686,93
0.157776,93
0.158691,93
0.160217,93
0.161743,93
0.163269,93
0.164795,93
0.166016,93
0.167542,93
0.169067,93
0.170898,93
0.172729,93
0.174561,93
0.176392,93
0.178528,93
0.180969,93
0.183105,93
0.184937,93
0.186768,93
0.188293,93
0.189819,93
0.191345,93
0.192566,93
0.193787,93
0.194397,93
0.195313,93
0.195618,93
0.196228,93
0.196838,93
0.196838,93
0.196533,93
0.195618,93
0.193787,93
0.19165,93
0.189209,93
0.186462,93
0.183716,93
0.180664,93
0.177612,93
0.174255,93
0.170593,93
0.166626,93
0.162354,93
0.157776,93
0.152893,93
0.14801,93
0.142822,93
0.137634,93
0.132446,93
0.127563,93
0.123291,93
0.119019,93
0.115051,93
0.110779,93
0.106506,93
0.101624,93
0.0970459,93
0.0918579,93
0.0866699,93
0.0811768,93
0.0756836,93
0.0698853,93
0.0640869,93
0.0582886,93
0.0524902,93
0.0466919,93
0.0408936,93
0.0354004,93
0.0299072,93
0.0250244,93
0.0198364,93
0.0149536,93
0.010376,93
0.00579834,93
0.00183105,93
-0.00183105,93
-0.00518799,93
-0.00762939,93
-0.00946045,93
-0.0112915,93
-0.0131226,93
-0.0146484,93
-0.0161743,93
-0.017395,93
-0.0186157,93
-0.0198364,93
-0.0213623,93
-0.022583,93
-0.0241089,93
-0.0253296,93
-0.0271606,93
-0.0289917,93
-0.0311279,93
-0.0332642,93
-0.0350952,93
-0.0369263,93
-0.0384521,93
-0.039978,93
-0.0411987,93
-0.0421143,93
-0.0427246,93
-0.043335,93
-0.0439453,93
-0.0448608,93
-0.0457764,93
-0.0466919,93
-0.0473022,93
-0.0476074,93
-0.0476074,93
-0.0479126,93
-0.0479126,93
-0.0485229,93
-0.0488281,93
-0.0494385,93
-0.0500488,93
-0.0506592,93
-0.0509644,93
-0.0515747,93
-0.0521851,93
-0.0524902,93
-0.0531006,93
-0.0534058,93
-0.0537109,93
-0.0537109,93
-0.0531006,93
-0.0521851,93
-0.0512695,93
-0.0497437,93
-0.0485229,93
-0.0469971,93
-0.0457764,93
-0.0442505,93
-0.0430298,93
-0.0411987,93
-0.0396729,93
-0.038147,93
-0.0366211,93
-0.0350952,93
-0.0332642,93
-0.0314331,93
-0.0299072,93
-0.0283813,93
-0.0271606,93
-0.0268555,93
-0.0265503,93
-0.0268555,93
-0.0271606,93
-0.0274658,93
-0.027771,93
-0.027771,93
-0.027771,93
-0.0271606,93
-0.0268555,93
-0.0262451,93
-0.0256348,93
-0.0247192,93
-0.0234985,93
-0.0222778,93
-0.0213623,93
-0.0210571,93
-0.0210571,93
-0.0216675,93
-0.022583,93
-0.0231934,93
-0.0234985,93
-0.0234985,93
-0.0231934,93
-0.0228882,93
-0.0222778,93
-0.0219727,93
-0.0216675,93
-0.0213623,93
-0.0216675,93
-0.0219727,93
-0.022583,93
-0.0231934,93
-0.0234985,93
-0.0234985,93
-0.0231934,93
-0.022583,93
-0.0216675,93
-0.0201416,93
-0.0186157,93
-0.0161743,93
-0.0134277,93
-0.0106812,93
-0.00762939,93
-0.00518799,93
-0.00305176,93
-0.0012207,93
0,93
0.0012207,93
0.00213623,93
0.00274658,93
0.00335693,93
0.00366211,93
0.00396729,93
0.00396729,93
0.00366211,93
0.00335693,93
0.00274658,93
0.00213623,93
0.00152588,93
0.000915527,93
0,93
-0.000915527,93
-0.00183105,93
-0.00244141,93
-0.00305176,93
-0.00305176,93
-0.00274658,93
-0.00213623,93
-0.0012207,93
-0.000305176,93
0.000610352,93
0.00152588,93
0.00244141,93
0.00396729,93
0.00518799,93
0.00671387,93
0.00823975,93
0.00946045,93
0.0106812,93
0.0115967,93
0.0125122,93
0.0128174,93
0.0134277,93
0.0137329,93
0.0140381,93
0.0140381,93
0.0143433,93
0.0146484,93
0.0146484,93
0.0149536,93
0.0158691,93
0.0170898,93
0.0195313,93
0.0222778,93
0.0256348,93
0.0292969,93
0.032959,93
0.0360107,93
0.0387573,93
0.0415039,93
0.0445557,93
0.0476074,93
0.0506592,93
0.0540161,93
0.057373,93
0.0604248,93
0.0631714,93
0.065918,93
0.0686646,93
0.0714111,93
0.0741577,93
0.0772095,93
0.0799561,93
0.0823975,93
0.0845337,93
0.0860596,93
0.0872803,93
0.0888062,93
0.0900269,93
0.0918579,93
0.0939941,93
0.0964355,93
0.0994873,93
0.102844,93
0.105591,93
0.108032,93
0.109863,93
0.111389,93
0.11261,93
0.11322,93
0.113525,93
0.113831,93
0.113525,93
0.11322,93
0.11261,93
0.112,93
0.110474,93
0.108643,93
0.105896,93
0.102539,93
0.0991821,93
0.09552,93
0.0924683,93
0.0897217,93
0.0872803,93
0.0848389,93
0.0817871,93
0.0787354,93
0.0753784,93
0.0720215,93
0.0689697,93
0.0662231,93
0.0634766,93
0.0613403,93
0.0588989,93
0.0561523,93
0.0531006,93
0.0500488,93
0.0469971,93
0.0439453,93
0.0411987,93
0.0387573,93
0.0360107,93
0.0332642,93
0.0299072,93
0.0265503,93
0.0228882,93
0.0189209,93
0.0149536,93
0.0106812,93
0.00671387,93
0.00274658,93
-0.000915527,93
-0.00396729,93
-0.00671387,93
-0.00915527,93
-0.0112915,93
-0.0131226,93
-0.0146484,93
-0.015564,93
-0.0164795,93
-0.0167847,93
-0.0170898,93
-0.0170898,93
-0.0170898,93
-0.0167847,93
-0.0161743,93
-0.015564,93
-0.0149536,93
-0.0140381,93
-0.0134277,93
-0.0128174,93
-0.0125122,93
-0.012207,93
-0.0119019,93
-0.0115967,93
-0.0112915,93
-0.0112915,93
-0.0115967,93
-0.012207,93
-0.0125122,93
-0.0131226,93
-0.0140381,93
-0.0152588,93
-0.0170898,93
-0.0186157,93
-0.0201416,93
-0.0213623,93
-0.0222778,93
-0.0231934,93
-0.0238037,93
-0.0247192,93
-0.0253296,93
-0.0262451,93
-0.0268555,93
-0.0271606,93
-0.0274658,93
-0.027771,93
-0.0280762,93
-0.0280762,93
-0.0280762,93
-0.027771,93
-0.0271606,93
-0.0259399,93
-0.0247192,93
-0.0234985,93
-0.0219727,93
-0.020752,93
-0.0192261,93
-0.0177002,93
-0.0158691,93
-0.0134277,93
-0.0106812,93
-0.00732422,93
-0.00305176,93
0.00213623,93
0.0088501,93
0.0167847,93
0.0259399,93
0.0366211,93
0.0488281,93
0.062561,93
0.0778198,93
0.0946045,93
0.112915,93
0.133667,93
0.15625,93
0.180664,93
0.206909,93
0.23468,93
0.263672,93
0.292969,93
0.322266,93
0.350647,93
0.377197,93
0.401001,93
0.420837,93
0.436096,93
0.445557,93
0.449219,93
0.446777,93
0.438843,93
0.426025,93
0.40863,93
0.386963,93
0.361633,93
0.332642,93
0.300598,93
0.265808,93
0.228882,98
0.19043,98
0.151978,98
0.114136,98
0.078125,98
0.0442505,98
0.0134277,98
-0.0134277,98
-0.0363159,98
-0.0546265,98
-0.0680542,98
-0.0765991,98
-0.0805664,98
-0.0802612,98
-0.0762939,98
-0.0689697,98
-0.0595093,98
-0.0479126,98
-0.0357056,98
-0.0231934,98
-0.0109863,98
0.000915527,98
0.0115967,98
0.0213623,98
0.0299072,98
0.0372314,98
0.0430298,98
0.0476074,98
0.0512695,98
0.0534058,98
0.0546265,98
0.0549316,98
0.0546265,98
0.0537109,98
0.0521851,98
0.0506592,98
0.0491333,98
0.0473022,98
0.045166,98
0.0430298,98
0.0408936,98
0.0390625,98
0.0369263,98
0.0350952,98
0.032959,98
0.0311279,98
0.0292969,98
0.027771,98
0.0265503,98
0.0259399,98
0.0253296,98
0.0247192,98
0.0244141,98
0.0241089,98
0.0244141,98
0.0247192,98
0.0253296,98
0.0262451,98
0.0271606,98
0.0280762,98
0.0289917,98
0.0305176,98
0.0320435,98
0.0332642,98
0.03479,98
0.0360107,98
0.0372314,98
0.0384521,98
0.0396729,98
0.0405884,98
0.0415039,98
0.0421143,98
0.0424194,98
0.0421143,98
0.0415039,98
0.0405884,98
0.0393677,98
0.038147,98
0.0369263,98
0.0360107,98
0.0350952,98
0.0341797,98
0.0335693,98
0.032959,98
0.032959,98
0.032959,98
0.0332642,98
0.0338745,98
0.0344849,98
0.0350952,98
0.0357056,98
0.0369263,98
0.0384521,98
0.0402832,98
0.0421143,98
0.0445557,98
0.0469971,98
0.0491333,98
0.0509644,98
0.0521851,98
0.0534058,98
0.0543213,98
0.0552368,98
0.0564575,98
0.0579834,98
0.0598145,98
0.0616455,98
0.0631714,98
0.0646973,98
0.0656128,98
0.0662231,98
0.0668335,98
0.0671387,98
0.0674438,98
0.0680542,98
0.0689697,98
0.0698853,98
0.0708008,98
0.0717163,98
0.0723267,98
0.072937,98
0.0732422,98
0.0735474,98
0.0735474,98
0.0735474,98
0.0735474,98
0.0735474,98
0.0735474,98
0.0738525,98
0.0747681,98
0.0756836,98
0.0765991,98
0.0778198,98
0.0787354,98
0.0799561,98
0.0814819,98
0.0830078,98
0.0848389,98
0.0869751,98
0.0891113,98
0.0918579,98
0.0952148,98
0.098877,98
0.102539,98
0.105286,98
0.107727,98
0.109253,98
0.110474,98
0.111694,98
0.11322,98
0.115051,98
0.117188,98
0.119019,98
0.12085,98
0.12207,98
0.122986,98
0.123291,98
0.123291,98
0.123291,98
0.122986,98
0.122986,98
0.122986,98
0.123596,98
0.124512,98
0.125732,98
0.126648,98
0.127869,98
0.128479,98
0.129089,98
0.1297,98
0.130615,98
0.131531,98
0.132751,98
0.134277,98
0.135803,98
0.137329,98
0.138855,98
0.140381,98
0.141907,98
0.143433,98
0.145264,98
0.147095,98
0.148926,98
0.151367,98
0.154114,98
0.15686,98
0.159607,98
0.162354,98
0.165405,98
0.168457,98
0.171204,98
0.174255,98
0.177002,98
0.179749,98
0.182495,98
0.185242,98
0.187988,98
0.190735,98
0.193481,98
0.196228,98
0.198975,98
0.201721,98
0.204468,98
0.207214,98
0.209961,98
0.212708,98
0.215759,98
0.218506,98
0.221252,98
0.223694,98
0.22644,98
0.228882,98
0.231323,98
0.233765,98
0.236206,98
0.238647,98
0.240479,98
0.242004,98
0.243225,98
0.243835,98
0.243835,98
0.243835,98
0.24353,98
0.24353,98
0.24353,98
0.24353,98
0.243225,98
0.242004,98
0.240479,98
0.238342,98
0.235901,98
0.233459,98
0.231018,98
0.228577,98
0.226135,98
0.223999,98
0.221558,98
0.219421,98
0.217285,98
0.214539,98
0.211792,98
0.20874,98
0.205688,98
0.202637,98
0.200195,98
0.197754,98
0.195313,98
0.192566,98
0.189209,98
0.185242,98
0.180664,98
0.175781,98
0.170593,98
0.1651,98
0.159302,98
0.153198,98
0.147095,98
0.140686,98
0.134277,98
0.128174,98
0.12207,98
0.115967,98
0.109863,98
0.104065,98
0.0982666,98
0.0924683,98
0.0869751,98
0.0817871,98
0.0765991,98
0.0717163,98
0.0674438,98
0.0631714,98
0.0588989,98
0.0552368,98
0.0515747,98
0.0482178,98
0.045166,98
0.0418091,98
0.0387573,98
0.0354004,98
0.0317383,98
0.0283813,98
0.0247192,98
0.0213623,98
0.0177002,98
0.0137329,98
0.0100708,98
0.00640869,98
0.00335693,98
0.000610352,98
-0.00152588,98
-0.00274658,98
-0.00335693,98
-0.00366211,98
-0.00366211,98
-0.00335693,98
-0.00305176,98
-0.00274658,98
-0.00213623,98
-0.0012207,98
-0.000305176,98
0.000305176,98
0.000915527,98
0.0012207,98
0.000610352,98
-0.000305176,98
-0.00183105,98
-0.00335693,98
-0.00457764,98
-0.00579834,98
-0.00671387,98
-0.00732422,98
-0.00823975,98
-0.0088501,98
-0.00976563,98
-0.010376,98
-0.0115967,98
-0.0125122,98
-0.0137329,98
-0.0146484,98
-0.015564,98
-0.0164795,98
-0.017395,98
-0.0177002,98
-0.0177002,98
-0.017395,98
-0.0167847,98
-0.0161743,98
-0.0152588,98
-0.0146484,98
-0.0140381,98
-0.0134277,98
-0.0128174,98
-0.0125122,98
-0.012207,98
-0.0115967,98
-0.0109863,98
-0.010376,98
-0.0100708,98
-0.00976563,98
-0.00946045,98
-0.00946045,98
-0.00946045,98
-0.00946045,98
-0.00976563,98
-0.00976563,98
-0.0100708,98
-0.010376,98
-0.0106812,98
-0.0106812,98
-0.0109863,98
-0.0115967,98
-0.0125122,98
-0.0140381,98
-0.0152588,98
-0.0164795,98
-0.017395,98
-0.0177002,98
-0.0177002,98
-0.017395,98
-0.0167847,98
-0.0158691,98
-0.0146484,98
-0.0134277,98
-0.0115967,98
-0.00976563,98
-0.00762939,98
-0.00549316,98
-0.00305176,98
-0.000610352,98
0.00213623,98
0.00457764,98
0.00701904,98
0.00946045,98
0.0112915,98
0.0131226,98
0.0146484,98
0.0161743,98
0.017395,98
0.0177002,98
0.0177002,98
0.0170898,98
0.0161743,98
0.0149536,98
0.0134277,98
0.012207,98
0.0106812,98
0.00946045,98
0.00823975,98
0.00701904,98
0.00579834,98
0.00518799,98
0.00457764,98
0.00427246,98
0.00427246,98
0.00427246,98
0.00488281,98
0.00579834,98
0.00732422,98
0.00946045,98
0.0119019,98
0.0143433,98
0.017395,98
0.020752,98
0.0244141,98
0.0280762,98
0.0323486,98
0.0366211,98
0.0405884,98
0.0439453,98
0.0469971,98
0.0494385,98
0.0515747,98
0.0537109,98
0.0558472,98
0.0579834,98
0.0604248,98
0.0628662,98
0.0650024,98
0.0671387,98
0.0689697,98
0.0704956,98
0.0723267,98
0.0747681,98
0.0775146,98
0.0805664,98
0.0839233,98
0.0869751,98
0.0897217,98
0.0927734,98
0.0958252,98
0.0991821,98
0.102539,98
0.106201,98
0.110168,98
0.113831,98
0.117493,98
0.12085,98
0.123596,98
0.126038,98
0.127258,98
0.127869,98
0.127869,98
0.126953,98
0.126343,98
0.125427,98
0.124207,98
0.122986,98
0.12146,98
0.119629,98
0.117798,98
0.115967,98
0.114441,98
0.112915,98
0.111389,98
0.109253,98
0.106812,98
0.10376,98
0.100708,98
0.0973511,98
0.0942993,98
0.0915527,98
0.088501,98
0.0857544,98
0.0827026,98
0.0793457,98
0.0753784,98
0.0708008,98
0.0656128,98
0.0598145,98
0.0537109,98
0.0473022,98
0.0411987,98
0.03479,98
0.0289917,98
0.0231934,98
0.0177002,98
0.0128174,98
0.00854492,98
0.00488281,98
0.00152588,98
-0.00152588,98
-0.00427246,98
-0.00732422,98
-0.00976563,98
-0.0119019,98
-0.0134277,98
-0.0146484,98
-0.0152588,98
-0.0161743,98
-0.0170898,98
-0.0186157,98
-0.0204468,98
-0.0222778,98
-0.0244141,98
-0.0262451,98
-0.0280762,98
-0.0299072,98
-0.0317383,98
-0.0335693,98
-0.0354004,98
-0.0375366,98
-0.0393677,98
-0.0411987,98
-0.0427246,98
-0.0436401,98
-0.0445557,98
-0.045166,98
-0.0457764,98
-0.0463867,98
-0.0466919,98
-0.0469971,98
-0.0469971,98
-0.0466919,98
-0.0463867,98
-0.0457764,98
-0.045166,98
-0.0439453,98
-0.0430298,98
-0.0418091,98
-0.0408936,98
-0.0405884,98
-0.0405884,98
-0.0411987,98
-0.0418091,98
-0.0427246,98
-0.043335,98
-0.0445557,98
-0.0457764,98
-0.0473022,98
-0.0485229,98
-0.0494385,98
-0.0497437,98
-0.0497437,98
-0.0497437,98
-0.0497437,98
-0.050354,98
-0.0509644,98
-0.0512695,98
-0.0515747,98
-0.0515747,98
-0.0509644,98
-0.050354,98
-0.0494385,98
-0.0482178,98
-0.0463867,98
-0.0442505,98
-0.0411987,98
-0.0378418,98
-0.0338745,98
-0.0292969,98
-0.0238037,98
-0.017395,98
-0.00976563,98
-0.0012207,98
0.00854492,98
0.0192261,98
0.0317383,98
0.0457764,98
0.0616455,98
0.0796509,98
0.100403,98
0.123291,98
0.148621,98
0.175476,98
0.204468,98
0.23468,98
0.266418,98
0.298767,98
0.331116,98
0.362244,98
0.39093,98
0.41626,98
0.437317,98
0.452576,98
0.461426,98
0.463562,98
0.45929,98
0.449219,98
0.433655,98
0.412903,98
0.387573,98
0.357361,98
0.322876,98
0.285034,98
0.244141,98
0.201721,102
0.158386,102
0.114746,102
0.0723267,102
0.0314331,102
-0.00640869,102
-0.0405884,102
-0.0701904,102
-0.0942993,102
-0.11261,102
-0.124817,102
-0.131531,102
-0.133057,102
-0.1297,102
-0.122375,102
-0.111694,102
-0.0982666,102
-0.0836182,102
-0.0680542,102
-0.0531006,102
-0.0390625,102
-0.0262451,102
-0.0146484,102
-0.00427246,102
0.00427246,102
0.0115967,102
0.0167847,102
0.0204468,102
0.0219727,102
0.0222778,102
0.020752,102
0.0180054,102
0.0143433,102
0.00976563,102
0.00488281,102
0,102
-0.00488281,102
-0.00946045,102
-0.0137329,102
-0.017395,102
-0.0204468,102
-0.0228882,102
-0.0247192,102
-0.0259399,102
-0.0262451,102
-0.0262451,102
-0.0256348,102
-0.0250244,102
-0.0238037,102
-0.022583,102
-0.0213623,102
-0.0204468,102
-0.0198364,102
-0.0198364,102
-0.0204468,102
-0.0210571,102
-0.0216675,102
-0.022583,102
-0.0234985,102
-0.0241089,102
-0.0250244,102
-0.0256348,102
-0.0265503,102
-0.0274658,102
-0.0280762,102
-0.0286865,102
-0.0292969,102
-0.0292969,102
-0.0292969,102
-0.0286865,102
-0.0280762,102
-0.0271606,102
-0.0256348,102
-0.0244141,102
-0.0228882,102
-0.0210571,102
-0.0195313,102
-0.0177002,102
-0.0164795,102
-0.0152588,102
-0.0143433,102
-0.0137329,102
-0.0131226,102
-0.0125122,102
-0.0125122,102
-0.0125122,102
-0.0128174,102
-0.0131226,102
-0.0134277,102
-0.0140381,102
-0.0140381,102
-0.0137329,102
-0.0131226,102
-0.012207,102
-0.0115967,102
-0.0109863,102
-0.0100708,102
-0.00946045,102
-0.0088501,102
-0.00854492,102
-0.00793457,102
-0.00732422,102
-0.00640869,102
-0.00518799,102
-0.00396729,102
-0.00274658,102
-0.00152588,102
-0.0012207,102
-0.000915527,102
-0.000610352,102
-0.000305176,102
0,102
0.000305176,102
0.000610352,102
0.000915527,102
0.000915527,102
0.000915527,102
0.000610352,102
0.000610352,102
0.000915527,102
0.0012207,102
0.00183105,102
0.00274658,102
0.00366211,102
0.00457764,102
0.00579834,102
0.00701904,102
0.00854492,102
0.0100708,102
0.0119019,102
0.0134277,102
0.0146484,102
0.0158691,102
0.0170898,102
0.0183105,102
0.0195313,102
0.0210571,102
0.0231934,102
0.0250244,102
0.0271606,102
0.0286865,102
0.0299072,102
0.0308228,102
0.0317383,102
0.0326538,102
0.0335693,102
0.0344849,102
0.0350952,102
0.0357056,102
0.0363159,102
0.0372314,102
0.038147,102
0.0396729,102
0.0411987,102
0.0424194,102
0.0439453,102
0.045166,102
0.0466919,102
0.0479126,102
0.0494385,102
0.0512695,102
0.0534058,102
0.0561523,102
0.0588989,102
0.0616455,102
0.0643921,102
0.0668335,102
0.0689697,102
0.071106,102
0.072937,102
0.0744629,102
0.0762939,102
0.078125,102
0.0799561,102
0.0814819,102
0.083313,102
0.0845337,102
0.0860596,102
0.0872803,102
0.0888062,102
0.0906372,102
0.0927734,102
0.0952148,102
0.0979614,102
0.100403,102
0.102539,102
0.10498,102
0.107727,102
0.110474,102
0.11322,102
0.115967,102
0.118713,102
0.121155,102
0.123596,102
0.125732,102
0.128174,102
0.13092,102
0.133362,102
0.136108,102
0.137939,102
0.139465,102
0.140076,102
0.140381,102
0.140076,102
0.139771,102
0.13916,102
0.138855,102
0.13916,102
0.139465,102
0.140686,102
0.141907,102
0.143738,102
0.145569,102
0.1474,102
0.148926,102
0.150452,102
0.151672,102
0.152588,102
0.153503,102
0.154114,102
0.154419,102
0.154724,102
0.155029,102
0.155029,102
0.155334,102
0.155334,102
0.155334,102
0.155029,102
0.154724,102
0.154114,102
0.152893,102
0.151367,102
0.149231,102
0.14679,102
0.143738,102
0.140686,102
0.137329,102
0.133972,102
0.13031,102
0.126953,102
0.122986,102
0.119324,102
0.115051,102
0.110779,102
0.106201,102
0.101624,102
0.0964355,102
0.0912476,102
0.0857544,102
0.0805664,102
0.0753784,102
0.0701904,102
0.0653076,102
0.0601196,102
0.0552368,102
0.0506592,102
0.0466919,102
0.043335,102
0.0396729,102
0.0363159,102
0.0326538,102
0.0286865,102
0.0244141,102
0.0201416,102
0.015564,102
0.0112915,102
0.00671387,102
0.00213623,102
-0.00274658,102
-0.00762939,102
-0.0128174,102
-0.0180054,102
-0.0231934,102
-0.0286865,102
-0.0335693,102
-0.0384521,102
-0.0430298,102
-0.0469971,102
-0.050354,102
-0.0531006,102
-0.0552368,102
-0.0570679,102
-0.0582886,102
-0.0595093,102
-0.0601196,102
-0.0613403,102
-0.062561,102
-0.0643921,102
-0.065918,102
-0.067749,102
-0.0692749,102
-0.0704956,102
-0.0717163,102
-0.0732422,102
-0.0747681,102
-0.0769043,102
-0.0796509,102
-0.0827026,102
-0.0863647,102
-0.0900269,102
-0.0933838,102
-0.0964355,102
-0.098877,102
-0.100708,102
-0.102234,102
-0.102844,102
-0.102844,102
-0.102539,102
-0.101624,102
-0.100403,102
-0.0991821,102
-0.0979614,102
-0.0964355,102
-0.0952148,102
-0.0933838,102
-0.0912476,102
-0.0894165,102
-0.0872803,102
-0.0857544,102
-0.0845337,102
-0.0839233,102
-0.0836182,102
-0.0836182,102
-0.0839233,102
-0.0842285,102
-0.085144,102
-0.0863647,102
-0.0875854,102
-0.0891113,102
-0.0906372,102
-0.0924683,102
-0.0939941,102
-0.0958252,102
-0.0973511,102
-0.0985718,102
-0.0994873,102
-0.100098,102
-0.100708,102
-0.101013,102
-0.101013,102
-0.100708,102
-0.100098,102
-0.0991821,102
-0.0976563,102
-0.0958252,102
-0.0942993,102
-0.0924683,102
-0.090332,102
-0.0881958,102
-0.0860596,102
-0.0839233,102
-0.0827026,102
-0.0817871,102
-0.0814819,102
-0.0814819,102
-0.0811768,102
-0.0805664,102
-0.0799561,102
-0.0790405,102
-0.0787354,102
-0.0787354,102
-0.0793457,102
-0.0805664,102
-0.0823975,102
-0.0845337,102
-0.0860596,102
-0.0869751,102
-0.0872803,102
-0.0872803,102
-0.0869751,102
-0.0869751,102
-0.0866699,102
-0.0866699,102
-0.0863647,102
-0.0857544,102
-0.0848389,102
-0.0836182,102
-0.0817871,102
-0.0796509,102
-0.0775146,102
-0.0753784,102
-0.0735474,102
-0.0720215,102
-0.0708008,102
-0.0698853,102
-0.0686646,102
-0.067749,102
-0.0662231,102
-0.0643921,102
-0.0622559,102
-0.0595093,102
-0.0564575,102
-0.0537109,102
-0.0509644,102
-0.0482178,102
-0.0457764,102
-0.0430298,102
-0.0402832,102
-0.0375366,102
-0.0344849,102
-0.0317383,102
-0.0292969,102
-0.0265503,102
-0.0241089,102
-0.0213623,102
-0.0186157,102
-0.015564,102
-0.0125122,102
-0.00976563,102
-0.00701904,102
-0.00427246,102
-0.00152588,102
0.000915527,102
0.00335693,102
0.00610352,102
0.00823975,102
0.0106812,102
0.0134277,102
0.0164795,102
0.0198364,102
0.0241089,102
0.0283813,102
0.0332642,102
0.0378418,102
0.0424194,102
0.0469971,102
0.0512695,102
0.0549316,102
0.0582886,102
0.06073,102
0.062561,102
0.0634766,102
0.0637817,102
0.0631714,102
0.0619507,102
0.0601196,102
0.0576782,102
0.0549316,102
0.0518799,102
0.0488281,102
0.0457764,102
0.0430298,102
0.0405884,102
0.038147,102
0.0357056,102
0.0332642,102
0.0308228,102
0.0280762,102
0.0253296,102
0.0228882,102
0.0204468,102
0.0183105,102
0.0161743,102
0.0137329,102
0.0109863,102
0.00732422,102
0.00335693,102
-0.0012207,102
-0.00640869,102
-0.0119019,102
-0.0180054,102
-0.0244141,102
-0.0314331,102
-0.0387573,102
-0.0463867,102
-0.0543213,102
-0.062561,102
-0.0701904,102
-0.0775146,102
-0.0842285,102
-0.0897217,102
-0.0939941,102
-0.0973511,102
-0.100098,102
-0.101929,102
-0.103149,102
-0.103455,102
-0.102844,102
-0.101624,102
-0.100403,102
-0.0994873,102
-0.098877,102
-0.0991821,102
-0.0994873,102
-0.100403,102
-0.101318,102
-0.102234,102
-0.103149,102
-0.10376,102
-0.104675,102
-0.105896,102
-0.108032,102
-0.110779,102
-0.113831,102
-0.117493,102
-0.12146,102
-0.124817,102
-0.128174,102
-0.13092,102
-0.133362,102
-0.134888,102
-0.136108,102
-0.136414,102
-0.136108,102
-0.135193,102
-0.133667,102
-0.132141,102
-0.130005,102
-0.127563,102
-0.125427,102
-0.123901,102
-0.122681,102
-0.12207,102
-0.12146,102
-0.12085,102
-0.120544,102
-0.120544,102
-0.120239,102
-0.120544,102
-0.12085,102
-0.121155,102
-0.12207,102
-0.123596,102
-0.125732,102
-0.128174,102
-0.130615,102
-0.133057,102
-0.135193,102
-0.137024,102
-0.138245,102
-0.139465,102
-0.139771,102
-0.140076,102
-0.139771,102
-0.138855,102
-0.137024,102
-0.134583,102
-0.13092,102
-0.126648,102
-0.121765,102
-0.115967,102
-0.109558,102
-0.102539,102
-0.0942993,102
-0.0845337,102
-0.072937,102
-0.0595093,102
-0.0436401,102
-0.0256348,102
-0.00549316,102
0.0164795,102
0.0405884,102
0.0668335,102
0.0949097,102
0.124512,102
0.15564,102
0.187988,102
0.220947,102
0.254211,102
0.286255,102
0.316467,102
0.343933,102
0.366821,102
0.384216,102
0.395203,102
0.399475,102
0.397339,102
0.389099,102
0.375061,102
0.35614,102
0.332031,102
0.303345,102
0.270081,102
0.233154,102
0.192871,102
0.150452,104
0.106812,104
0.062561,104
0.0195313,104
-0.0219727,104
-0.06073,104
-0.09552,104
-0.125732,104
-0.151062,104
-0.171204,104
-0.185547,104
-0.194702,104
-0.198975,104
-0.198669,104
-0.194397,104
-0.187378,104
-0.177917,104
-0.166931,104
-0.155334,104
-0.143433,104
-0.131836,104
-0.120544,104
-0.110474,104
-0.101624,104
-0.093689,104
-0.0872803,104
-0.0823975,104
-0.0790405,104
-0.0769043,104
-0.0756836,104
-0.0753784,104
-0.0759888,104
-0.0769043,104
-0.0778198,104
-0.0790405,104
-0.0802612,104
-0.0811768,104
-0.0823975,104
-0.0836182,104
-0.0848389,104
-0.0857544,104
-0.0869751,104
-0.0878906,104
-0.0888062,104
-0.0894165,104
-0.0900269,104
-0.0906372,104
-0.0915527,104
-0.0930786,104
-0.0949097,104
-0.0970459,104
-0.0994873,104
-0.101929,104
-0.104675,104
-0.106812,104
-0.108643,104
-0.110474,104
-0.112,104
-0.112915,104
-0.11322,104
-0.11322,104
-0.112915,104
-0.112915,104
-0.112915,104
-0.11322,104
-0.11322,104
-0.112915,104
-0.11261,104
-0.112,104
-0.111084,104
-0.109863,104
-0.108948,104
-0.107727,104
-0.106812,104
-0.105896,104
-0.10498,104
-0.10437,104
-0.10376,104
-0.102844,104
-0.101624,104
-0.100098,104
-0.0982666,104
-0.0964355,104
-0.0942993,104
-0.0921631,104
-0.0894165,104
-0.0863647,104
-0.083313,104
-0.0805664,104
-0.0778198,104
-0.0753784,104
-0.0732422,104
-0.071106,104
-0.0692749,104
-0.067749,104
-0.0665283,104
-0.0656128,104
-0.0650024,104
-0.0650024,104
-0.0653076,104
-0.065918,104
-0.0665283,104
-0.0671387,104
-0.0674438,104
-0.0671387,104
-0.0665283,104
-0.0656128,104
-0.0643921,104
-0.0628662,104
-0.0613403,104
-0.0598145,104
-0.0588989,104
-0.0579834,104
-0.0570679,104
-0.0561523,104
-0.0552368,104
-0.0543213,104
-0.0534058,104
-0.0531006,104
-0.0527954,104
-0.0534058,104
-0.0540161,104
-0.0549316,104
-0.055542,104
-0.0561523,104
-0.0564575,104
-0.0567627,104
-0.0570679,104
-0.057373,104
-0.0576782,104
-0.0576782,104
-0.0576782,104
-0.057373,104
-0.0567627,104
-0.0552368,104
-0.0534058,104
-0.0509644,104
-0.0482178,104
-0.0448608,104
-0.0415039,104
-0.0378418,104
-0.0344849,104
-0.0314331,104
-0.0289917,104
-0.0271606,104
-0.0259399,104
-0.0253296,104
-0.0253296,104
-0.0256348,104
-0.0265503,104
-0.0271606,104
-0.0283813,104
-0.0292969,104
-0.0302124,104
-0.0311279,104
-0.0320435,104
-0.032959,104
-0.0332642,104
-0.0332642,104
-0.0326538,104
-0.0311279,104
-0.0286865,104
-0.0262451,104
-0.0231934,104
-0.0198364,104
-0.0161743,104
-0.012207,104
-0.00823975,104
-0.00366211,104
0.000610352,104
0.00518799,104
0.00976563,104
0.0143433,104
0.0186157,104
0.0228882,104
0.0268555,104
0.0308228,104
0.0344849,104
0.0378418,104
0.0405884,104
0.0424194,104
0.0439453,104
0.045166,104
0.0457764,104
0.0463867,104
0.0466919,104
0.0469971,104
0.0476074,104
0.0479126,104
0.0482178,104
0.0488281,104
0.0494385,104
0.0500488,104
0.0509644,104
0.0524902,104
0.0543213,104
0.0561523,104
0.0582886,104
0.0601196,104
0.0616455,104
0.0628662,104
0.0637817,104
0.0646973,104
0.0662231,104
0.0680542,104
0.0698853,104
0.0720215,104
0.0738525,104
0.0756836,104
0.0775146,104
0.0790405,104
0.0805664,104
0.0820923,104
0.0830078,104
0.0836182,104
0.0836182,104
0.0827026,104
0.0817871,104
0.0802612,104
0.0787354,104
0.0775146,104
0.0769043,104
0.0769043,104
0.0772095,104
0.0778198,104
0.0787354,104
0.0793457,104
0.0799561,104
0.0808716,104
0.0817871,104
0.0830078,104
0.0842285,104
0.0860596,104
0.0875854,104
0.0888062,104
0.0894165,104
0.0891113,104
0.0878906,104
0.0854492,104
0.0820923,104
0.078125,104
0.0738525,104
0.0689697,104
0.0634766,104
0.0579834,104
0.0515747,104
0.0445557,104
0.0375366,104
0.0296021,104
0.0216675,104
0.0137329,104
0.00610352,104
-0.0012207,104
-0.00762939,104
-0.0131226,104
-0.0177002,104
-0.0213623,104
-0.0244141,104
-0.0268555,104
-0.0289917,104
-0.0314331,104
-0.0341797,104
-0.0372314,104
-0.0405884,104
-0.0445557,104
-0.0488281,104
-0.0531006,104
-0.0576782,104
-0.062561,104
-0.0674438,104
-0.0726318,104
-0.078125,104
-0.0839233,104
-0.0897217,104
-0.0958252,104
-0.101929,104
-0.107727,104
-0.112915,104
-0.117188,104
-0.12085,104
-0.123596,104
-0.125732,104
-0.126953,104
-0.127563,104
-0.127258,104
-0.126953,104
-0.126038,104
-0.125427,104
-0.124512,104
-0.124207,104
-0.123901,104
-0.123596,104
-0.123291,104
-0.122681,104
-0.12207,104
-0.12207,104
-0.122681,104
-0.123901,104
-0.126038,104
-0.128174,104
-0.13092,104
-0.133057,104
-0.135498,104
-0.137634,104
-0.139465,104
-0.141296,104
-0.142822,104
-0.144043,104
-0.144348,104
-0.144653,104
-0.144653,104
-0.144348,104
-0.144348,104
-0.144043,104
-0.143433,104
-0.142517,104
-0.141296,104
-0.140076,104
-0.138855,104
-0.137634,104
-0.136414,104
-0.135193,104
-0.133972,104
-0.132751,104
-0.132141,104
-0.131836,104
-0.131836,104
-0.132141,104
-0.132446,104
-0.132751,104
-0.132751,104
-0.133057,104
-0.133362,104
-0.133667,104
-0.133667,104
-0.133667,104
-0.133362,104
-0.132751,104
-0.132446,104
-0.132141,104
-0.131836,104
-0.131836,104
-0.131836,104
-0.131836,104
-0.132446,104
-0.133057,104
-0.133972,104
-0.134888,104
-0.135498,104
-0.136108,104
-0.136719,104
-0.136719,104
-0.137024,104
-0.137024,104
-0.136719,104
-0.136414,104
-0.136108,104
-0.135803,104
-0.135193,104
-0.134583,104
-0.133667,104
-0.132446,104
-0.130615,104
-0.128784,104
-0.126343,104
-0.123901,104
-0.121155,104
-0.118713,104
-0.116577,104
-0.114746,104
-0.11322,104
-0.111389,104
-0.109863,104
-0.108337,104
-0.107422,104
-0.106812,104
-0.106812,104
-0.107422,104
-0.108337,104
-0.109558,104
-0.110474,104
-0.111389,104
-0.111694,104
-0.112305,104
-0.112915,104
-0.113525,104
-0.114441,104
-0.114746,104
-0.115051,104
-0.115051,104
-0.114441,104
-0.113525,104
-0.112305,104
-0.110474,104
-0.108643,104
-0.106506,104
-0.104675,104
-0.102844,104
-0.100708,104
-0.0979614,104
-0.0952148,104
-0.0927734,104
-0.0900269,104
-0.0872803,104
-0.0845337,104
-0.0817871,104
-0.0787354,104
-0.0756836,104
-0.0723267,104
-0.0689697,104
-0.0653076,104
-0.0616455,104
-0.0576782,104
-0.0537109,104
-0.0500488,104
-0.0460815,104
-0.0421143,104
-0.038147,104
-0.0344849,104
-0.0311279,104
-0.0280762,104
-0.0253296,104
-0.0228882,104
-0.0204468,104
-0.0183105,104
-0.0158691,104
-0.0134277,104
-0.0109863,104
-0.0088501,104
-0.00671387,104
-0.00488281,104
-0.00305176,104
-0.000915527,104
0.000915527,104
0.00274658,104
0.00457764,104
0.00640869,104
0.00854492,104
0.010376,104
0.0125122,104
0.0146484,104
0.0164795,104
0.0186157,104
0.0210571,104
0.0231934,104
0.0256348,104
0.027771,104
0.0299072,104
0.0314331,104
0.0320435,104
0.0317383,104
0.0305176,104
0.0286865,104
0.0259399,104
0.0231934,104
0.0198364,104
0.0161743,104
0.012207,104
0.00823975,104
0.00366211,104
-0.000915527,104
-0.00610352,104
-0.0115967,104
-0.0177002,104
-0.0238037,104
-0.0299072,104
-0.0360107,104
-0.0421143,104
-0.0485229,104
-0.0549316,104
-0.0610352,104
-0.0668335,104
-0.0723267,104
-0.0772095,104
-0.0814819,104
-0.085144,104
-0.088501,104
-0.0918579,104
-0.0949097,104
-0.0979614,104
-0.101318,104
-0.10498,104
-0.108337,104
-0.112,104
-0.115662,104
-0.119019,104
-0.122986,104
-0.126648,104
-0.130615,104
-0.134583,104
-0.13855,104
-0.142517,104
-0.145874,104
-0.148621,104
-0.150757,104
-0.152588,104
-0.153809,104
-0.154419,104
-0.154419,104
-0.154419,104
-0.153809,104
-0.153198,104
-0.151672,104
-0.149841,104
-0.147705,104
-0.144958,104
-0.142517,104
-0.140076,104
-0.138245,104
-0.137024,104
-0.135803,104
-0.135193,104
-0.134888,104
-0.134888,104
-0.135193,104
-0.135498,104
-0.135803,104
-0.136414,104
-0.137329,104
-0.13855,104
-0.140076,104
-0.141907,104
-0.144043,104
-0.146484,104
-0.148926,104
-0.151062,104
-0.152893,104
-0.154419,104
-0.155334,104
-0.15564,104
-0.155945,104
-0.15564,104
-0.155029,104
-0.154419,104
-0.153198,104
-0.152283,104
-0.151672,104
-0.151367,104
-0.151672,104
-0.151978,104
-0.152893,104
-0.153503,104
-0.153809,104
-0.153198,104
-0.151672,104
-0.149231,104
-0.145874,104
-0.141907,104
-0.137329,104
-0.132446,104
-0.126953,104
-0.120239,104
-0.11261,104
-0.103149,104
-0.0915527,104
-0.0775146,104
-0.0613403,104
-0.0424194,104
-0.0210571,104
0.00244141,104
0.027771,104
0.0549316,104
0.0839233,104
0.114136,104
0.145264,104
0.177612,104
0.210266,104
0.24292,104
0.274658,104
0.304565,104
0.332031,104
0.355835,104
0.374756,104
0.387573,104
0.393677,104
0.392761,104
0.385437,104
0.372314,104
0.353699,104
0.3302,104
0.301819,104
0.26947,104
0.233459,104
0.194702,104
0.153809,103
0.111694,103
0.0686646,103
0.0256348,103
-0.0164795,103
-0.0567627,103
-0.0946045,103
-0.128174,103
-0.157166,103
-0.180664,103
-0.198059,103
-0.209656,103
-0.215759,103
-0.217285,103
-0.214844,103
-0.209045,103
-0.200806,103
-0.190735,103
-0.179138,103
-0.166931,103
-0.154114,103
-0.141296,103
-0.128784,103
-0.116577,103
-0.105591,103
-0.0958252,103
-0.0878906,103
-0.0817871,103
-0.0775146,103
-0.0750732,103
-0.0741577,103
-0.0744629,103
-0.0759888,103
-0.078125,103
-0.0811768,103
-0.0842285,103
-0.0875854,103
-0.090332,103
-0.0930786,103
-0.09552,103
-0.0973511,103
-0.0991821,103
-0.100403,103
-0.102234,103
-0.104065,103
-0.105896,103
-0.107727,103
-0.109253,103
-0.110474,103
-0.111389,103
-0.112305,103
-0.11322,103
-0.113831,103
-0.114136,103
-0.114746,103
-0.115051,103
-0.115356,103
-0.115967,103
-0.116882,103
-0.117798,103
-0.119019,103
-0.119934,103
-0.12085,103
-0.121155,103
-0.12085,103
-0.120544,103
-0.119934,103
-0.119019,103
-0.117798,103
-0.116272,103
-0.114136,103
-0.112,103
-0.109863,103
-0.107727,103
-0.105896,103
-0.104065,103
-0.102844,103
-0.101318,103
-0.100098,103
-0.0991821,103
-0.0982666,103
-0.0976563,103
-0.0973511,103
-0.0967407,103
-0.0964355,103
-0.0964355,103
-0.0964355,103
-0.0970459,103
-0.0979614,103
-0.098877,103
-0.100098,103
-0.100708,103
-0.101013,103
-0.100708,103
-0.100403,103
-0.100098,103
-0.0997925,103
-0.0991821,103
-0.0985718,103
-0.0979614,103
-0.0970459,103
-0.0961304,103
-0.0946045,103
-0.0927734,103
-0.0909424,103
-0.0888062,103
-0.0863647,103
-0.0842285,103
-0.0820923,103
-0.0793457,103
-0.0765991,103
-0.0735474,103
-0.0708008,103
-0.0683594,103
-0.0662231,103
-0.0650024,103
-0.0643921,103
-0.0637817,103
-0.0634766,103
-0.0631714,103
-0.0628662,103
-0.0622559,103
-0.0616455,103
-0.06073,103
-0.0598145,103
-0.0595093,103
-0.0592041,103
-0.0595093,103
-0.0598145,103
-0.0601196,103
-0.0604248,103
-0.06073,103
-0.0604248,103
-0.0595093,103
-0.0582886,103
-0.0570679,103
-0.055542,103
-0.0540161,103
-0.0524902,103
-0.0506592,103
-0.0488281,103
-0.0469971,103
-0.0448608,103
-0.0427246,103
-0.0405884,103
-0.0387573,103
-0.0375366,103
-0.0363159,103
-0.0350952,103
-0.0338745,103
-0.0323486,103
-0.0308228,103
-0.0296021,103
-0.0283813,103
-0.027771,103
-0.0271606,103
-0.0262451,103
-0.0253296,103
-0.0238037,103
-0.0216675,103
-0.0189209,103
-0.0164795,103
-0.0137329,103
-0.0109863,103
-0.00854492,103
-0.00640869,103
-0.00457764,103
-0.00274658,103
-0.000915527,103
0.0012207,103
0.00335693,103
0.00610352,103
0.0088501,103
0.0119019,103
0.0149536,103
0.0170898,103
0.0192261,103
0.0204468,103
0.0216675,103
0.0222778,103
0.0228882,103
0.0231934,103
0.0234985,103
0.0241089,103
0.0250244,103
0.0262451,103
0.0283813,103
0.0308228,103
0.032959,103
0.0354004,103
0.0378418,103
0.039978,103
0.0427246,103
0.0454712,103
0.0485229,103
0.0521851,103
0.0558472,103
0.0598145,103
0.0640869,103
0.0683594,103
0.072937,103
0.0772095,103
0.0811768,103
0.0848389,103
0.0881958,103
0.0906372,103
0.0924683,103
0.0939941,103
0.0946045,103
0.0952148,103
0.0958252,103
0.0961304,103
0.0967407,103
0.0970459,103
0.0973511,103
0.0973511,103
0.0970459,103
0.0964355,103
0.09552,103
0.0946045,103
0.093689,103
0.0927734,103
0.0921631,103
0.0918579,103
0.0915527,103
0.0912476,103
0.0912476,103
0.0912476,103
0.0912476,103
0.0915527,103
0.0918579,103
0.0918579,103
0.0921631,103
0.0915527,103
0.0906372,103
0.0888062,103
0.0863647,103
0.0830078,103
0.0793457,103
0.0750732,103
0.0704956,103
0.0656128,103
0.0601196,103
0.0549316,103
0.0497437,103
0.0445557,103
0.0396729,103
0.0344849,103
0.0292969,103
0.0238037,103
0.0180054,103
0.0125122,103
0.00701904,103
0.00183105,103
-0.00274658,103
-0.00701904,103
-0.0109863,103
-0.0143433,103
-0.017395,103
-0.0201416,103
-0.0228882,103
-0.0253296,103
-0.0280762,103
-0.0314331,103
-0.0357056,103
-0.0408936,103
-0.0466919,103
-0.0527954,103
-0.0592041,103
-0.0656128,103
-0.0717163,103
-0.0775146,103
-0.0830078,103
-0.0881958,103
-0.0930786,103
-0.0979614,103
-0.102234,103
-0.106201,103
-0.109558,103
-0.112305,103
-0.114136,103
-0.115356,103
-0.115662,103
-0.115662,103
-0.114746,103
-0.113525,103
-0.111694,103
-0.109558,103
-0.107727,103
-0.106506,103
-0.105896,103
-0.106201,103
-0.107117,103
-0.108337,103
-0.109863,103
-0.111389,103
-0.11261,103
-0.113525,103
-0.114441,103
-0.115662,103
-0.117188,103
-0.119324,103
-0.12146,103
-0.123596,103
-0.125427,103
-0.126648,103
-0.126953,103
-0.126648,103
-0.125732,103
-0.124817,103
-0.123596,103
-0.122986,103
-0.122375,103
-0.12207,103
-0.121765,103
-0.12146,103
-0.12085,103
-0.120239,103
-0.119629,103
-0.119019,103
-0.118103,103
-0.117798,103
-0.117493,103
-0.117798,103
-0.118408,103
-0.119324,103
-0.120239,103
-0.121765,103
-0.122986,103
-0.123901,103
-0.124512,103
-0.124512,103
-0.124512,103
-0.124207,103
-0.123596,103
-0.122986,103
-0.122375,103
-0.121155,103
-0.119934,103
-0.118408,103
-0.116577,103
-0.115051,103
-0.113525,103
-0.112,103
-0.110779,103
-0.109253,103
-0.108032,103
-0.107117,103
-0.106812,103
-0.106812,103
-0.106812,103
-0.107117,103
-0.107727,103
-0.108643,103
-0.109863,103
-0.111694,103
-0.113525,103
-0.115662,103
-0.118103,103
-0.120239,103
-0.122375,103
-0.124207,103
-0.125732,103
-0.127258,103
-0.128174,103
-0.128784,103
-0.128479,103
-0.127563,103
-0.126038,103
-0.123291,103
-0.120239,103
-0.116882,103
-0.113525,103
-0.110474,103
-0.107422,103
-0.10437,103
-0.101624,103
-0.0994873,103
-0.0973511,103
-0.09552,103
-0.0939941,103
-0.0930786,103
-0.0918579,103
-0.0912476,103
-0.090332,103
-0.0897217,103
-0.0894165,103
-0.0894165,103
-0.0897217,103
-0.0906372,103
-0.0918579,103
-0.0930786,103
-0.0942993,103
-0.0949097,103
-0.0952148,103
-0.0952148,103
-0.0946045,103
-0.093689,103
-0.0924683,103
-0.0912476,103
-0.0900269,103
-0.0891113,103
-0.0878906,103
-0.0866699,103
-0.085144,103
-0.083313,103
-0.0814819,103
-0.0796509,103
-0.0778198,103
-0.0759888,103
-0.0741577,103
-0.0723267,103
-0.0708008,103
-0.0689697,103
-0.067749,103
-0.0671387,103
-0.0668335,103
-0.0671387,103
-0.0671387,103
-0.0674438,103
-0.0674438,103
-0.0671387,103
-0.0665283,103
-0.065918,103
-0.0653076,103
-0.0646973,103
-0.0640869,103
-0.0634766,103
-0.0628662,103
-0.0622559,103
-0.0616455,103
-0.0610352,103
-0.0595093,103
-0.0570679,103
-0.0537109,103
-0.0494385,103
-0.0445557,103
-0.0396729,103
-0.0344849,103
-0.0292969,103
-0.0241089,103
-0.0192261,103
-0.0149536,103
-0.0112915,103
-0.0088501,103
-0.00701904,103
-0.00549316,103
-0.00427246,103
-0.00274658,103
-0.00152588,103
0,103
0.00183105,103
0.00335693,103
0.00488281,103
0.00640869,103
0.00793457,103
0.00976563,103
0.0115967,103
0.0137329,103
0.0161743,103
0.0189209,103
0.0216675,103
0.0250244,103
0.0283813,103
0.0320435,103
0.0360107,103
0.0393677,103
0.0427246,103
0.0457764,103
0.0482178,103
0.0500488,103
0.0512695,103
0.0521851,103
0.0521851,103
0.0515747,103
0.0500488,103
0.0476074,103
0.0448608,103
0.0418091,103
0.0384521,103
0.0350952,103
0.0314331,103
0.027771,103
0.0241089,103
0.020752,103
0.0167847,103
0.0125122,103
0.00793457,103
0.00335693,103
-0.0012207,103
-0.00579834,103
-0.0100708,103
-0.0143433,103
-0.0186157,103
-0.0231934,103
-0.0280762,103
-0.0332642,103
-0.0387573,103
-0.0442505,103
-0.0497437,103
-0.0552368,103
-0.0604248,103
-0.0653076,103
-0.0698853,103
-0.0741577,103
-0.078125,103
-0.0814819,103
-0.0845337,103
-0.0872803,103
-0.0897217,103
-0.0915527,103
-0.0930786,103
-0.0942993,103
-0.0952148,103
-0.0961304,103
-0.0967407,103
-0.0976563,103
-0.0982666,103
-0.098877,103
-0.0994873,103
-0.100098,103
-0.100708,103
-0.101318,103
-0.102234,103
-0.103149,103
-0.104675,103
-0.106506,103
-0.108643,103
-0.110474,103
-0.112,103
-0.11322,103
-0.113525,103
-0.113525,103
-0.11322,103
-0.11322,103
-0.11322,103
-0.113525,103
-0.113525,103
-0.113525,103
-0.113525,103
-0.11322,103
-0.11261,103
-0.112,103
-0.111084,103
-0.110168,103
-0.109253,103
-0.108643,103
-0.108032,103
-0.107727,103
-0.107422,103
-0.107727,103
-0.108337,103
-0.109558,103
-0.111084,103
-0.112915,103
-0.114441,103
-0.116272,103
-0.118103,103
-0.119629,103
-0.121155,103
-0.122681,103
-0.123901,103
-0.124817,103
-0.125732,103
-0.126038,103
-0.126038,103
-0.125732,103
-0.125122,103
-0.123901,103
-0.12207,103
-0.119629,103
-0.116272,103
-0.112,103
-0.106506,103
-0.100403,103
-0.0927734,103
-0.0845337,103
-0.0753784,103
-0.0646973,103
-0.0527954,103
-0.0393677,103
-0.0241089,103
-0.00732422,103
0.0106812,103
0.0308228,103
0.0524902,103
0.0762939,103
0.101929,103
0.1297,103
0.159607,103
0.19104,103
0.223999,103
0.257568,103
0.290833,103
0.323181,103
0.353394,103
0.380859,103
0.404053,103
0.422058,103
0.433655,103
0.438843,103
0.437317,103
0.429688,103
0.416565,103
0.398254,103
0.375061,103
0.346985,103
0.314636,103
0.278015,103
0.238037,103
0.195007,99
0.150146,99
0.10437,99
0.0588989,99
0.0146484,99
-0.0271606,99
-0.0650024,99
-0.098877,99
-0.127258,99
-0.150146,99
-0.167542,99
-0.179443,99
-0.185852,99
-0.187683,99
-0.185242,99
-0.180054,99
-0.172119,99
-0.162659,99
-0.151978,99
-0.140991,99
-0.129395,99
-0.117798,99
-0.106506,99
-0.0958252,99
-0.0857544,99
-0.0769043,99
-0.0692749,99
-0.0628662,99
-0.0570679,99
-0.0524902,99
-0.0488281,99
-0.0457764,99
-0.0439453,99
-0.043335,99
-0.043335,99
-0.0439453,99
-0.045166,99
-0.0460815,99
-0.0469971,99
-0.0479126,99
-0.0488281,99
-0.0494385,99
-0.0506592,99
-0.0515747,99
-0.0531006,99
-0.0549316,99
-0.057373,99
-0.0601196,99
-0.0634766,99
-0.0674438,99
-0.0714111,99
-0.0753784,99
-0.0787354,99
-0.0817871,99
-0.0842285,99
-0.0863647,99
-0.0878906,99
-0.0891113,99
-0.090332,99
-0.0915527,99
-0.0924683,99
-0.0933838,99
-0.0939941,99
-0.0942993,99
-0.0942993,99
-0.0939941,99
-0.0930786,99
-0.0924683,99
-0.0915527,99
-0.090332,99
-0.088501,99
-0.0866699,99
-0.0842285,99
-0.0814819,99
-0.078125,99
-0.0747681,99
-0.071106,99
-0.067749,99
-0.0646973,99
-0.0619507,99
-0.0595093,99
-0.057373,99
-0.055542,99
-0.0537109,99
-0.0524902,99
-0.0515747,99
-0.0506592,99
-0.050354,99
-0.050354,99
-0.0506592,99
-0.0509644,99
-0.0518799,99
-0.0527954,99
-0.0540161,99
-0.0552368,99
-0.0564575,99
-0.0576782,99
-0.0585938,99
-0.0598145,99
-0.0604248,99
-0.06073,99
-0.06073,99
-0.0604248,99
-0.0595093,99
-0.0582886,99
-0.0567627,99
-0.0552368,99
-0.0531006,99
-0.0509644,99
-0.0488281,99
-0.0463867,99
-0.0445557,99
-0.0427246,99
-0.0415039,99
-0.0402832,99
-0.0396729,99
-0.0393677,99
-0.0390625,99
-0.0384521,99
-0.038147,99
-0.0372314,99
-0.0363159,99
-0.03479,99
-0.032959,99
-0.0308228,99
-0.0292969,99
-0.027771,99
-0.0262451,99
-0.0250244,99
-0.0231934,99
-0.0213623,99
-0.0186157,99
-0.0158691,99
-0.0134277,99
-0.0106812,99
-0.00854492,99
-0.00640869,99
-0.00457764,99
-0.00305176,99
-0.00213623,99
-0.00183105,99
-0.00183105,99
-0.00183105,99
-0.00183105,99
-0.00213623,99
-0.00274658,99
-0.00335693,99
-0.00396729,99
-0.00457764,99
-0.00518799,99
-0.00518799,99
-0.00488281,99
-0.00427246,99
-0.00305176,99
-0.00152588,99
0.000305176,99
0.00244141,99
0.00488281,99
0.00732422,99
0.00946045,99
0.0115967,99
0.0134277,99
0.0152588,99
0.0170898,99
0.0189209,99
0.0210571,99
0.0234985,99
0.0259399,99
0.0280762,99
0.0302124,99
0.0317383,99
0.032959,99
0.0338745,99
0.0350952,99
0.0360107,99
0.0372314,99
0.0390625,99
0.0415039,99
0.0445557,99
0.0476074,99
0.0512695,99
0.0549316,99
0.0585938,99
0.062561,99
0.0665283,99
0.0704956,99
0.0747681,99
0.0787354,99
0.0823975,99
0.0848389,99
0.0872803,99
0.0888062,99
0.090332,99
0.0918579,99
0.0933838,99
0.0946045,99
0.0961304,99
0.0973511,99
0.0985718,99
0.0997925,99
0.100708,99
0.101929,99
0.102844,99
0.104065,99
0.105286,99
0.106812,99
0.108337,99
0.110168,99
0.11261,99
0.114746,99
0.117493,99
0.119934,99
0.122375,99
0.124512,99
0.126343,99
0.127869,99
0.128784,99
0.130005,99
0.13092,99
0.131836,99
0.132446,99
0.132751,99
0.133057,99
0.132751,99
0.131836,99
0.13092,99
0.129395,99
0.127563,99
0.125732,99
0.123596,99
0.12146,99
0.119324,99
0.117188,99
0.115662,99
0.114441,99
0.113525,99
0.11322,99
0.11261,99
0.112,99
0.111084,99
0.109558,99
0.107727,99
0.105286,99
0.102539,99
0.098877,99
0.0952148,99
0.0909424,99
0.0863647,99
0.0814819,99
0.0759888,99
0.0701904,99
0.0640869,99
0.057373,99
0.0506592,99
0.043335,99
0.0360107,99
0.0286865,99
0.0216675,99
0.0149536,99
0.00854492,99
0.00244141,99
-0.00366211,99
-0.00915527,99
-0.0146484,99
-0.0192261,99
-0.0234985,99
-0.0274658,99
-0.0311279,99
-0.0341797,99
-0.0372314,99
-0.0402832,99
-0.0430298,99
-0.0454712,99
-0.0476074,99
-0.0494385,99
-0.0509644,99
-0.0527954,99
-0.0546265,99
-0.0564575,99
-0.0579834,99
-0.0595093,99
-0.0610352,99
-0.0622559,99
-0.0637817,99
-0.0653076,99
-0.0668335,99
-0.0683594,99
-0.0698853,99
-0.0714111,99
-0.0726318,99
-0.0735474,99
-0.0741577,99
-0.0747681,99
-0.0750732,99
-0.0753784,99
-0.0759888,99
-0.0769043,99
-0.0784302,99
-0.0799561,99
-0.0814819,99
-0.0827026,99
-0.083313,99
-0.0839233,99
-0.0842285,99
-0.0842285,99
-0.0842285,99
-0.0842285,99
-0.0845337,99
-0.0842285,99
-0.083313,99
-0.0820923,99
-0.0808716,99
-0.0799561,99
-0.0793457,99
-0.0790405,99
-0.0790405,99
-0.0790405,99
-0.0790405,99
-0.0787354,99
-0.0787354,99
-0.0784302,99
-0.078125,99
-0.0775146,99
-0.0772095,99
-0.0769043,99
-0.0765991,99
-0.0762939,99
-0.0756836,99
-0.0750732,99
-0.0741577,99
-0.0732422,99
-0.0717163,99
-0.0704956,99
-0.0695801,99
-0.0692749,99
-0.0692749,99
-0.0695801,99
-0.0698853,99
-0.0704956,99
-0.0708008,99
-0.0708008,99
-0.071106,99
-0.0717163,99
-0.0723267,99
-0.0732422,99
-0.0741577,99
-0.0747681,99
-0.0753784,99
-0.0756836,99
-0.0759888,99
-0.0759888,99
-0.0753784,99
-0.0744629,99
-0.0735474,99
-0.0723267,99
-0.071106,99
-0.0698853,99
-0.0683594,99
-0.0671387,99
-0.0653076,99
-0.0637817,99
-0.0622559,99
-0.0610352,99
-0.0598145,99
-0.0588989,99
-0.0582886,99
-0.0579834,99
-0.0582886,99
-0.0588989,99
-0.0595093,99
-0.0604248,99
-0.0610352,99
-0.0616455,99
-0.062561,99
-0.0637817,99
-0.0650024,99
-0.0665283,99
-0.067749,99
-0.0683594,99
-0.0686646,99
-0.0683594,99
-0.067749,99
-0.0665283,99
-0.0650024,99
-0.0631714,99
-0.0613403,99
-0.0595093,99
-0.0576782,99
-0.0561523,99
-0.0549316,99
-0.0537109,99
-0.0527954,99
-0.0521851,99
-0.0518799,99
-0.0515747,99
-0.0512695,99
-0.0506592,99
-0.0500488,99
-0.0491333,99
-0.0485229,99
-0.0482178,99
-0.0479126,99
-0.0479126,99
-0.0482178,99
-0.0488281,99
-0.0494385,99
-0.050354,99
-0.0509644,99
-0.0518799,99
-0.0524902,99
-0.0531006,99
-0.0537109,99
-0.0537109,99
-0.0537109,99
-0.0531006,99
-0.0524902,99
-0.0512695,99
-0.0500488,99
-0.0488281,99
-0.0476074,99
-0.0469971,99
-0.0466919,99
-0.0463867,99
-0.0460815,99
-0.0457764,99
-0.0448608,99
-0.0436401,99
-0.0421143,99
-0.0405884,99
-0.0390625,99
-0.0372314,99
-0.0357056,99
-0.0344849,99
-0.0335693,99
-0.032959,99
-0.032959,99
-0.0326538,99
-0.0323486,99
-0.0317383,99
-0.0308228,99
-0.0302124,99
-0.0296021,99
-0.0292969,99
-0.0292969,99
-0.0296021,99
-0.0296021,99
-0.0296021,99
-0.0292969,99
-0.0292969,99
-0.0292969,99
-0.0292969,99
-0.0299072,99
-0.0308228,99
-0.0320435,99
-0.032959,99
-0.0335693,99
-0.0344849,99
-0.0350952,99
-0.0357056,99
-0.0366211,99
-0.0372314,99
-0.0378418,99
-0.0384521,99
-0.0390625,99
-0.039978,99
-0.0405884,99
-0.0411987,99
-0.0415039,99
-0.0415039,99
-0.0415039,99
-0.0415039,99
-0.0415039,99
-0.0415039,99
-0.0411987,99
-0.0408936,99
-0.0402832,99
-0.0396729,99
-0.0390625,99
-0.0384521,99
-0.0378418,99
-0.0378418,99
-0.038147,99
-0.0387573,99
-0.0390625,99
-0.0396729,99
-0.0402832,99
-0.0408936,99
-0.0415039,99
-0.0421143,99
-0.0424194,99
-0.0427246,99
-0.0430298,99
-0.043335,99
-0.0439453,99
-0.0445557,99
-0.045166,99
-0.0454712,99
-0.0457764,99
-0.0460815,99
-0.0466919,99
-0.0473022,99
-0.0482178,99
-0.0488281,99
-0.0491333,99
-0.0494385,99
-0.0494385,99
-0.0491333,99
-0.0485229,99
-0.0476074,99
-0.0466919,99
-0.045166,99
-0.0436401,99
-0.0424194,99
-0.0411987,99
-0.0402832,99
-0.0396729,99
-0.0393677,99
-0.0393677,99
-0.0390625,99
-0.0390625,99
-0.0387573,99
-0.0384521,99
-0.0378418,99
-0.0369263,99
-0.0360107,99
-0.0350952,99
-0.0341797,99
-0.0341797,99
-0.0350952,99
-0.0366211,99
-0.0387573,99
-0.0408936,99
-0.0424194,99
-0.0439453,99
-0.0445557,99
-0.0448608,99
-0.0448608,99
-0.0445557,99
-0.0439453,99
-0.0430298,99
-0.0418091,99
-0.0405884,99
-0.0387573,99
-0.0369263,99
-0.0350952,99
-0.0326538,99
-0.0299072,99
-0.0271606,99
-0.0241089,99
-0.020752,99
-0.0170898,99
-0.0131226,99
-0.00915527,99
-0.00549316,99
-0.00213623,99
0.0012207,99
0.00457764,99
0.00854492,99
0.0128174,99
0.017395,99
0.0222778,99
0.0268555,99
0.0314331,99
0.0360107,99
0.0402832,99
0.0445557,99
0.0491333,99
0.0534058,99
0.0576782,99
0.0622559,99
0.0665283,99
0.071106,99
0.0747681,99
0.078125,99
0.0808716,99
0.0827026,99
0.0836182,99
0.083313,99
0.0817871,99
0.0793457,99
0.0759888,99
0.0720215,99
0.0674438,99
0.062561,99
0.0576782,99
0.0527954,99
0.0476074,99
0.0427246,99
0.0375366,99
0.0323486,99
0.0271606,99
0.0219727,99
0.0167847,99
0.012207,99
0.00823975,99
0.00488281,99
0.00183105,99
-0.000305176,99
-0.00183105,99
-0.00305176,99
-0.00396729,99
-0.00488281,99
-0.00640869,99
-0.00854492,99
-0.0106812,99
-0.0134277,99
-0.0161743,99
-0.0189209,99
-0.0216675,99
-0.0247192,99
-0.027771,99
-0.0308228,99
-0.0338745,99
-0.0366211,99
-0.0393677,99
-0.0418091,99
-0.0442505,99
-0.0463867,99
-0.0482178,99
-0.050354,99
-0.0518799,99
-0.0534058,99
-0.0549316,99
-0.0558472,99
-0.0567627,99
-0.057373,99
-0.0576782,99
-0.0579834,99
-0.0582886,99
-0.0588989,99
-0.0595093,99
-0.0604248,99
-0.0616455,99
-0.0631714,99
-0.0643921,99
-0.0656128,99
-0.0671387,99
-0.0683594,99
-0.0695801,99
-0.0708008,99
-0.0720215,99
-0.0732422,99
-0.0744629,99
-0.0756836,99
-0.0769043,99
-0.078125,99
-0.0790405,99
-0.0796509,99
-0.0802612,99
-0.0805664,99
-0.0808716,99
-0.0808716,99
-0.0802612,99
-0.0796509,99
-0.0790405,99
-0.0784302,99
-0.078125,99
-0.0778198,99
-0.078125,99
-0.0784302,99
-0.0784302,99
-0.0784302,99
-0.0778198,99
-0.0769043,99
-0.0759888,99
-0.0747681,99
-0.0738525,99
-0.072937,99
-0.0720215,99
-0.071106,99
-0.0701904,99
-0.0689697,99
-0.0671387,99
-0.0650024,99
-0.0619507,99
-0.0579834,99
-0.0534058,99
-0.0479126,99
-0.0415039,99
-0.0344849,99
-0.0265503,99
-0.0170898,99
-0.00640869,99
0.00579834,99
0.0198364,99
0.0357056,99
0.0534058,99
0.0735474,99
0.0958252,99
0.119934,99
0.145874,99
0.17334,99
0.202332,99
0.232849,99
0.264282,99
0.296936,99
0.32959,99
0.361633,99
0.392456,99
0.420227,99
0.444336,99
0.463867,99
0.4776,99
0.484924,99
0.48584,99
0.480957,99
0.470276,99
0.454407,99
0.43335,99
0.40741,99
0.377502,99
0.343628,99
0.306091,99
0.266113,84
0.223694,84
0.180664,84
0.137329,84
0.0949097,84
0.0549316,84
0.0180054,84
-0.015564,84
-0.0445557,84
-0.0689697,84
-0.088501,84
-0.102844,84
-0.112305,84
-0.116882,84
-0.117188,84
-0.113831,84
-0.107727,84
-0.100098,84
-0.0909424,84
-0.0817871,84
-0.0720215,84
-0.0619507,84
-0.0521851,84
-0.0421143,84
-0.0326538,84
-0.0234985,84
-0.0158691,84
-0.00946045,84
-0.00427246,84
-0.000610352,84
0.00152588,84
0.00213623,84
0.00152588,84
0.000305176,84
-0.00152588,84
-0.00366211,84
-0.00579834,84
-0.00762939,84
-0.00976563,84
-0.012207,84
-0.0143433,84
-0.0170898,84
-0.0198364,84
-0.022583,84
-0.0253296,84
-0.0280762,84
-0.0305176,84
-0.0323486,84
-0.0338745,84
-0.0350952,84
-0.0360107,84
-0.0363159,84
-0.0360107,84
-0.03479,84
-0.0332642,84
-0.0314331,84
-0.0296021,84
-0.027771,84
-0.0262451,84
-0.0247192,84
-0.0234985,84
-0.0219727,84
-0.020752,84
-0.0198364,84
-0.0186157,84
-0.0177002,84
-0.0164795,84
-0.0158691,84
-0.015564,84
-0.015564,84
-0.0161743,84
-0.0170898,84
-0.0177002,84
-0.0186157,84
-0.0192261,84
-0.0198364,84
-0.0204468,84
-0.0210571,84
-0.0219727,84
-0.0228882,84
-0.0231934,84
-0.0228882,84
-0.0219727,84
-0.0204468,84
-0.0189209,84
-0.0177002,84
-0.0164795,84
-0.0152588,84
-0.0143433,84
-0.0137329,84
-0.0131226,84
-0.0128174,84
-0.0128174,84
-0.0131226,84
-0.0137329,84
-0.0140381,84
-0.0143433,84
-0.0143433,84
-0.0137329,84
-0.0134277,84
-0.0128174,84
-0.0119019,84
-0.0115967,84
-0.0109863,84
-0.0106812,84
-0.0106812,84
-0.0106812,84
-0.0106812,84
-0.0100708,84
-0.00946045,84
-0.00823975,84
-0.00701904,84
-0.00518799,84
-0.00305176,84
-0.000915527,84
0.0012207,84
0.00335693,84
0.00488281,84
0.00640869,84
0.00732422,84
0.00823975,84
0.0088501,84
0.00915527,84
0.00946045,84
0.0100708,84
0.0109863,84
0.012207,84
0.0137329,84
0.0152588,84
0.0164795,84
0.017395,84
0.0180054,84
0.0186157,84
0.0192261,84
0.0198364,84
0.0204468,84
0.0216675,84
0.0228882,84
0.0241089,84
0.0256348,84
0.0271606,84
0.0283813,84
0.0296021,84
0.0305176,84
0.0317383,84
0.032959,84
0.0344849,84
0.0357056,84
0.0366211,84
0.0372314,84
0.0378418,84
0.038147,84
0.0387573,84
0.0393677,84
0.0402832,84
0.0408936,84
0.0418091,84
0.0421143,84
0.0424194,84
0.0424194,84
0.0427246,84
0.043335,84
0.0442505,84
0.0454712,84
0.0469971,84
0.0491333,84
0.0512695,84
0.0537109,84
0.0564575,84
0.0588989,84
0.0613403,84
0.0637817,84
0.065918,84
0.067749,84
0.0698853,84
0.0720215,84
0.0741577,84
0.0765991,84
0.0790405,84
0.0811768,84
0.0830078,84
0.0845337,84
0.0857544,84
0.0866699,84
0.0872803,84
0.0878906,84
0.0881958,84
0.0881958,84
0.088501,84
0.0891113,84
0.090332,84
0.0921631,84
0.0946045,84
0.0973511,84
0.0997925,84
0.102539,84
0.10498,84
0.107727,84
0.110779,84
0.114441,84
0.118103,84
0.12207,84
0.125732,84
0.128784,84
0.131226,84
0.133667,84
0.135803,84
0.137939,84
0.140076,84
0.142212,84
0.144348,84
0.146179,84
0.14801,84
0.149536,84
0.151367,84
0.152588,84
0.154114,84
0.155029,84
0.15564,84
0.156555,84
0.157166,84
0.157776,84
0.158691,84
0.159302,84
0.159912,84
0.160522,84
0.161133,84
0.161438,84
0.162048,84
0.162354,84
0.162659,84
0.163269,84
0.163574,84
0.163879,84
0.164185,84
0.163879,84
0.163574,84
0.162659,84
0.161438,84
0.159912,84
0.158081,84
0.15625,84
0.154114,84
0.151978,84
0.149536,84
0.147095,84
0.144043,84
0.140686,84
0.136719,84
0.131836,84
0.126953,84
0.121155,84
0.115356,84
0.109558,84
0.103455,84
0.0970459,84
0.090332,84
0.0836182,84
0.0769043,84
0.0701904,84
0.0637817,84
0.0576782,84
0.0515747,84
0.0457764,84
0.0402832,84
0.0350952,84
0.0302124,84
0.0253296,84
0.020752,84
0.0161743,84
0.0115967,84
0.00762939,84
0.00366211,84
0,84
-0.00366211,84
-0.00671387,84
-0.00915527,84
-0.0115967,84
-0.0137329,84
-0.0158691,84
-0.0177002,84
-0.0198364,84
-0.0219727,84
-0.0244141,84
-0.0268555,84
-0.0292969,84
-0.0314331,84
-0.0335693,84
-0.03479,84
-0.0360107,84
-0.0372314,84
-0.0384521,84
-0.0393677,84
-0.0405884,84
-0.0418091,84
-0.043335,84
-0.0445557,84
-0.0454712,84
-0.0463867,84
-0.0469971,84
-0.0473022,84
-0.0473022,84
-0.0476074,84
-0.0482178,84
-0.0488281,84
-0.0494385,84
-0.050354,84
-0.0512695,84
-0.0518799,84
-0.0524902,84
-0.0531006,84
-0.0540161,84
-0.0549316,84
-0.0558472,84
-0.0570679,84
-0.0579834,84
-0.0588989,84
-0.0595093,84
-0.0601196,84
-0.06073,84
-0.0616455,84
-0.062561,84
-0.0634766,84
-0.0643921,84
-0.0653076,84
-0.065918,84
-0.0665283,84
-0.0665283,84
-0.0662231,84
-0.0656128,84
-0.0646973,84
-0.0637817,84
-0.062561,84
-0.0613403,84
-0.0598145,84
-0.0585938,84
-0.057373,84
-0.0564575,84
-0.055542,84
-0.0546265,84
-0.0537109,84
-0.0527954,84
-0.0515747,84
-0.050354,84
-0.0494385,84
-0.0491333,84
-0.0488281,84
-0.0491333,84
-0.0494385,84
-0.0497437,84
-0.0494385,84
-0.0491333,84
-0.0488281,84
-0.0485229,84
-0.0485229,84
-0.0482178,84
-0.0476074,84
-0.0466919,84
-0.0457764,84
-0.0445557,84
-0.0436401,84
-0.0430298,84
-0.0424194,84
-0.0421143,84
-0.0418091,84
-0.0415039,84
-0.0408936,84
-0.0402832,84
-0.039978,84
-0.039978,84
-0.0405884,84
-0.0415039,84
-0.0427246,84
-0.0439453,84
-0.0454712,84
-0.0466919,84
-0.0482178,84
-0.0494385,84
-0.050354,84
-0.0506592,84
-0.0506592,84
-0.0500488,84
-0.0494385,84
-0.0482178,84
-0.0466919,84
-0.0454712,84
-0.0439453,84
-0.0421143,84
-0.0405884,84
-0.0390625,84
-0.0375366,84
-0.0360107,84
-0.03479,84
-0.0335693,84
-0.0326538,84
-0.0323486,84
-0.0320435,84
-0.0320435,84
-0.0326538,84
-0.0335693,84
-0.03479,84
-0.0366211,84
-0.038147,84
-0.0396729,84
-0.0411987,84
-0.0421143,84
-0.0427246,84
-0.0427246,84
-0.0424194,84
-0.0421143,84
-0.0415039,84
-0.0408936,84
-0.0402832,84
-0.0393677,84
-0.0378418,84
-0.0363159,84
-0.0341797,84
-0.0317383,84
-0.0289917,84
-0.0262451,84
-0.0234985,84
-0.020752,84
-0.0186157,84
-0.0167847,84
-0.0152588,84
-0.0143433,84
-0.0134277,84
-0.0125122,84
-0.0119019,84
-0.0115967,84
-0.0115967,84
-0.0115967,84
-0.0112915,84
-0.0112915,84
-0.0109863,84
-0.0109863,84
-0.0109863,84
-0.0112915,84
-0.0115967,84
-0.012207,84
-0.0125122,84
-0.0131226,84
-0.0140381,84
-0.0149536,84
-0.0158691,84
-0.0164795,84
-0.017395,84
-0.0183105,84
-0.0192261,84
-0.0204468,84
-0.0210571,84
-0.0216675,84
-0.0222778,84
-0.0228882,84
-0.0228882,84
-0.0228882,84
-0.0228882,84
-0.022583,84
-0.0222778,84
-0.0219727,84
-0.0213623,84
-0.0204468,84
-0.0198364,84
-0.0186157,84
-0.017395,84
-0.0158691,84
-0.0140381,84
-0.0125122,84
-0.0106812,84
-0.0088501,84
-0.00762939,84
-0.00701904,84
-0.00640869,84
-0.00640869,84
-0.00671387,84
-0.00701904,84
-0.00762939,84
-0.00854492,84
-0.00946045,84
-0.0109863,84
-0.0128174,84
-0.0149536,84
-0.0170898,84
-0.0195313,84
-0.0222778,84
-0.0253296,84
-0.0283813,84
-0.0314331,84
-0.0341797,84
-0.0366211,84
-0.0387573,84
-0.0408936,84
-0.0421143,84
-0.0427246,84
-0.0427246,84
-0.0424194,84
-0.0421143,84
-0.0421143,84
-0.0424194,84
-0.0424194,84
-0.0424194,84
-0.0418091,84
-0.0411987,84
-0.0396729,84
-0.0378418,84
-0.0360107,84
-0.0338745,84
-0.0320435,84
-0.0305176,84
-0.0292969,84
-0.0286865,84
-0.0280762,84
-0.0280762,84
-0.0280762,84
-0.027771,84
-0.0274658,84
-0.0274658,84
-0.0271606,84
-0.0271606,84
-0.0268555,84
-0.0268555,84
-0.0265503,84
-0.0262451,84
-0.0259399,84
-0.0259399,84
-0.0262451,84
-0.0262451,84
-0.0265503,84
-0.0265503,84
-0.0268555,84
-0.0274658,84
-0.0280762,84
-0.0286865,84
-0.0292969,84
-0.0296021,84
-0.0299072,84
-0.0296021,84
-0.0292969,84
-0.0292969,84
-0.0292969,84
-0.0292969,84
-0.0292969,84
-0.0292969,84
-0.0289917,84
-0.0286865,84
-0.0283813,84
-0.0283813,84
-0.0286865,84
-0.0296021,84
-0.0305176,84
-0.0314331,84
-0.0320435,84
-0.0326538,84
-0.0332642,84
-0.0338745,84
-0.03479,84
-0.0354004,84
-0.0360107,84
-0.0360107,84
-0.0360107,84
-0.0354004,84
-0.03479,84
-0.0338745,84
-0.032959,84
-0.0317383,84
-0.0302124,84
-0.0280762,84
-0.0256348,84
-0.0228882,84
-0.020752,84
-0.0186157,84
-0.0170898,84
-0.0161743,84
-0.0158691,84
-0.0167847,84
-0.0177002,84
-0.0192261,84
-0.020752,84
-0.0219727,84
-0.0238037,84
-0.0259399,84
-0.0283813,84
-0.0311279,84
-0.0338745,84
-0.0366211,84
-0.0396729,84
-0.0424194,84
-0.0445557,84
-0.0463867,84
-0.0479126,84
-0.0491333,84
-0.0494385,84
-0.0494385,84
-0.0488281,84
-0.0476074,84
-0.0457764,84
-0.043335,84
-0.039978,84
-0.0360107,84
-0.0323486,84
-0.0286865,84
-0.0253296,84
-0.0219727,84
-0.0189209,84
-0.0158691,84
-0.0128174,84
-0.00976563,84
-0.00640869,84
-0.00274658,84
0.0012207,84
0.00518799,84
0.0088501,84
0.0125122,84
0.015564,84
0.0183105,84
0.0210571,84
0.0234985,84
0.0259399,84
0.0283813,84
0.0305176,84
0.0323486,84
0.0344849,84
0.0363159,84
0.038147,84
0.0402832,84
0.0424194,84
0.0448608,84
0.0469971,84
0.0497437,84
0.0524902,84
0.0552368,84
0.0582886,84
0.0610352,84
0.0634766,84
0.0656128,84
0.0674438,84
0.0692749,84
0.0704956,84
0.0717163,84
0.0723267,84
0.0726318,84
0.0726318,84
0.0726318,84
0.0726318,84
0.0723267,84
0.0717163,84
0.0708008,84
0.0695801,84
0.067749,84
0.0653076,84
0.062561,84
0.0592041,84
0.055542,84
0.0515747,84
0.0473022,84
0.0430298,84
0.0390625,84
0.0344849,84
0.0302124,84
0.0259399,84
0.0216675,84
0.017395,84
0.0134277,84
0.00946045,84
0.00549316,84
0.00183105,84
-0.00183105,84
-0.00549316,84
-0.0088501,84
-0.0119019,84
-0.0146484,84
-0.0170898,84
-0.0189209,84
-0.020752,84
-0.022583,84
-0.0241089,84
-0.0253296,84
-0.0265503,84
-0.0274658,84
-0.0286865,84
-0.0299072,84
-0.0314331,84
-0.0335693,84
-0.0360107,84
-0.0384521,84
-0.0408936,84
-0.0430298,84
-0.045166,84
-0.0473022,84
-0.0488281,84
-0.050354,84
-0.0515747,84
-0.0527954,84
-0.0540161,84
-0.055542,84
-0.0570679,84
-0.0585938,84
-0.0598145,84
-0.0604248,84
-0.06073,84
-0.0610352,84
-0.0613403,84
-0.0613403,84
-0.0613403,84
-0.0616455,84
-0.0616455,84
-0.0619507,84
-0.0622559,84
-0.062561,84
-0.0628662,84
-0.0631714,84
-0.0631714,84
-0.0631714,84
-0.0631714,84
-0.0628662,84
-0.0619507,84
-0.06073,84
-0.0595093,84
-0.0582886,84
-0.0570679,84
-0.0564575,84
-0.0558472,84
-0.0558472,84
-0.0561523,84
-0.0558472,84
-0.0558472,84
-0.055542,84
-0.0549316,84
-0.0546265,84
-0.0546265,84
-0.0549316,84
-0.055542,84
-0.0561523,84
-0.0570679,84
-0.0576782,84
-0.0582886,84
-0.0585938,84
-0.0585938,84
-0.0579834,84
-0.0567627,84
-0.0552368,84
-0.0527954,84
-0.0500488,84
-0.0466919,84
-0.0424194,84
-0.0372314,84
-0.0305176,84
-0.022583,84
-0.0128174,84
-0.0012207,84
0.012207,84
0.0274658,84
0.0442505,84
0.062561,84
0.0827026,84
0.10437,84
0.128174,84
0.154114,84
0.181885,84
0.211487,84
0.242615,84
0.274963,84
0.307922,84
0.340881,84
0.372314,84
0.401611,84
0.427856,84
0.449829,84
0.466309,84
0.476685,84
0.480652,84
0.478516,84
0.470276,84
0.456238,84
0.437317,84
0.413208,84
0.384827,84
0.352173,84
0.315857,84
0.276489,84
0.235291,77
0.192566,77
0.149536,77
0.107117,77
0.065918,77
0.0271606,77
-0.00823975,77
-0.0393677,77
-0.0653076,77
-0.0860596,77
-0.101318,77
-0.111389,77
-0.116577,77
-0.117188,77
-0.114136,77
-0.107727,77
-0.098877,77
-0.088501,77
-0.0772095,77
-0.065918,77
-0.0546265,77
-0.0439453,77
-0.0335693,77
-0.0238037,77
-0.0149536,77
-0.00701904,77
-0.000305176,77
0.00518799,77
0.0088501,77
0.0112915,77
0.012207,77
0.0125122,77
0.0119019,77
0.0109863,77
0.00976563,77
0.00793457,77
0.00610352,77
0.00427246,77
0.00213623,77
0.000305176,77
-0.00183105,77
-0.00366211,77
-0.00518799,77
-0.00701904,77
-0.0088501,77
-0.0112915,77
-0.0140381,77
-0.0170898,77
-0.0201416,77
-0.0231934,77
-0.0259399,77
-0.0283813,77
-0.0308228,77
-0.0326538,77
-0.0344849,77
-0.0360107,77
-0.0375366,77
-0.0384521,77
-0.0390625,77
-0.0393677,77
-0.0390625,77
-0.0384521,77
-0.0378418,77
-0.0372314,77
-0.0363159,77
-0.0354004,77
-0.0344849,77
-0.0332642,77
-0.0314331,77
-0.0292969,77
-0.0265503,77
-0.0241089,77
-0.0213623,77
-0.0192261,77
-0.017395,77
-0.015564,77
-0.0143433,77
-0.0131226,77
-0.012207,77
-0.0119019,77
-0.0112915,77
-0.0112915,77
-0.0109863,77
-0.0106812,77
-0.0106812,77
-0.010376,77
-0.00976563,77
-0.00946045,77
-0.0088501,77
-0.00854492,77
-0.00823975,77
-0.00823975,77
-0.00823975,77
-0.00793457,77
-0.00793457,77
-0.00732422,77
-0.00671387,77
-0.00549316,77
-0.00427246,77
-0.00274658,77
-0.0012207,77
0.000305176,77
0.00152588,77
0.00274658,77
0.00457764,77
0.00640869,77
0.00823975,77
0.0100708,77
0.0115967,77
0.0131226,77
0.0140381,77
0.0146484,77
0.0152588,77
0.015564,77
0.0161743,77
0.0167847,77
0.0177002,77
0.0186157,77
0.0195313,77
0.0201416,77
0.020752,77
0.020752,77
0.020752,77
0.0204468,77
0.0198364,77
0.0198364,77
0.0198364,77
0.0201416,77
0.0204468,77
0.020752,77
0.020752,77
0.020752,77
0.020752,77
0.020752,77
0.0210571,77
0.0213623,77
0.0216675,77
0.022583,77
0.0238037,77
0.0250244,77
0.0265503,77
0.027771,77
0.0286865,77
0.0296021,77
0.0305176,77
0.0317383,77
0.0332642,77
0.03479,77
0.0369263,77
0.0387573,77
0.0408936,77
0.0427246,77
0.0445557,77
0.0460815,77
0.0476074,77
0.0491333,77
0.0506592,77
0.0518799,77
0.0534058,77
0.0549316,77
0.0567627,77
0.0585938,77
0.0601196,77
0.0619507,77
0.0634766,77
0.0646973,77
0.065918,77
0.0668335,77
0.0680542,77
0.0692749,77
0.0704956,77
0.0720215,77
0.0738525,77
0.0756836,77
0.0772095,77
0.0784302,77
0.0790405,77
0.0796509,77
0.0802612,77
0.0808716,77
0.0817871,77
0.0827026,77
0.0836182,77
0.085144,77
0.0869751,77
0.0894165,77
0.0918579,77
0.0946045,77
0.0970459,77
0.0997925,77
0.102234,77
0.10498,77
0.108032,77
0.111084,77
0.114441,77
0.117798,77
0.12085,77
0.124207,77
0.127563,77
0.13092,77
0.133667,77
0.136414,77
0.13916,77
0.141296,77
0.143738,77
0.145874,77
0.14801,77
0.149841,77
0.151367,77
0.152588,77
0.153503,77
0.154419,77
0.15564,77
0.156555,77
0.157166,77
0.157776,77
0.158081,77
0.158386,77
0.158691,77
0.159302,77
0.159912,77
0.160828,77
0.161743,77
0.162964,77
0.16449,77
0.166321,77
0.167847,77
0.169067,77
0.169678,77
0.169373,77
0.168457,77
0.167236,77
0.16571,77
0.16449,77
0.163269,77
0.162048,77
0.161133,77
0.160217,77
0.158997,77
0.157471,77
0.155334,77
0.152588,77
0.149231,77
0.145874,77
0.141907,77
0.138245,77
0.134888,77
0.131226,77
0.127869,77
0.124207,77
0.120239,77
0.116272,77
0.112,77
0.107727,77
0.103149,77
0.098877,77
0.0942993,77
0.0897217,77
0.085144,77
0.0802612,77
0.0750732,77
0.0695801,77
0.0643921,77
0.0588989,77
0.0534058,77
0.0482178,77
0.0427246,77
0.0375366,77
0.0320435,77
0.0262451,77
0.0204468,77
0.0149536,77
0.00946045,77
0.00457764,77
-0.000305176,77
-0.00488281,77
-0.0088501,77
-0.0128174,77
-0.0161743,77
-0.0195313,77
-0.0222778,77
-0.0247192,77
-0.0268555,77
-0.0286865,77
-0.0305176,77
-0.0320435,77
-0.0335693,77
-0.0344849,77
-0.0354004,77
-0.0360107,77
-0.0363159,77
-0.0366211,77
-0.0366211,77
-0.0366211,77
-0.0369263,77
-0.0375366,77
-0.0378418,77
-0.038147,77
-0.0387573,77
-0.0393677,77
-0.0402832,77
-0.0415039,77
-0.0427246,77
-0.0442505,77
-0.0457764,77
-0.0473022,77
-0.0488281,77
-0.050354,77
-0.0515747,77
-0.0531006,77
-0.0540161,77
-0.0549316,77
-0.0552368,77
-0.055542,77
-0.0552368,77
-0.0552368,77
-0.0552368,77
-0.0552368,77
-0.0552368,77
-0.0549316,77
-0.0549316,77
-0.0549316,77
-0.0552368,77
-0.0558472,77
-0.0561523,77
-0.0558472,77
-0.055542,77
-0.0549316,77
-0.0537109,77
-0.0527954,77
-0.0521851,77
-0.0515747,77
-0.0518799,77
-0.0521851,77
-0.0531006,77
-0.0540161,77
-0.0552368,77
-0.0564575,77
-0.057373,77
-0.0585938,77
-0.0595093,77
-0.0604248,77
-0.0613403,77
-0.0619507,77
-0.062561,77
-0.0634766,77
-0.0640869,77
-0.0650024,77
-0.065918,77
-0.0668335,77
-0.0674438,77
-0.0680542,77
-0.0686646,77
-0.0689697,77
-0.0689697,77
-0.0689697,77
-0.0686646,77
-0.0680542,77
-0.0674438,77
-0.0662231,77
-0.0650024,77
-0.0634766,77
-0.0619507,77
-0.0604248,77
-0.0595093,77
-0.0585938,77
-0.0582886,77
-0.0576782,77
-0.0576782,77
-0.057373,77
-0.057373,77
-0.057373,77
-0.0576782,77
-0.0576782,77
-0.0576782,77
-0.0576782,77
-0.0576782,77
-0.0579834,77
-0.0579834,77
-0.0582886,77
-0.0585938,77
-0.0585938,77
-0.0588989,77
-0.0588989,77
-0.0585938,77
-0.0579834,77
-0.0570679,77
-0.0558472,77
-0.0546265,77
-0.0531006,77
-0.0512695,77
-0.0497437,77
-0.0482178,77
-0.0466919,77
-0.045166,77
-0.0436401,77
-0.0421143,77
-0.0405884,77
-0.0393677,77
-0.0387573,77
-0.038147,77
-0.038147,77
-0.0384521,77
-0.0387573,77
-0.0393677,77
-0.039978,77
-0.0402832,77
-0.0408936,77
-0.0418091,77
-0.0427246,77
-0.0439453,77
-0.045166,77
-0.0463867,77
-0.0469971,77
-0.0473022,77
-0.0469971,77
-0.0460815,77
-0.0448608,77
-0.043335,77
-0.0415039,77
-0.0393677,77
-0.0375366,77
-0.0354004,77
-0.032959,77
-0.0308228,77
-0.0289917,77
-0.0271606,77
-0.0253296,77
-0.0238037,77
-0.0222778,77
-0.020752,77
-0.0198364,77
-0.0192261,77
-0.0192261,77
-0.0195313,77
-0.0201416,77
-0.0210571,77
-0.0219727,77
-0.0231934,77
-0.0244141,77
-0.0256348,77
-0.0271606,77
-0.0283813,77
-0.0296021,77
-0.0302124,77
-0.0308228,77
-0.0308228,77
-0.0311279,77
-0.0311279,77
-0.0311279,77
-0.0308228,77
-0.0305176,77
-0.0302124,77
-0.0299072,77
-0.0302124,77
-0.0302124,77
-0.0305176,77
-0.0308228,77
-0.0311279,77
-0.0311279,77
-0.0308228,77
-0.0305176,77
-0.0302124,77
-0.0296021,77
-0.0292969,77
-0.0289917,77
-0.0286865,77
-0.0283813,77
-0.0280762,77
-0.0274658,77
-0.0271606,77
-0.0271606,77
-0.0271606,77
-0.027771,77
-0.0280762,77
-0.0286865,77
-0.0289917,77
-0.0296021,77
-0.0299072,77
-0.0302124,77
-0.0305176,77
-0.0311279,77
-0.0320435,77
-0.032959,77
-0.0341797,77
-0.0357056,77
-0.0372314,77
-0.0384521,77
-0.0396729,77
-0.0408936,77
-0.0415039,77
-0.0421143,77
-0.0424194,77
-0.0424194,77
-0.0424194,77
-0.0424194,77
-0.0424194,77
-0.0421143,77
-0.0418091,77
-0.0415039,77
-0.0411987,77
-0.0408936,77
-0.0408936,77
-0.0411987,77
-0.0415039,77
-0.0421143,77
-0.0424194,77
-0.0424194,77
-0.0418091,77
-0.0411987,77
-0.039978,77
-0.0387573,77
-0.0378418,77
-0.0366211,77
-0.0357056,77
-0.0341797,77
-0.032959,77
-0.0314331,77
-0.0302124,77
-0.0296021,77
-0.0292969,77
-0.0292969,77
-0.0292969,77
-0.0296021,77
-0.0296021,77
-0.0296021,77
-0.0299072,77
-0.0305176,77
-0.0317383,77
-0.032959,77
-0.03479,77
-0.0366211,77
-0.0384521,77
-0.039978,77
-0.0415039,77
-0.0424194,77
-0.0430298,77
-0.043335,77
-0.0436401,77
-0.0436401,77
-0.0436401,77
-0.0436401,77
-0.0436401,77
-0.0436401,77
-0.0436401,77
-0.043335,77
-0.0427246,77
-0.0424194,77
-0.0421143,77
-0.0418091,77
-0.0418091,77
-0.0421143,77
-0.0421143,77
-0.0427246,77
-0.0430298,77
-0.0436401,77
-0.0442505,77
-0.0445557,77
-0.0445557,77
-0.0442505,77
-0.0439453,77
-0.0436401,77
-0.043335,77
-0.043335,77
-0.0430298,77
-0.0427246,77
-0.0424194,77
-0.0421143,77
-0.0421143,77
-0.0421143,77
-0.0421143,77
-0.0424194,77
-0.0427246,77
-0.0430298,77
-0.043335,77
-0.0436401,77
-0.0436401,77
-0.0436401,77
-0.0436401,77
-0.0442505,77
-0.0448608,77
-0.0460815,77
-0.0473022,77
-0.0482178,77
-0.0488281,77
-0.0491333,77
-0.0488281,77
-0.0482178,77
-0.0476074,77
-0.0469971,77
-0.0460815,77
-0.0454712,77
-0.0448608,77
-0.0442505,77
-0.0436401,77
-0.0430298,77
-0.0424194,77
-0.0418091,77
-0.0415039,77
-0.0411987,77
-0.0411987,77
-0.0408936,77
-0.0405884,77
-0.0402832,77
-0.0396729,77
-0.0393677,77
-0.0390625,77
-0.0390625,77
-0.0387573,77
-0.0384521,77
-0.038147,77
-0.0378418,77
-0.0372314,77
-0.0363159,77
-0.0357056,77
-0.03479,77
-0.0338745,77
-0.032959,77
-0.0326538,77
-0.0323486,77
-0.0320435,77
-0.0314331,77
-0.0305176,77
-0.0292969,77
-0.0283813,77
-0.0274658,77
-0.0268555,77
-0.0265503,77
-0.0259399,77
-0.0253296,77
-0.0247192,77
-0.0238037,77
-0.0228882,77
-0.0216675,77
-0.0201416,77
-0.0189209,77
-0.017395,77
-0.0158691,77
-0.0140381,77
-0.012207,77
-0.0100708,77
-0.00762939,77
-0.00457764,77
-0.00152588,77
0.00152588,77
0.00457764,77
0.00762939,77
0.0106812,77
0.0134277,77
0.0161743,77
0.0189209,77
0.0213623,77
0.0241089,77
0.0271606,77
0.0299072,77
0.032959,77
0.0360107,77
0.0387573,77
0.0415039,77
0.0439453,77
0.0454712,77
0.0469971,77
0.0479126,77
0.0485229,77
0.0488281,77
0.0488281,77
0.0488281,77
0.0485229,77
0.0479126,77
0.0473022,77
0.0460815,77
0.0448608,77
0.043335,77
0.0415039,77
0.0396729,77
0.0375366,77
0.0350952,77
0.0323486,77
0.0296021,77
0.0268555,77
0.0241089,77
0.0216675,77
0.0195313,77
0.0177002,77
0.0158691,77
0.0140381,77
0.0125122,77
0.0106812,77
0.0088501,77
0.00701904,77
0.00488281,77
0.00244141,77
0.000305176,77
-0.0012207,77
-0.00244141,77
-0.00335693,77
-0.00335693,77
-0.00366211,77
-0.00396729,77
-0.00427246,77
-0.00518799,77
-0.00640869,77
-0.00823975,77
-0.0106812,77
-0.0137329,77
-0.017395,77
-0.0210571,77
-0.0247192,77
-0.0283813,77
-0.0317383,77
-0.0354004,77
-0.0387573,77
-0.0421143,77
-0.045166,77
-0.0482178,77
-0.0515747,77
-0.0549316,77
-0.0585938,77
-0.0616455,77
-0.0646973,77
-0.0674438,77
-0.0695801,77
-0.071106,77
-0.0720215,77
-0.0720215,77
-0.0717163,77
-0.0708008,77
-0.0689697,77
-0.0671387,77
-0.0650024,77
-0.0628662,77
-0.0613403,77
-0.0604248,77
-0.0598145,77
-0.0598145,77
-0.0601196,77
-0.0604248,77
-0.0610352,77
-0.0616455,77
-0.0622559,77
-0.0631714,77
-0.0640869,77
-0.0646973,77
-0.0650024,77
-0.0650024,77
-0.0650024,77
-0.0646973,77
-0.0640869,77
-0.0637817,77
-0.0634766,77
-0.0631714,77
-0.0628662,77
-0.062561,77
-0.0622559,77
-0.0619507,77
-0.0616455,77
-0.0610352,77
-0.0604248,77
-0.0601196,77
-0.0601196,77
-0.0604248,77
-0.06073,77
-0.0616455,77
-0.0628662,77
-0.0640869,77
-0.0653076,77
-0.065918,77
-0.0662231,77
-0.0656128,77
-0.0646973,77
-0.0628662,77
-0.06073,77
-0.057373,77
-0.0531006,77
-0.0476074,77
-0.0405884,77
-0.0317383,77
-0.0216675,77
-0.0100708,77
0.00335693,77
0.0180054,77
0.03479,77
0.0534058,77
0.0741577,77
0.0970459,77
0.121765,77
0.148315,77
0.176697,77
0.206604,77
0.237732,77
0.26947,77
0.301514,77
0.332642,77
0.362854,77
0.390625,77
0.415955,77
0.437317,77
0.453796,77
0.465088,77
0.470276,77
0.469666,77
0.463257,77
0.45105,77
0.433044,77
0.409851,77
0.381775,77
0.349121,77
0.31311,77
0.274048,77
0.232544,74
0.189514,74
0.145569,74
0.101624,74
0.0585938,74
0.0180054,74
-0.0195313,74
-0.0524902,74
-0.0808716,74
-0.10376,74
-0.12146,74
-0.133667,74
-0.140991,74
-0.143433,74
-0.141602,74
-0.136108,74
-0.127869,74
-0.117493,74
-0.105896,74
-0.0939941,74
-0.0814819,74
-0.0689697,74
-0.0567627,74
-0.045166,74
-0.0344849,74
-0.0253296,74
-0.0177002,74
-0.0115967,74
-0.00701904,74
-0.00396729,74
-0.00213623,74
-0.00183105,74
-0.00213623,74
-0.00335693,74
-0.00549316,74
-0.00793457,74
-0.0106812,74
-0.0140381,74
-0.0170898,74
-0.0204468,74
-0.0238037,74
-0.0265503,74
-0.0292969,74
-0.0317383,74
-0.0338745,74
-0.0360107,74
-0.0375366,74
-0.0390625,74
-0.0402832,74
-0.0408936,74
-0.0415039,74
-0.0415039,74
-0.0415039,74
-0.0408936,74
-0.039978,74
-0.0390625,74
-0.038147,74
-0.0372314,74
-0.0366211,74
-0.0360107,74
-0.0354004,74
-0.0344849,74
-0.0341797,74
-0.0335693,74
-0.032959,74
-0.0326538,74
-0.0323486,74
-0.0323486,74
-0.0326538,74
-0.0332642,74
-0.0338745,74
-0.03479,74
-0.0357056,74
-0.0363159,74
-0.0369263,74
-0.0375366,74
-0.0378418,74
-0.038147,74
-0.0378418,74
-0.0372314,74
-0.0363159,74
-0.0350952,74
-0.0332642,74
-0.0311279,74
-0.0286865,74
-0.0256348,74
-0.022583,74
-0.0198364,74
-0.0170898,74
-0.0149536,74
-0.0131226,74
-0.012207,74
-0.0112915,74
-0.010376,74
-0.00976563,74
-0.00915527,74
-0.0088501,74
-0.00854492,74
-0.0088501,74
-0.00976563,74
-0.0106812,74
-0.0119019,74
-0.0131226,74
-0.0137329,74
-0.0140381,74
-0.0137329,74
-0.0131226,74
-0.012207,74
-0.0112915,74
-0.0100708,74
-0.0088501,74
-0.00762939,74
-0.00640869,74
-0.00518799,74
-0.00335693,74
-0.0012207,74
0.000915527,74
0.00335693,74
0.00579834,74
0.00762939,74
0.00946045,74
0.0109863,74
0.012207,74
0.0134277,74
0.0146484,74
0.0152588,74
0.015564,74
0.0152588,74
0.0140381,74
0.0125122,74
0.0109863,74
0.00946045,74
0.00793457,74
0.00671387,74
0.00610352,74
0.00579834,74
0.00579834,74
0.00579834,74
0.00549316,74
0.00518799,74
0.00488281,74
0.00427246,74
0.00396729,74
0.00427246,74
0.00488281,74
0.00579834,74
0.00732422,74
0.00946045,74
0.0115967,74
0.0140381,74
0.0167847,74
0.0192261,74
0.0213623,74
0.0238037,74
0.0259399,74
0.0283813,74
0.0308228,74
0.0335693,74
0.0366211,74
0.0396729,74
0.0430298,74
0.0460815,74
0.0485229,74
0.050354,74
0.0518799,74
0.0531006,74
0.0540161,74
0.0552368,74
0.0558472,74
0.0564575,74
0.0570679,74
0.0570679,74
0.057373,74
0.0579834,74
0.0585938,74
0.0595093,74
0.0610352,74
0.062561,74
0.0637817,74
0.0646973,74
0.0653076,74
0.0656128,74
0.065918,74
0.0665283,74
0.0674438,74
0.0686646,74
0.0701904,74
0.0723267,74
0.0747681,74
0.0772095,74
0.0799561,74
0.0827026,74
0.0857544,74
0.0881958,74
0.0909424,74
0.0933838,74
0.0958252,74
0.0985718,74
0.101624,74
0.10437,74
0.106812,74
0.109253,74
0.111694,74
0.114441,74
0.117188,74
0.120239,74
0.123596,74
0.126953,74
0.1297,74
0.132141,74
0.133667,74
0.134888,74
0.135803,74
0.136414,74
0.136719,74
0.137024,74
0.137329,74
0.137634,74
0.138245,74
0.138245,74
0.13855,74
0.13855,74
0.138855,74
0.139465,74
0.140076,74
0.140991,74
0.141602,74
0.141907,74
0.142517,74
0.143127,74
0.143433,74
0.144043,74
0.144653,74
0.144958,74
0.145569,74
0.146179,74
0.14679,74
0.147095,74
0.1474,74
0.147095,74
0.145874,74
0.144043,74
0.141602,74
0.138245,74
0.134277,74
0.130005,74
0.125427,74
0.12085,74
0.116577,74
0.112,74
0.107117,74
0.102234,74
0.0973511,74
0.0927734,74
0.0881958,74
0.0836182,74
0.0793457,74
0.0753784,74
0.0720215,74
0.0686646,74
0.0656128,74
0.0619507,74
0.0582886,74
0.0537109,74
0.0491333,74
0.0442505,74
0.0393677,74
0.03479,74
0.0302124,74
0.0253296,74
0.0210571,74
0.0164795,74
0.0119019,74
0.00762939,74
0.00335693,74
-0.000915527,74
-0.00549316,74
-0.010376,74
-0.0152588,74
-0.0198364,74
-0.0244141,74
-0.0280762,74
-0.0314331,74
-0.03479,74
-0.0375366,74
-0.0402832,74
-0.0427246,74
-0.0448608,74
-0.0469971,74
-0.0491333,74
-0.0509644,74
-0.0531006,74
-0.0552368,74
-0.0576782,74
-0.0601196,74
-0.0628662,74
-0.0656128,74
-0.0680542,74
-0.0701904,74
-0.0723267,74
-0.0744629,74
-0.0762939,74
-0.0778198,74
-0.0790405,74
-0.0796509,74
-0.0802612,74
-0.0802612,74
-0.0799561,74
-0.0790405,74
-0.0775146,74
-0.0756836,74
-0.0738525,74
-0.0723267,74
-0.071106,74
-0.0704956,74
-0.0701904,74
-0.0698853,74
-0.0692749,74
-0.0686646,74
-0.067749,74
-0.0671387,74
-0.0665283,74
-0.065918,74
-0.0656128,74
-0.0656128,74
-0.065918,74
-0.0665283,74
-0.0674438,74
-0.0683594,74
-0.0692749,74
-0.0704956,74
-0.0717163,74
-0.072937,74
-0.0744629,74
-0.0753784,74
-0.0762939,74
-0.0769043,74
-0.0775146,74
-0.0778198,74
-0.078125,74
-0.0787354,74
-0.0793457,74
-0.0796509,74
-0.0799561,74
-0.0802612,74
-0.0805664,74
-0.0808716,74
-0.0808716,74
-0.0805664,74
-0.0799561,74
-0.0787354,74
-0.0775146,74
-0.0759888,74
-0.0750732,74
-0.0747681,74
-0.0750732,74
-0.0750732,74
-0.0753784,74
-0.0756836,74
-0.0759888,74
-0.0762939,74
-0.0762939,74
-0.0765991,74
-0.0765991,74
-0.0765991,74
-0.0765991,74
-0.0772095,74
-0.078125,74
-0.0790405,74
-0.0796509,74
-0.0805664,74
-0.0808716,74
-0.0808716,74
-0.0802612,74
-0.0796509,74
-0.0787354,74
-0.0775146,74
-0.0759888,74
-0.0744629,74
-0.0726318,74
-0.0708008,74
-0.0689697,74
-0.0671387,74
-0.0656128,74
-0.0640869,74
-0.0628662,74
-0.0616455,74
-0.06073,74
-0.0595093,74
-0.0585938,74
-0.057373,74
-0.0564575,74
-0.055542,74
-0.0546265,74
-0.0537109,74
-0.0527954,74
-0.0515747,74
-0.0506592,74
-0.0497437,74
-0.0488281,74
-0.0485229,74
-0.0479126,74
-0.0473022,74
-0.0463867,74
-0.0457764,74
-0.0448608,74
-0.0442505,74
-0.0430298,74
-0.0415039,74
-0.0396729,74
-0.0378418,74
-0.0366211,74
-0.0357056,74
-0.0350952,74
-0.03479,74
-0.03479,74
-0.03479,74
-0.0344849,74
-0.0341797,74
-0.0335693,74
-0.032959,74
-0.0323486,74
-0.0320435,74
-0.0320435,74
-0.0323486,74
-0.032959,74
-0.0335693,74
-0.0341797,74
-0.0350952,74
-0.0357056,74
-0.0363159,74
-0.0372314,74
-0.038147,74
-0.0393677,74
-0.0408936,74
-0.0421143,74
-0.043335,74
-0.0445557,74
-0.0454712,74
-0.0466919,74
-0.0473022,74
-0.0482178,74
-0.0488281,74
-0.0491333,74
-0.0491333,74
-0.0491333,74
-0.0491333,74
-0.0488281,74
-0.0482178,74
-0.0476074,74
-0.0469971,74
-0.0460815,74
-0.045166,74
-0.0439453,74
-0.0430298,74
-0.0418091,74
-0.0405884,74
-0.0390625,74
-0.0378418,74
-0.0366211,74
-0.0354004,74
-0.0341797,74
-0.032959,74
-0.0320435,74
-0.0311279,74
-0.0305176,74
-0.0302124,74
-0.0299072,74
-0.0296021,74
-0.0292969,74
-0.0286865,74
-0.027771,74
-0.0271606,74
-0.0265503,74
-0.0262451,74
-0.0265503,74
-0.0274658,74
-0.0286865,74
-0.0296021,74
-0.0302124,74
-0.0311279,74
-0.0317383,74
-0.0323486,74
-0.0332642,74
-0.0341797,74
-0.0350952,74
-0.0360107,74
-0.0366211,74
-0.0369263,74
-0.0375366,74
-0.0378418,74
-0.0384521,74
-0.0390625,74
-0.0393677,74
-0.0396729,74
-0.0393677,74
-0.0390625,74
-0.0384521,74
-0.0378418,74
-0.0366211,74
-0.0357056,74
-0.0344849,74
-0.0335693,74
-0.0323486,74
-0.0314331,74
-0.0305176,74
-0.0299072,74
-0.0292969,74
-0.0286865,74
-0.0280762,74
-0.027771,74
-0.027771,74
-0.0280762,74
-0.0289917,74
-0.0299072,74
-0.0308228,74
-0.0320435,74
-0.032959,74
-0.0338745,74
-0.0350952,74
-0.0360107,74
-0.0372314,74
-0.0384521,74
-0.0396729,74
-0.0408936,74
-0.0418091,74
-0.0427246,74
-0.043335,74
-0.0439453,74
-0.0439453,74
-0.0439453,74
-0.0436401,74
-0.0436401,74
-0.0430298,74
-0.0424194,74
-0.0415039,74
-0.0402832,74
-0.0393677,74
-0.0384521,74
-0.0378418,74
-0.0378418,74
-0.0378418,74
-0.038147,74
-0.0387573,74
-0.0390625,74
-0.0393677,74
-0.039978,74
-0.0405884,74
-0.0411987,74
-0.0421143,74
-0.0430298,74
-0.0436401,74
-0.0439453,74
-0.0445557,74
-0.0448608,74
-0.0448608,74
-0.045166,74
-0.045166,74
-0.045166,74
-0.0448608,74
-0.0448608,74
-0.0445557,74
-0.0442505,74
-0.0439453,74
-0.0430298,74
-0.0421143,74
-0.0405884,74
-0.0390625,74
-0.0378418,74
-0.0366211,74
-0.0360107,74
-0.0357056,74
-0.0357056,74
-0.0354004,74
-0.0350952,74
-0.0341797,74
-0.0335693,74
-0.0326538,74
-0.0317383,74
-0.0308228,74
-0.0302124,74
-0.0296021,74
-0.0292969,74
-0.0289917,74
-0.0283813,74
-0.027771,74
-0.0268555,74
-0.0259399,74
-0.0247192,74
-0.0234985,74
-0.0216675,74
-0.0198364,74
-0.0180054,74
-0.0158691,74
-0.0134277,74
-0.0106812,74
-0.00762939,74
-0.00427246,74
-0.000610352,74
0.00305176,74
0.00640869,74
0.00976563,74
0.0128174,74
0.0158691,74
0.0186157,74
0.0216675,74
0.0244141,74
0.0274658,74
0.0299072,74
0.0317383,74
0.0335693,74
0.03479,74
0.0357056,74
0.0366211,74
0.0372314,74
0.038147,74
0.0387573,74
0.0396729,74
0.0405884,74
0.0418091,74
0.0427246,74
0.0436401,74
0.0445557,74
0.045166,74
0.0457764,74
0.0466919,74
0.0476074,74
0.0482178,74
0.0485229,74
0.0482178,74
0.0479126,74
0.0469971,74
0.0460815,74
0.045166,74
0.0442505,74
0.043335,74
0.0418091,74
0.0402832,74
0.0387573,74
0.0366211,74
0.0341797,74
0.0314331,74
0.0283813,74
0.0256348,74
0.022583,74
0.0198364,74
0.017395,74
0.015564,74
0.0137329,74
0.012207,74
0.0106812,74
0.0088501,74
0.00671387,74
0.00457764,74
0.00244141,74
0.000610352,74
-0.0012207,74
-0.00305176,74
-0.00457764,74
-0.00610352,74
-0.00762939,74
-0.00946045,74
-0.0112915,74
-0.0134277,74
-0.0158691,74
-0.0186157,74
-0.0216675,74
-0.0247192,74
-0.027771,74
-0.0311279,74
-0.0341797,74
-0.0369263,74
-0.0396729,74
-0.0421143,74
-0.0442505,74
-0.0463867,74
-0.0485229,74
-0.0506592,74
-0.0527954,74
-0.0549316,74
-0.0564575,74
-0.0582886,74
-0.0598145,74
-0.0613403,74
-0.0628662,74
-0.0640869,74
-0.0650024,74
-0.0656128,74
-0.065918,74
-0.0656128,74
-0.0650024,74
-0.0643921,74
-0.0640869,74
-0.0640869,74
-0.0640869,74
-0.0640869,74
-0.0637817,74
-0.0637817,74
-0.0634766,74
-0.0631714,74
-0.062561,74
-0.0619507,74
-0.0610352,74
-0.0601196,74
-0.0588989,74
-0.0576782,74
-0.0561523,74
-0.0546265,74
-0.0531006,74
-0.0518799,74
-0.0506592,74
-0.050354,74
-0.0500488,74
-0.050354,74
-0.0506592,74
-0.0512695,74
-0.0515747,74
-0.0521851,74
-0.0524902,74
-0.0527954,74
-0.0534058,74
-0.0543213,74
-0.0552368,74
-0.0564575,74
-0.057373,74
-0.0579834,74
-0.0582886,74
-0.0579834,74
-0.0570679,74
-0.055542,74
-0.0531006,74
-0.0497437,74
-0.0448608,74
-0.0390625,74
-0.0317383,74
-0.022583,74
-0.0119019,74
0.000915527,74
0.0158691,74
0.0335693,74
0.0534058,74
0.0753784,74
0.0991821,74
0.124817,74
0.152283,74
0.18158,74
0.212402,74
0.245056,74
0.278931,74
0.313721,74
0.3479,74
0.381165,74
0.412598,74
0.440979,74
0.465698,74
0.485229,74
0.498657,74
0.505676,74
0.506287,74
0.499878,74
0.487366,74
0.46875,74
0.444336,74
0.414734,74
0.379944,74
0.341187,74
0.298767,74
0.253601,78
0.206604,78
0.158691,78
0.110779,78
0.0640869,78
0.0198364,78
-0.0210571,78
-0.0576782,78
-0.0891113,78
-0.114746,78
-0.134583,78
-0.148621,78
-0.15686,78
-0.159912,78
-0.158691,78
-0.153503,78
-0.144958,78
-0.133362,78
-0.119934,78
-0.105286,78
-0.0897217,78
-0.0738525,78
-0.0582886,78
-0.0436401,78
-0.0302124,78
-0.0192261,78
-0.0100708,78
-0.00335693,78
0.00152588,78
0.00427246,78
0.00579834,78
0.00579834,78
0.00488281,78
0.00335693,78
0.0012207,78
-0.000915527,78
-0.00366211,78
-0.00610352,78
-0.0088501,78
-0.0115967,78
-0.0137329,78
-0.015564,78
-0.0167847,78
-0.0170898,78
-0.0167847,78
-0.0161743,78
-0.0158691,78
-0.015564,78
-0.015564,78
-0.0158691,78
-0.0161743,78
-0.0164795,78
-0.0167847,78
-0.0167847,78
-0.0170898,78
-0.0177002,78
-0.0183105,78
-0.0189209,78
-0.0195313,78
-0.0201416,78
-0.020752,78
-0.0213623,78
-0.0222778,78
-0.0231934,78
-0.0241089,78
-0.0250244,78
-0.0256348,78
-0.0259399,78
-0.0259399,78
-0.0256348,78
-0.0247192,78
-0.0234985,78
-0.0216675,78
-0.0198364,78
-0.0180054,78
-0.0161743,78
-0.0143433,78
-0.0134277,78
-0.0125122,78
-0.0119019,78
-0.0112915,78
-0.0106812,78
-0.0100708,78
-0.00946045,78
-0.00854492,78
-0.00823975,78
-0.00793457,78
-0.00762939,78
-0.00762939,78
-0.00732422,78
-0.00701904,78
-0.00671387,78
-0.00640869,78
-0.00671387,78
-0.00701904,78
-0.00701904,78
-0.00732422,78
-0.00701904,78
-0.00640869,78
-0.00549316,78
-0.00488281,78
-0.00427246,78
-0.00427246,78
-0.00427246,78
-0.00427246,78
-0.00427246,78
-0.00396729,78
-0.00335693,78
-0.00244141,78
-0.0012207,78
0,78
0.000915527,78
0.00183105,78
0.00274658,78
0.00335693,78
0.00457764,78
0.00640869,78
0.00854492,78
0.0112915,78
0.0140381,78
0.0161743,78
0.0180054,78
0.0192261,78
0.0204468,78
0.0216675,78
0.022583,78
0.0238037,78
0.0250244,78
0.0262451,78
0.0274658,78
0.0283813,78
0.0289917,78
0.0296021,78
0.0302124,78
0.0311279,78
0.0317383,78
0.0326538,78
0.0338745,78
0.0350952,78
0.0363159,78
0.0378418,78
0.0390625,78
0.0405884,78
0.0415039,78
0.0427246,78
0.0436401,78
0.0448608,78
0.0460815,78
0.0473022,78
0.0488281,78
0.0506592,78
0.0521851,78
0.0537109,78
0.0546265,78
0.0552368,78
0.055542,78
0.0561523,78
0.0564575,78
0.0570679,78
0.0570679,78
0.057373,78
0.057373,78
0.0579834,78
0.0588989,78
0.0601196,78
0.0616455,78
0.0634766,78
0.0653076,78
0.0671387,78
0.0689697,78
0.0708008,78
0.0726318,78
0.0744629,78
0.0765991,78
0.0784302,78
0.0802612,78
0.0820923,78
0.0839233,78
0.0857544,78
0.0875854,78
0.0894165,78
0.0912476,78
0.0930786,78
0.0946045,78
0.0964355,78
0.0976563,78
0.0991821,78
0.101013,78
0.103149,78
0.105591,78
0.108337,78
0.110779,78
0.112915,78
0.114746,78
0.116272,78
0.117798,78
0.119629,78
0.121765,78
0.123901,78
0.126343,78
0.129089,78
0.131836,78
0.134583,78
0.137329,78
0.139771,78
0.142212,78
0.144348,78
0.146179,78
0.14801,78
0.149841,78
0.151672,78
0.153503,78
0.15564,78
0.157776,78
0.159912,78
0.161743,78
0.163269,78
0.164795,78
0.166321,78
0.167542,78
0.169067,78
0.169983,78
0.170898,78
0.171204,78
0.171814,78
0.172119,78
0.173035,78
0.17395,78
0.174866,78
0.175781,78
0.176392,78
0.177307,78
0.177612,78
0.177917,78
0.177917,78
0.177612,78
0.177307,78
0.176392,78
0.175476,78
0.174255,78
0.172729,78
0.170593,78
0.167847,78
0.16449,78
0.160828,78
0.15686,78
0.152283,78
0.14801,78
0.143738,78
0.139465,78
0.135193,78
0.130615,78
0.125732,78
0.120544,78
0.115356,78
0.109863,78
0.10437,78
0.098877,78
0.093689,78
0.0891113,78
0.085144,78
0.0817871,78
0.0784302,78
0.0747681,78
0.0704956,78
0.0656128,78
0.0604248,78
0.0549316,78
0.0491333,78
0.043335,78
0.0378418,78
0.0326538,78
0.0271606,78
0.0219727,78
0.0167847,78
0.0115967,78
0.00671387,78
0.00183105,78
-0.00244141,78
-0.00610352,78
-0.00976563,78
-0.0131226,78
-0.0161743,78
-0.0192261,78
-0.0222778,78
-0.0244141,78
-0.0262451,78
-0.027771,78
-0.0289917,78
-0.0302124,78
-0.0311279,78
-0.0320435,78
-0.032959,78
-0.0341797,78
-0.0354004,78
-0.0372314,78
-0.0390625,78
-0.0411987,78
-0.043335,78
-0.045166,78
-0.0469971,78
-0.0488281,78
-0.0500488,78
-0.0512695,78
-0.0524902,78
-0.0537109,78
-0.0549316,78
-0.0558472,78
-0.0561523,78
-0.0564575,78
-0.0561523,78
-0.0558472,78
-0.0552368,78
-0.0546265,78
-0.0540161,78
-0.0534058,78
-0.0531006,78
-0.0527954,78
-0.0531006,78
-0.0534058,78
-0.0537109,78
-0.0546265,78
-0.0558472,78
-0.0567627,78
-0.0579834,78
-0.0588989,78
-0.0601196,78
-0.0610352,78
-0.0622559,78
-0.0631714,78
-0.0640869,78
-0.0650024,78
-0.0662231,78
-0.0674438,78
-0.0683594,78
-0.0695801,78
-0.0704956,78
-0.0708008,78
-0.071106,78
-0.071106,78
-0.0708008,78
-0.0704956,78
-0.0698853,78
-0.0695801,78
-0.0692749,78
-0.0689697,78
-0.0689697,78
-0.0689697,78
-0.0689697,78
-0.0689697,78
-0.0686646,78
-0.0680542,78
-0.067749,78
-0.0671387,78
-0.0665283,78
-0.065918,78
-0.0653076,78
-0.0646973,78
-0.0637817,78
-0.0628662,78
-0.0619507,78
-0.0610352,78
-0.0598145,78
-0.0585938,78
-0.057373,78
-0.0567627,78
-0.0561523,78
-0.0558472,78
-0.055542,78
-0.055542,78
-0.0552368,78
-0.0549316,78
-0.0552368,78
-0.0552368,78
-0.055542,78
-0.0558472,78
-0.0561523,78
-0.0564575,78
-0.0567627,78
-0.0567627,78
-0.0567627,78
-0.0564575,78
-0.0558472,78
-0.0552368,78
-0.0540161,78
-0.0527954,78
-0.0512695,78
-0.0491333,78
-0.0466919,78
-0.0442505,78
-0.0415039,78
-0.0393677,78
-0.0378418,78
-0.0366211,78
-0.0357056,78
-0.03479,78
-0.0338745,78
-0.0332642,78
-0.0326538,78
-0.0323486,78
-0.0323486,78
-0.0323486,78
-0.032959,78
-0.0338745,78
-0.0350952,78
-0.0363159,78
-0.0378418,78
-0.0393677,78
-0.0405884,78
-0.0418091,78
-0.0427246,78
-0.0430298,78
-0.0430298,78
-0.0424194,78
-0.0418091,78
-0.0405884,78
-0.0390625,78
-0.0375366,78
-0.0363159,78
-0.03479,78
-0.0335693,78
-0.0326538,78
-0.0317383,78
-0.0311279,78
-0.0305176,78
-0.0305176,78
-0.0302124,78
-0.0305176,78
-0.0305176,78
-0.0311279,78
-0.0314331,78
-0.0320435,78
-0.0326538,78
-0.0332642,78
-0.0338745,78
-0.0344849,78
-0.0344849,78
-0.0341797,78
-0.032959,78
-0.0314331,78
-0.0296021,78
-0.0280762,78
-0.0271606,78
-0.0265503,78
-0.0262451,78
-0.0262451,78
-0.0262451,78
-0.0259399,78
-0.0259399,78
-0.0256348,78
-0.0253296,78
-0.0253296,78
-0.0256348,78
-0.0259399,78
-0.0268555,78
-0.0280762,78
-0.0292969,78
-0.0299072,78
-0.0299072,78
-0.0296021,78
-0.0286865,78
-0.0274658,78
-0.0262451,78
-0.0250244,78
-0.0234985,78
-0.0222778,78
-0.0210571,78
-0.0198364,78
-0.0186157,78
-0.017395,78
-0.0161743,78
-0.0152588,78
-0.0146484,78
-0.0146484,78
-0.0149536,78
-0.0152588,78
-0.0158691,78
-0.0164795,78
-0.0170898,78
-0.0180054,78
-0.0192261,78
-0.020752,78
-0.0222778,78
-0.0234985,78
-0.0244141,78
-0.0253296,78
-0.0259399,78
-0.0262451,78
-0.0265503,78
-0.0265503,78
-0.0265503,78
-0.0262451,78
-0.0259399,78
-0.0256348,78
-0.0253296,78
-0.0256348,78
-0.0259399,78
-0.0265503,78
-0.0271606,78
-0.0280762,78
-0.0286865,78
-0.0292969,78
-0.0302124,78
-0.0311279,78
-0.0317383,78
-0.0326538,78
-0.0338745,78
-0.0350952,78
-0.0363159,78
-0.0372314,78
-0.038147,78
-0.0384521,78
-0.0384521,78
-0.038147,78
-0.0375366,78
-0.0366211,78
-0.0357056,78
-0.0344849,78
-0.0335693,78
-0.0323486,78
-0.0311279,78
-0.0302124,78
-0.0292969,78
-0.0286865,78
-0.0283813,78
-0.027771,78
-0.0274658,78
-0.0268555,78
-0.0265503,78
-0.0262451,78
-0.0262451,78
-0.0268555,78
-0.027771,78
-0.0292969,78
-0.0308228,78
-0.0323486,78
-0.0338745,78
-0.0354004,78
-0.0366211,78
-0.0378418,78
-0.0387573,78
-0.0390625,78
-0.0390625,78
-0.0390625,78
-0.0387573,78
-0.0384521,78
-0.038147,78
-0.0378418,78
-0.0378418,78
-0.0378418,78
-0.0372314,78
-0.0363159,78
-0.0354004,78
-0.0338745,78
-0.0323486,78
-0.0311279,78
-0.0305176,78
-0.0302124,78
-0.0308228,78
-0.0314331,78
-0.0320435,78
-0.032959,78
-0.0332642,78
-0.0335693,78
-0.0335693,78
-0.0332642,78
-0.032959,78
-0.032959,78
-0.032959,78
-0.032959,78
-0.0323486,78
-0.0314331,78
-0.0305176,78
-0.0292969,78
-0.0283813,78
-0.0271606,78
-0.0259399,78
-0.0244141,78
-0.022583,78
-0.0201416,78
-0.0177002,78
-0.0149536,78
-0.0119019,78
-0.00854492,78
-0.00518799,78
-0.00213623,78
0.0012207,78
0.00457764,78
0.00823975,78
0.0119019,78
0.0158691,78
0.0198364,78
0.0238037,78
0.0274658,78
0.0311279,78
0.0344849,78
0.0378418,78
0.0408936,78
0.043335,78
0.0454712,78
0.0473022,78
0.0491333,78
0.0512695,78
0.0537109,78
0.0558472,78
0.0579834,78
0.0598145,78
0.0610352,78
0.0619507,78
0.062561,78
0.0631714,78
0.0634766,78
0.0637817,78
0.0637817,78
0.0637817,78
0.0637817,78
0.0634766,78
0.0631714,78
0.062561,78
0.0613403,78
0.0598145,78
0.0576782,78
0.0552368,78
0.0524902,78
0.0497437,78
0.0469971,78
0.0439453,78
0.0408936,78
0.0378418,78
0.0350952,78
0.0323486,78
0.0296021,78
0.0265503,78
0.0228882,78
0.0192261,78
0.0152588,78
0.0119019,78
0.0088501,78
0.00610352,78
0.00396729,78
0.00244141,78
0.0012207,78
0,78
-0.00152588,78
-0.00305176,78
-0.00457764,78
-0.00640869,78
-0.00823975,78
-0.00976563,78
-0.0109863,78
-0.0119019,78
-0.0128174,78
-0.0140381,78
-0.015564,78
-0.017395,78
-0.0195313,78
-0.0216675,78
-0.0241089,78
-0.0262451,78
-0.0286865,78
-0.0311279,78
-0.0335693,78
-0.0363159,78
-0.0387573,78
-0.0415039,78
-0.0442505,78
-0.0469971,78
-0.0494385,78
-0.0518799,78
-0.0540161,78
-0.055542,78
-0.0570679,78
-0.0582886,78
-0.0588989,78
-0.0592041,78
-0.0592041,78
-0.0588989,78
-0.0585938,78
-0.0585938,78
-0.0588989,78
-0.0592041,78
-0.0595093,78
-0.0601196,78
-0.0604248,78
-0.0610352,78
-0.0616455,78
-0.0622559,78
-0.062561,78
-0.0628662,78
-0.0628662,78
-0.0628662,78
-0.062561,78
-0.062561,78
-0.0628662,78
-0.0631714,78
-0.0640869,78
-0.0650024,78
-0.065918,78
-0.0665283,78
-0.0668335,78
-0.0671387,78
-0.0671387,78
-0.0671387,78
-0.0671387,78
-0.0668335,78
-0.0668335,78
-0.0665283,78
-0.0668335,78
-0.0671387,78
-0.0674438,78
-0.067749,78
-0.067749,78
-0.0680542,78
-0.0683594,78
-0.0686646,78
-0.0683594,78
-0.067749,78
-0.0665283,78
-0.0643921,78
-0.0616455,78
-0.0576782,78
-0.0527954,78
-0.0473022,78
-0.0402832,78
-0.0323486,78
-0.0228882,78
-0.0119019,78
0.0012207,78
0.0167847,78
0.0341797,78
0.0543213,78
0.0762939,78
0.100403,78
0.126648,78
0.154724,78
0.185242,78
0.21759,78
0.251465,78
0.286865,78
0.322876,78
0.358276,78
0.392761,78
0.4245,78
0.452881,78
0.476379,78
0.494385,78
0.506592,78
0.512085,78
0.511169,78
0.503235,78
0.488892,78
0.46814,78
0.441284,78
0.40863,78
0.370789,78
0.328674,78
0.283203,78
0.234985,79
0.184937,79
0.134277,79
0.0839233,79
0.0350952,79
-0.0109863,79
-0.0527954,79
-0.0897217,79
-0.121155,79
-0.14679,79
-0.166016,79
-0.179443,79
-0.186462,79
-0.188293,79
-0.184937,79
-0.177612,79
-0.166931,79
-0.153503,79
-0.137939,79
-0.121155,79
-0.104065,79
-0.0872803,79
-0.071106,79
-0.0558472,79
-0.0421143,79
-0.0305176,79
-0.0210571,79
-0.0137329,79
-0.00854492,79
-0.00549316,79
-0.00396729,79
-0.00396729,79
-0.00518799,79
-0.00732422,79
-0.00976563,79
-0.0128174,79
-0.015564,79
-0.0186157,79
-0.0213623,79
-0.0241089,79
-0.0268555,79
-0.0289917,79
-0.0308228,79
-0.0326538,79
-0.0335693,79
-0.0341797,79
-0.0341797,79
-0.0341797,79
-0.0338745,79
-0.0338745,79
-0.0338745,79
-0.0338745,79
-0.0335693,79
-0.0335693,79
-0.0332642,79
-0.0332642,79
-0.0332642,79
-0.0332642,79
-0.032959,79
-0.032959,79
-0.032959,79
-0.032959,79
-0.0326538,79
-0.0320435,79
-0.0314331,79
-0.0308228,79
-0.0302124,79
-0.0299072,79
-0.0292969,79
-0.0289917,79
-0.0286865,79
-0.027771,79
-0.0268555,79
-0.0253296,79
-0.0238037,79
-0.0222778,79
-0.0210571,79
-0.0204468,79
-0.0198364,79
-0.0192261,79
-0.0189209,79
-0.0183105,79
-0.0180054,79
-0.0177002,79
-0.0177002,79
-0.0170898,79
-0.0164795,79
-0.015564,79
-0.0146484,79
-0.0140381,79
-0.0134277,79
-0.0131226,79
-0.0128174,79
-0.0128174,79
-0.0125122,79
-0.012207,79
-0.0119019,79
-0.0112915,79
-0.010376,79
-0.00946045,79
-0.00854492,79
-0.00732422,79
-0.00640869,79
-0.00488281,79
-0.00366211,79
-0.00244141,79
-0.000915527,79
0,79
0.0012207,79
0.00213623,79
0.00274658,79
0.00366211,79
0.00457764,79
0.00518799,79
0.00610352,79
0.00701904,79
0.00823975,79
0.0100708,79
0.0115967,79
0.0134277,79
0.0146484,79
0.015564,79
0.0164795,79
0.0170898,79
0.017395,79
0.017395,79
0.017395,79
0.017395,79
0.017395,79
0.0177002,79
0.0180054,79
0.0183105,79
0.0183105,79
0.0186157,79
0.0186157,79
0.0189209,79
0.0192261,79
0.0198364,79
0.0204468,79
0.020752,79
0.0213623,79
0.0219727,79
0.022583,79
0.0238037,79
0.0250244,79
0.0265503,79
0.0283813,79
0.0302124,79
0.0320435,79
0.0335693,79
0.0350952,79
0.0366211,79
0.038147,79
0.0396729,79
0.0408936,79
0.0421143,79
0.0430298,79
0.0436401,79
0.0442505,79
0.0442505,79
0.0445557,79
0.045166,79
0.0460815,79
0.0473022,79
0.0485229,79
0.0497437,79
0.0506592,79
0.0515747,79
0.0524902,79
0.0534058,79
0.0549316,79
0.0570679,79
0.0598145,79
0.0628662,79
0.065918,79
0.0692749,79
0.0720215,79
0.0747681,79
0.0772095,79
0.0793457,79
0.0814819,79
0.0836182,79
0.0857544,79
0.0878906,79
0.0900269,79
0.0921631,79
0.0942993,79
0.0964355,79
0.0982666,79
0.0997925,79
0.101318,79
0.102844,79
0.10437,79
0.106506,79
0.108948,79
0.111084,79
0.112915,79
0.114746,79
0.116272,79
0.118103,79
0.119629,79
0.121765,79
0.123901,79
0.126343,79
0.129089,79
0.131531,79
0.133667,79
0.135803,79
0.137634,79
0.139465,79
0.141296,79
0.142822,79
0.144348,79
0.146179,79
0.147705,79
0.149231,79
0.150452,79
0.151672,79
0.152893,79
0.153809,79
0.155029,79
0.155945,79
0.157166,79
0.158691,79
0.160522,79
0.162354,79
0.164185,79
0.1651,79
0.16571,79
0.166016,79
0.16571,79
0.165405,79
0.1651,79
0.164795,79
0.16449,79
0.163879,79
0.162964,79
0.161743,79
0.160217,79
0.158691,79
0.157166,79
0.15564,79
0.154114,79
0.152283,79
0.150146,79
0.147705,79
0.145264,79
0.142212,79
0.139465,79
0.136719,79
0.134277,79
0.131531,79
0.128784,79
0.125122,79
0.121155,79
0.116577,79
0.111694,79
0.106201,79
0.100403,79
0.0946045,79
0.0888062,79
0.0823975,79
0.0762939,79
0.0698853,79
0.0634766,79
0.0567627,79
0.0497437,79
0.0427246,79
0.0357056,79
0.0283813,79
0.0216675,79
0.015564,79
0.0100708,79
0.00518799,79
0.000915527,79
-0.00274658,79
-0.00610352,79
-0.00946045,79
-0.0125122,79
-0.0158691,79
-0.0189209,79
-0.0216675,79
-0.0244141,79
-0.0265503,79
-0.0286865,79
-0.0311279,79
-0.0332642,79
-0.0354004,79
-0.0375366,79
-0.0396729,79
-0.0418091,79
-0.0439453,79
-0.0463867,79
-0.0488281,79
-0.0509644,79
-0.0534058,79
-0.0558472,79
-0.0579834,79
-0.0601196,79
-0.0619507,79
-0.0637817,79
-0.0656128,79
-0.0668335,79
-0.067749,79
-0.0683594,79
-0.0683594,79
-0.0686646,79
-0.0686646,79
-0.0689697,79
-0.0689697,79
-0.0686646,79
-0.0680542,79
-0.0671387,79
-0.065918,79
-0.0646973,79
-0.0637817,79
-0.0631714,79
-0.0631714,79
-0.0631714,79
-0.0637817,79
-0.0643921,79
-0.0653076,79
-0.0662231,79
-0.0668335,79
-0.0674438,79
-0.0674438,79
-0.067749,79
-0.067749,79
-0.0674438,79
-0.0671387,79
-0.0665283,79
-0.0656128,79
-0.0650024,79
-0.0646973,79
-0.0646973,79
-0.0646973,79
-0.0646973,79
-0.0643921,79
-0.0637817,79
-0.0631714,79
-0.0622559,79
-0.0613403,79
-0.0604248,79
-0.0598145,79
-0.0595093,79
-0.0595093,79
-0.0598145,79
-0.0598145,79
-0.0604248,79
-0.06073,79
-0.0610352,79
-0.0616455,79
-0.0616455,79
-0.0613403,79
-0.06073,79
-0.0595093,79
-0.0585938,79
-0.0576782,79
-0.057373,79
-0.0570679,79
-0.0570679,79
-0.0570679,79
-0.057373,79
-0.0576782,79
-0.0579834,79
-0.0582886,79
-0.0588989,79
-0.0592041,79
-0.0601196,79
-0.0613403,79
-0.062561,79
-0.0637817,79
-0.0650024,79
-0.065918,79
-0.0668335,79
-0.0674438,79
-0.067749,79
-0.0674438,79
-0.0671387,79
-0.0662231,79
-0.0650024,79
-0.0634766,79
-0.0619507,79
-0.0604248,79
-0.0592041,79
-0.0579834,79
-0.0567627,79
-0.055542,79
-0.0543213,79
-0.0531006,79
-0.0515747,79
-0.0500488,79
-0.0488281,79
-0.0476074,79
-0.0463867,79
-0.0457764,79
-0.045166,79
-0.0448608,79
-0.0454712,79
-0.0457764,79
-0.0463867,79
-0.0466919,79
-0.0466919,79
-0.0460815,79
-0.0454712,79
-0.045166,79
-0.0445557,79
-0.0445557,79
-0.0445557,79
-0.0445557,79
-0.0442505,79
-0.043335,79
-0.0421143,79
-0.0405884,79
-0.0393677,79
-0.0384521,79
-0.0378418,79
-0.0369263,79
-0.0363159,79
-0.0354004,79
-0.0344849,79
-0.0332642,79
-0.0320435,79
-0.0308228,79
-0.0296021,79
-0.0286865,79
-0.0280762,79
-0.0274658,79
-0.0271606,79
-0.0265503,79
-0.0259399,79
-0.0253296,79
-0.0244141,79
-0.0234985,79
-0.0228882,79
-0.0222778,79
-0.0216675,79
-0.020752,79
-0.0198364,79
-0.0186157,79
-0.017395,79
-0.0164795,79
-0.0158691,79
-0.015564,79
-0.0152588,79
-0.015564,79
-0.0164795,79
-0.017395,79
-0.0186157,79
-0.0201416,79
-0.0213623,79
-0.0228882,79
-0.0247192,79
-0.0265503,79
-0.0283813,79
-0.0299072,79
-0.0314331,79
-0.032959,79
-0.0338745,79
-0.0344849,79
-0.0350952,79
-0.0354004,79
-0.0354004,79
-0.0350952,79
-0.03479,79
-0.0341797,79
-0.0335693,79
-0.0323486,79
-0.0311279,79
-0.0296021,79
-0.0283813,79
-0.0274658,79
-0.0265503,79
-0.0262451,79
-0.0262451,79
-0.0265503,79
-0.0271606,79
-0.0280762,79
-0.0292969,79
-0.0308228,79
-0.0320435,79
-0.0335693,79
-0.0350952,79
-0.0366211,79
-0.0378418,79
-0.0387573,79
-0.0393677,79
-0.0396729,79
-0.039978,79
-0.039978,79
-0.0396729,79
-0.0390625,79
-0.038147,79
-0.0366211,79
-0.0350952,79
-0.0332642,79
-0.0317383,79
-0.0308228,79
-0.0302124,79
-0.0302124,79
-0.0305176,79
-0.0308228,79
-0.0311279,79
-0.0311279,79
-0.0311279,79
-0.0314331,79
-0.0317383,79
-0.0320435,79
-0.032959,79
-0.0338745,79
-0.0350952,79
-0.0363159,79
-0.0372314,79
-0.038147,79
-0.0384521,79
-0.0384521,79
-0.0384521,79
-0.0384521,79
-0.0384521,79
-0.038147,79
-0.0378418,79
-0.0375366,79
-0.0369263,79
-0.0357056,79
-0.0344849,79
-0.032959,79
-0.0317383,79
-0.0305176,79
-0.0292969,79
-0.0283813,79
-0.0274658,79
-0.0271606,79
-0.0268555,79
-0.0268555,79
-0.0268555,79
-0.0271606,79
-0.0271606,79
-0.0274658,79
-0.0280762,79
-0.0286865,79
-0.0292969,79
-0.0299072,79
-0.0308228,79
-0.0311279,79
-0.0317383,79
-0.0323486,79
-0.032959,79
-0.0341797,79
-0.0354004,79
-0.0369263,79
-0.038147,79
-0.0390625,79
-0.039978,79
-0.0402832,79
-0.039978,79
-0.0396729,79
-0.0390625,79
-0.0384521,79
-0.0375366,79
-0.0366211,79
-0.0357056,79
-0.0350952,79
-0.03479,79
-0.0344849,79
-0.0344849,79
-0.0344849,79
-0.0344849,79
-0.0341797,79
-0.0338745,79
-0.0335693,79
-0.032959,79
-0.0326538,79
-0.0323486,79
-0.0323486,79
-0.0326538,79
-0.032959,79
-0.0332642,79
-0.0335693,79
-0.0332642,79
-0.0326538,79
-0.0317383,79
-0.0305176,79
-0.0289917,79
-0.0265503,79
-0.0241089,79
-0.0210571,79
-0.0180054,79
-0.0146484,79
-0.0112915,79
-0.00732422,79
-0.00335693,79
0.000915527,79
0.00549316,79
0.00976563,79
0.0143433,79
0.0186157,79
0.022583,79
0.0265503,79
0.0302124,79
0.0335693,79
0.0369263,79
0.039978,79
0.0427246,79
0.045166,79
0.0466919,79
0.0479126,79
0.0488281,79
0.0494385,79
0.0500488,79
0.0506592,79
0.0509644,79
0.0512695,79
0.0515747,79
0.0521851,79
0.0527954,79
0.0540161,79
0.0549316,79
0.0558472,79
0.0561523,79
0.0561523,79
0.055542,79
0.0546265,79
0.0537109,79
0.0524902,79
0.0512695,79
0.0497437,79
0.0479126,79
0.0454712,79
0.0430298,79
0.0402832,79
0.0372314,79
0.0341797,79
0.0311279,79
0.0280762,79
0.0247192,79
0.0216675,79
0.0186157,79
0.015564,79
0.0128174,79
0.0106812,79
0.0088501,79
0.00732422,79
0.00671387,79
0.00610352,79
0.00610352,79
0.00610352,79
0.00610352,79
0.00610352,79
0.00579834,79
0.00579834,79
0.00549316,79
0.00488281,79
0.00396729,79
0.00244141,79
0.000610352,79
-0.00244141,79
-0.00579834,79
-0.0100708,79
-0.0143433,79
-0.0192261,79
-0.0241089,79
-0.0286865,79
-0.0326538,79
-0.0360107,79
-0.0396729,79
-0.0430298,79
-0.0469971,79
-0.0512695,79
-0.0552368,79
-0.0585938,79
-0.0616455,79
-0.0637817,79
-0.0653076,79
-0.0665283,79
-0.0674438,79
-0.067749,79
-0.0680542,79
-0.0683594,79
-0.0683594,79
-0.0683594,79
-0.0680542,79
-0.0680542,79
-0.0674438,79
-0.0671387,79
-0.0668335,79
-0.0665283,79
-0.0665283,79
-0.0665283,79
-0.0665283,79
-0.0665283,79
-0.0665283,79
-0.0665283,79
-0.0665283,79
-0.0668335,79
-0.0671387,79
-0.0674438,79
-0.067749,79
-0.067749,79
-0.0680542,79
-0.067749,79
-0.0674438,79
-0.0674438,79
-0.0674438,79
-0.067749,79
-0.0680542,79
-0.0686646,79
-0.0692749,79
-0.0695801,79
-0.0698853,79
-0.0695801,79
-0.0689697,79
-0.0683594,79
-0.0674438,79
-0.0668335,79
-0.0662231,79
-0.0653076,79
-0.0643921,79
-0.0631714,79
-0.0616455,79
-0.0598145,79
-0.0576782,79
-0.0549316,79
-0.0515747,79
-0.0479126,79
-0.0439453,79
-0.0390625,79
-0.0335693,79
-0.0268555,79
-0.0189209,79
-0.00946045,79
0.00152588,79
0.0143433,79
0.0292969,79
0.0457764,79
0.0643921,79
0.0848389,79
0.107422,79
0.132446,79
0.159607,79
0.188904,79
0.219727,79
0.25238,79
0.28595,79
0.319824,79
0.352783,79
0.384521,79
0.413513,79
0.438843,79
0.45929,79
0.473938,79
0.482178,79
0.484009,79
0.479736,79
0.469055,79
0.452576,79
0.429993,79
0.401917,79
0.368347,79
0.3302,79
0.288086,79
0.242615,79
0.195007,79
0.146484,79
0.0976563,79
0.0500488,79
0.00488281,79
-0.0372314,79
-0.0750732,79
-0.107727,79
-0.134583,79
-0.15564,79
-0.170593,79
-0.179749,79
-0.183411,79
-0.182495,79
-0.177612,79
-0.169373,79
-0.158081,79
-0.144653,79
-0.130005,79
-0.114441,79
-0.0982666,79
-0.0827026,79
-0.0674438,79
-0.0534058,79
-0.0402832,79
-0.0283813,79
-0.0183105,79
-0.0100708,79
-0.00396729,79
0,79
0.00183105,79
0.00213623,79
0.0012207,79
-0.000305176,79
-0.00274658,79
-0.00518799,79
-0.00793457,79
-0.0100708,79
-0.0119019,79
-0.0134277,79
-0.0149536,79
-0.0170898,79
-0.0192261,79
-0.0216675,79
-0.0244141,79
-0.0268555,79
-0.0289917,79
-0.0311279,79
-0.032959,79
-0.0341797,79
-0.0354004,79
-0.0357056,79
-0.0360107,79
-0.0357056,79
-0.0350952,79
-0.0344849,79
-0.0335693,79
-0.0320435,79
-0.0308228,79
-0.0289917,79
-0.0274658,79
-0.0259399,79
-0.0250244,79
-0.0241089,79
-0.0234985,79
-0.0231934,79
-0.0228882,79
-0.022583,79
-0.0222778,79
-0.0219727,79
-0.0213623,79
-0.0210571,79
-0.0204468,79
-0.0204468,79
-0.0204468,79
-0.0210571,79
-0.0216675,79
-0.0222778,79
-0.022583,79
-0.0228882,79
-0.0231934,79
-0.0231934,79
-0.0228882,79
-0.022583,79
-0.0222778,79
-0.0216675,79
-0.0210571,79
-0.0198364,79
-0.0183105,79
-0.0167847,79
-0.0152588,79
-0.0137329,79
-0.0125122,79
-0.0112915,79
-0.010376,79
-0.00976563,79
-0.00946045,79
-0.00915527,79
-0.00915527,79
-0.0088501,79
-0.00854492,79
-0.00793457,79
-0.00701904,79
-0.00610352,79
-0.00518799,79
-0.00457764,79
-0.00366211,79
-0.00305176,79
-0.00213623,79
-0.000915527,79
0.000610352,79
0.00213623,79
0.00366211,79
0.00579834,79
0.00762939,79
0.00976563,79
0.0115967,79
0.0131226,79
0.0143433,79
0.015564,79
0.0167847,79
0.0180054,79
0.0189209,79
0.0198364,79
0.0204468,79
0.020752,79
0.0210571,79
0.0213623,79
0.0216675,79
0.0219727,79
0.0228882,79
0.0238037,79
0.0250244,79
0.0259399,79
0.0262451,79
0.0259399,79
0.0253296,79
0.0244141,79
0.0238037,79
0.0234985,79
0.0234985,79
0.0234985,79
0.0238037,79
0.0241089,79
0.0244141,79
0.0244141,79
0.0247192,79
0.0250244,79
0.0253296,79
0.0256348,79
0.0259399,79
0.0265503,79
0.027771,79
0.0292969,79
0.0311279,79
0.032959,79
0.0350952,79
0.0372314,79
0.0393677,79
0.0421143,79
0.0448608,79
0.0482178,79
0.0521851,79
0.0558472,79
0.0598145,79
0.0634766,79
0.0665283,79
0.0689697,79
0.0708008,79
0.0723267,79
0.0735474,79
0.0747681,79
0.0759888,79
0.0769043,79
0.0778198,79
0.0787354,79
0.0796509,79
0.0802612,79
0.0808716,79
0.0814819,79
0.0817871,79
0.0823975,79
0.0827026,79
0.0827026,79
0.0830078,79
0.083313,79
0.0836182,79
0.0842285,79
0.0848389,79
0.0863647,79
0.0878906,79
0.090332,79
0.0927734,79
0.09552,79
0.0982666,79
0.101318,79
0.10437,79
0.107422,79
0.110779,79
0.114136,79
0.117493,79
0.120544,79
0.123901,79
0.126648,79
0.129395,79
0.131836,79
0.134277,79
0.137024,79
0.139465,79
0.141907,79
0.144043,79
0.146179,79
0.14801,79
0.149841,79
0.151672,79
0.153198,79
0.154724,79
0.156555,79
0.158386,79
0.160522,79
0.162354,79
0.164185,79
0.16571,79
0.167236,79
0.168152,79
0.168457,79
0.168457,79
0.167847,79
0.167542,79
0.166931,79
0.166321,79
0.166016,79
0.165405,79
0.16449,79
0.163269,79
0.161438,79
0.159607,79
0.157166,79
0.154724,79
0.152283,79
0.149536,79
0.147095,79
0.144348,79
0.141602,79
0.138855,79
0.136414,79
0.134277,79
0.132141,79
0.129395,79
0.126648,79
0.123291,79
0.119324,79
0.115051,79
0.110474,79
0.105591,79
0.100708,79
0.0958252,79
0.0906372,79
0.085144,79
0.0796509,79
0.0735474,79
0.0674438,79
0.0610352,79
0.0546265,79
0.0485229,79
0.0427246,79
0.0369263,79
0.0317383,79
0.0265503,79
0.0219727,79
0.017395,79
0.0128174,79
0.00823975,79
0.00366211,79
-0.000915527,79
-0.00488281,79
-0.0088501,79
-0.0125122,79
-0.0161743,79
-0.0198364,79
-0.0238037,79
-0.0274658,79
-0.0311279,79
-0.03479,79
-0.0384521,79
-0.0415039,79
-0.0448608,79
-0.0482178,79
-0.0515747,79
-0.0549316,79
-0.0582886,79
-0.0613403,79
-0.0637817,79
-0.065918,79
-0.067749,79
-0.0692749,79
-0.0708008,79
-0.0723267,79
-0.0735474,79
-0.0744629,79
-0.0753784,79
-0.0756836,79
-0.0759888,79
-0.0759888,79
-0.0759888,79
-0.0756836,79
-0.0750732,79
-0.0747681,79
-0.0741577,79
-0.0741577,79
-0.0744629,79
-0.0747681,79
-0.0756836,79
-0.0762939,79
-0.0772095,79
-0.0775146,79
-0.0778198,79
-0.0778198,79
-0.0772095,79
-0.0769043,79
-0.0765991,79
-0.0765991,79
-0.0769043,79
-0.0772095,79
-0.0778198,79
-0.0784302,79
-0.0790405,79
-0.0793457,79
-0.0796509,79
-0.0796509,79
-0.0796509,79
-0.0796509,79
-0.0799561,79
-0.0808716,79
-0.0817871,79
-0.0827026,79
-0.0839233,79
-0.085144,79
-0.0860596,79
-0.0869751,79
-0.0878906,79
-0.0891113,79
-0.090332,79
-0.0915527,79
-0.0927734,79
-0.0933838,79
-0.0939941,79
-0.0939941,79
-0.0933838,79
-0.0924683,79
-0.0912476,79
-0.0900269,79
-0.088501,79
-0.0872803,79
-0.0860596,79
-0.0848389,79
-0.0839233,79
-0.0830078,79
-0.0823975,79
-0.0817871,79
-0.0811768,79
-0.0802612,79
-0.0793457,79
-0.0787354,79
-0.078125,79
-0.078125,79
-0.078125,79
-0.0787354,79
-0.0793457,79
-0.0796509,79
-0.0802612,79
-0.0805664,79
-0.0802612,79
-0.0799561,79
-0.0796509,79
-0.0790405,79
-0.078125,79
-0.0775146,79
-0.0765991,79
-0.0756836,79
-0.0744629,79
-0.0732422,79
-0.0720215,79
-0.0704956,79
-0.0692749,79
-0.0680542,79
-0.0662231,79
-0.0646973,79
-0.0631714,79
-0.0619507,79
-0.0610352,79
-0.0604248,79
-0.0604248,79
-0.0604248,79
-0.0604248,79
-0.0604248,79
-0.0601196,79
-0.0598145,79
-0.0598145,79
-0.0601196,79
-0.0604248,79
-0.0604248,79
-0.0604248,79
-0.0601196,79
-0.0598145,79
-0.0588989,79
-0.0582886,79
-0.0570679,79
-0.0561523,79
-0.0549316,79
-0.0537109,79
-0.0521851,79
-0.0506592,79
-0.0485229,79
-0.0463867,79
-0.0445557,79
-0.0430298,79
-0.0421143,79
-0.0418091,79
-0.0415039,79
-0.0418091,79
-0.0418091,79
-0.0418091,79
-0.0421143,79
-0.0427246,79
-0.0430298,79
-0.0436401,79
-0.0442505,79
-0.045166,79
-0.0460815,79
-0.0473022,79
-0.0488281,79
-0.0506592,79
-0.0524902,79
-0.0540161,79
-0.0552368,79
-0.0561523,79
-0.0567627,79
-0.0570679,79
-0.0567627,79
-0.0564575,79
-0.0561523,79
-0.0558472,79
-0.0558472,79
-0.0558472,79
-0.0561523,79
-0.0558472,79
-0.055542,79
-0.0549316,79
-0.0540161,79
-0.0527954,79
-0.0518799,79
-0.0506592,79
-0.0494385,79
-0.0482178,79
-0.0469971,79
-0.0457764,79
-0.0445557,79
-0.0436401,79
-0.0430298,79
-0.0424194,79
-0.0418091,79
-0.0415039,79
-0.0411987,79
-0.0411987,79
-0.0415039,79
-0.0421143,79
-0.0427246,79
-0.0439453,79
-0.0448608,79
-0.0460815,79
-0.0473022,79
-0.0488281,79
-0.0500488,79
-0.0509644,79
-0.0518799,79
-0.0527954,79
-0.0534058,79
-0.0537109,79
-0.0540161,79
-0.0537109,79
-0.0534058,79
-0.0527954,79
-0.0518799,79
-0.0509644,79
-0.0500488,79
-0.0488281,79
-0.0476074,79
-0.0463867,79
-0.0454712,79
-0.0445557,79
-0.0439453,79
-0.043335,79
-0.0430298,79
-0.043335,79
-0.043335,79
-0.0439453,79
-0.0442505,79
-0.0448608,79
-0.0454712,79
-0.0460815,79
-0.0469971,79
-0.0479126,79
-0.0488281,79
-0.0500488,79
-0.0512695,79
-0.0524902,79
-0.0537109,79
-0.0549316,79
-0.0558472,79
-0.0564575,79
-0.057373,79
-0.0582886,79
-0.0592041,79
-0.0601196,79
-0.06073,79
-0.0610352,79
-0.0610352,79
-0.0610352,79
-0.06073,79
-0.0604248,79
-0.0601196,79
-0.0598145,79
-0.0595093,79
-0.0588989,79
-0.0579834,79
-0.0567627,79
-0.055542,79
-0.0543213,79
-0.0531006,79
-0.0515747,79
-0.0497437,79
-0.0476074,79
-0.0454712,79
-0.0430298,79
-0.0408936,79
-0.0387573,79
-0.0363159,79
-0.0338745,79
-0.0308228,79
-0.027771,79
-0.0247192,79
-0.0216675,79
-0.0189209,79
-0.0161743,79
-0.0140381,79
-0.0115967,79
-0.00915527,79
-0.00640869,79
-0.00396729,79
-0.00152588,79
0.000610352,79
0.00244141,79
0.00457764,79
0.00671387,79
0.00915527,79
0.0115967,79
0.0146484,79
0.017395,79
0.0201416,79
0.0228882,79
0.0250244,79
0.0271606,79
0.0286865,79
0.0302124,79
0.0317383,79
0.032959,79
0.0341797,79
0.0357056,79
0.0369263,79
0.038147,79
0.0390625,79
0.0393677,79
0.0390625,79
0.0384521,79
0.0375366,79
0.0360107,79
0.0344849,79
0.032959,79
0.0311279,79
0.0289917,79
0.0268555,79
0.0244141,79
0.0216675,79
0.0183105,79
0.0149536,79
0.0115967,79
0.00793457,79
0.00427246,79
0.000610352,79
-0.00305176,79
-0.00640869,79
-0.00946045,79
-0.012207,79
-0.0152588,79
-0.0180054,79
-0.0210571,79
-0.0244141,79
-0.0274658,79
-0.0308228,79
-0.0338745,79
-0.0366211,79
-0.0390625,79
-0.0415039,79
-0.0436401,79
-0.0457764,79
-0.0482178,79
-0.0506592,79
-0.0531006,79
-0.055542,79
-0.0576782,79
-0.0601196,79
-0.0628662,79
-0.0656128,79
-0.0686646,79
-0.0720215,79
-0.0753784,79
-0.0787354,79
-0.0820923,79
-0.085144,79
-0.0881958,79
-0.0906372,79
-0.0927734,79
-0.0946045,79
-0.0961304,79
-0.0973511,79
-0.0982666,79
-0.0985718,79
-0.0985718,79
-0.0982666,79
-0.0976563,79
-0.0964355,79
-0.0952148,79
-0.093689,79
-0.0918579,79
-0.0906372,79
-0.0894165,79
-0.088501,79
-0.0872803,79
-0.0863647,79
-0.085144,79
-0.0845337,79
-0.0839233,79
-0.0842285,79
-0.0848389,79
-0.0857544,79
-0.0869751,79
-0.0881958,79
-0.0897217,79
-0.0909424,79
-0.0921631,79
-0.0933838,79
-0.0942993,79
-0.09552,79
-0.0967407,79
-0.0979614,79
-0.098877,79
-0.100098,79
-0.100708,79
-0.101013,79
-0.101318,79
-0.101013,79
-0.100708,79
-0.0997925,79
-0.098877,79
-0.0976563,79
-0.0961304,79
-0.0946045,79
-0.0924683,79
-0.090332,79
-0.0881958,79
-0.0857544,79
-0.0830078,79
-0.0796509,79
-0.0753784,79
-0.0701904,79
-0.0634766,79
-0.055542,79
-0.0457764,79
-0.03479,79
-0.0219727,79
-0.00762939,79
0.0088501,79
0.0268555,79
0.0466919,79
0.0683594,79
0.0918579,79
0.117493,79
0.144653,79
0.17334,79
0.203247,79
0.233459,79
0.263672,79
0.292358,79
0.319214,79
0.343018,79
0.362549,79
0.376892,79
0.385742,79
0.388794,79
0.386047,79
0.378113,79
0.364685,79
0.34668,79
0.323486,79
0.296021,79
0.263977,79
0.228577,79
0.19043,79
0.150452,85
0.109558,85
0.0689697,85
0.0286865,85
-0.00976563,85
-0.0457764,85
-0.0787354,85
-0.108032,85
-0.132446,85
-0.151978,85
-0.166016,85
-0.175171,85
-0.179138,85
-0.179138,85
-0.175476,85
-0.168457,85
-0.158691,85
-0.1474,85
-0.134888,85
-0.12207,85
-0.108948,85
-0.0961304,85
-0.0839233,85
-0.0726318,85
-0.062561,85
-0.0534058,85
-0.0460815,85
-0.0402832,85
-0.0360107,85
-0.032959,85
-0.0311279,85
-0.0302124,85
-0.0302124,85
-0.0311279,85
-0.0326538,85
-0.0350952,85
-0.038147,85
-0.0415039,85
-0.045166,85
-0.0485229,85
-0.0515747,85
-0.0543213,85
-0.0567627,85
-0.0592041,85
-0.0610352,85
-0.062561,85
-0.0637817,85
-0.0646973,85
-0.0653076,85
-0.0662231,85
-0.0668335,85
-0.0671387,85
-0.0674438,85
-0.0674438,85
-0.0671387,85
-0.0662231,85
-0.0653076,85
-0.0643921,85
-0.0634766,85
-0.062561,85
-0.0619507,85
-0.0616455,85
-0.0613403,85
-0.0613403,85
-0.0616455,85
-0.062561,85
-0.0637817,85
-0.0650024,85
-0.0662231,85
-0.0674438,85
-0.0683594,85
-0.0689697,85
-0.0695801,85
-0.0701904,85
-0.0704956,85
-0.0708008,85
-0.071106,85
-0.071106,85
-0.0704956,85
-0.0698853,85
-0.0683594,85
-0.0662231,85
-0.0634766,85
-0.0604248,85
-0.057373,85
-0.0540161,85
-0.0512695,85
-0.0488281,85
-0.0466919,85
-0.0448608,85
-0.0430298,85
-0.0411987,85
-0.0393677,85
-0.0378418,85
-0.0360107,85
-0.0344849,85
-0.0332642,85
-0.0323486,85
-0.0323486,85
-0.0323486,85
-0.0326538,85
-0.0332642,85
-0.0341797,85
-0.03479,85
-0.0354004,85
-0.0360107,85
-0.0366211,85
-0.0369263,85
-0.0372314,85
-0.0369263,85
-0.0366211,85
-0.0360107,85
-0.0350952,85
-0.0341797,85
-0.0332642,85
-0.0323486,85
-0.0317383,85
-0.0314331,85
-0.0308228,85
-0.0302124,85
-0.0296021,85
-0.0283813,85
-0.0271606,85
-0.0259399,85
-0.0247192,85
-0.0238037,85
-0.022583,85
-0.0213623,85
-0.0201416,85
-0.0186157,85
-0.0170898,85
-0.0152588,85
-0.0131226,85
-0.0112915,85
-0.00915527,85
-0.00701904,85
-0.00488281,85
-0.00274658,85
-0.000610352,85
0.00183105,85
0.00396729,85
0.00640869,85
0.00854492,85
0.0106812,85
0.0119019,85
0.0131226,85
0.0137329,85
0.0137329,85
0.0131226,85
0.012207,85
0.0112915,85
0.010376,85
0.00946045,85
0.00823975,85
0.00732422,85
0.00640869,85
0.00579834,85
0.00488281,85
0.00457764,85
0.00427246,85
0.00396729,85
0.00427246,85
0.00518799,85
0.00610352,85
0.00732422,85
0.00823975,85
0.00946045,85
0.0106812,85
0.012207,85
0.0134277,85
0.0149536,85
0.0170898,85
0.0195313,85
0.022583,85
0.0253296,85
0.0283813,85
0.0314331,85
0.0341797,85
0.0366211,85
0.0387573,85
0.0408936,85
0.0430298,85
0.045166,85
0.0476074,85
0.0500488,85
0.0524902,85
0.0552368,85
0.0579834,85
0.06073,85
0.0637817,85
0.0668335,85
0.0698853,85
0.072937,85
0.0759888,85
0.0787354,85
0.0817871,85
0.0848389,85
0.0875854,85
0.090332,85
0.0924683,85
0.0946045,85
0.0967407,85
0.0985718,85
0.100403,85
0.102539,85
0.104675,85
0.107117,85
0.109558,85
0.112,85
0.114746,85
0.117188,85
0.119019,85
0.12085,85
0.12207,85
0.123291,85
0.123901,85
0.124512,85
0.124817,85
0.125427,85
0.125732,85
0.126343,85
0.126953,85
0.127258,85
0.127869,85
0.128479,85
0.129395,85
0.130005,85
0.130615,85
0.13092,85
0.13092,85
0.130615,85
0.130005,85
0.129089,85
0.128174,85
0.126953,85
0.125732,85
0.124207,85
0.122986,85
0.12146,85
0.120239,85
0.119019,85
0.117493,85
0.115967,85
0.114441,85
0.112305,85
0.109863,85
0.107422,85
0.10437,85
0.101013,85
0.0976563,85
0.0946045,85
0.0912476,85
0.0878906,85
0.0842285,85
0.0799561,85
0.0753784,85
0.0708008,85
0.0662231,85
0.0613403,85
0.0558472,85
0.050354,85
0.0445557,85
0.0384521,85
0.0323486,85
0.0259399,85
0.0198364,85
0.0137329,85
0.00793457,85
0.00213623,85
-0.00366211,85
-0.00946045,85
-0.0149536,85
-0.0201416,85
-0.0247192,85
-0.0289917,85
-0.032959,85
-0.0369263,85
-0.0405884,85
-0.0445557,85
-0.0479126,85
-0.0512695,85
-0.0543213,85
-0.0567627,85
-0.0588989,85
-0.06073,85
-0.0619507,85
-0.0631714,85
-0.0643921,85
-0.0656128,85
-0.0671387,85
-0.0686646,85
-0.0701904,85
-0.0720215,85
-0.0741577,85
-0.0759888,85
-0.0778198,85
-0.0793457,85
-0.0811768,85
-0.0827026,85
-0.0839233,85
-0.085144,85
-0.0860596,85
-0.0872803,85
-0.0888062,85
-0.0906372,85
-0.0924683,85
-0.0942993,85
-0.0961304,85
-0.0976563,85
-0.0985718,85
-0.098877,85
-0.098877,85
-0.0979614,85
-0.0967407,85
-0.09552,85
-0.0942993,85
-0.093689,85
-0.0933838,85
-0.0933838,85
-0.0933838,85
-0.0933838,85
-0.0933838,85
-0.0930786,85
-0.0930786,85
-0.0927734,85
-0.0930786,85
-0.0939941,85
-0.09552,85
-0.0976563,85
-0.100098,85
-0.102539,85
-0.10498,85
-0.106812,85
-0.108643,85
-0.109863,85
-0.110779,85
-0.111084,85
-0.111389,85
-0.111389,85
-0.111084,85
-0.111084,85
-0.110779,85
-0.110779,85
-0.110168,85
-0.109253,85
-0.108032,85
-0.106812,85
-0.10498,85
-0.103455,85
-0.101624,85
-0.0997925,85
-0.0982666,85
-0.0964355,85
-0.0949097,85
-0.0933838,85
-0.0924683,85
-0.0921631,85
-0.0921631,85
-0.0924683,85
-0.0930786,85
-0.093689,85
-0.0942993,85
-0.0946045,85
-0.0946045,85
-0.0939941,85
-0.0930786,85
-0.0921631,85
-0.0909424,85
-0.0897217,85
-0.0888062,85
-0.0878906,85
-0.0872803,85
-0.0869751,85
-0.0869751,85
-0.0869751,85
-0.0869751,85
-0.0866699,85
-0.0863647,85
-0.0857544,85
-0.0848389,85
-0.0836182,85
-0.0823975,85
-0.0808716,85
-0.0796509,85
-0.0784302,85
-0.0778198,85
-0.0772095,85
-0.0772095,85
-0.0772095,85
-0.0772095,85
-0.0769043,85
-0.0759888,85
-0.0750732,85
-0.0735474,85
-0.0723267,85
-0.0708008,85
-0.0698853,85
-0.0689697,85
-0.0680542,85
-0.067749,85
-0.0674438,85
-0.0674438,85
-0.0671387,85
-0.0668335,85
-0.0662231,85
-0.0656128,85
-0.0646973,85
-0.0637817,85
-0.0631714,85
-0.0619507,85
-0.0610352,85
-0.0601196,85
-0.0588989,85
-0.0579834,85
-0.0567627,85
-0.0558472,85
-0.0549316,85
-0.0543213,85
-0.0534058,85
-0.0527954,85
-0.0518799,85
-0.0512695,85
-0.0506592,85
-0.0506592,85
-0.0506592,85
-0.0509644,85
-0.0512695,85
-0.0518799,85
-0.0527954,85
-0.0537109,85
-0.0549316,85
-0.0558472,85
-0.0567627,85
-0.0576782,85
-0.0585938,85
-0.0592041,85
-0.0601196,85
-0.06073,85
-0.0613403,85
-0.0619507,85
-0.062561,85
-0.0628662,85
-0.0631714,85
-0.0634766,85
-0.0634766,85
-0.0634766,85
-0.0634766,85
-0.0634766,85
-0.0634766,85
-0.0631714,85
-0.0628662,85
-0.0622559,85
-0.0619507,85
-0.0613403,85
-0.0613403,85
-0.0613403,85
-0.0619507,85
-0.062561,85
-0.0631714,85
-0.0637817,85
-0.0637817,85
-0.0637817,85
-0.0634766,85
-0.0634766,85
-0.0631714,85
-0.0628662,85
-0.0622559,85
-0.0619507,85
-0.0613403,85
-0.0604248,85
-0.0595093,85
-0.0582886,85
-0.0570679,85
-0.0558472,85
-0.0543213,85
-0.0531006,85
-0.0515747,85
-0.0500488,85
-0.0482178,85
-0.0460815,85
-0.0439453,85
-0.0415039,85
-0.0390625,85
-0.0369263,85
-0.0344849,85
-0.0326538,85
-0.0314331,85
-0.0302124,85
-0.0292969,85
-0.0283813,85
-0.027771,85
-0.0271606,85
-0.0265503,85
-0.0250244,85
-0.0228882,85
-0.0201416,85
-0.0164795,85
-0.012207,85
-0.00762939,85
-0.00305176,85
0.00183105,85
0.00671387,85
0.0112915,85
0.0158691,85
0.0204468,85
0.0244141,85
0.0283813,85
0.0320435,85
0.0354004,85
0.0387573,85
0.0415039,85
0.0439453,85
0.0454712,85
0.0466919,85
0.0466919,85
0.0460815,85
0.0448608,85
0.0430298,85
0.0405884,85
0.0375366,85
0.0338745,85
0.0302124,85
0.0262451,85
0.0219727,85
0.0177002,85
0.0134277,85
0.00915527,85
0.00518799,85
0.00152588,85
-0.00183105,85
-0.00488281,85
-0.00762939,85
-0.0106812,85
-0.0137329,85
-0.0170898,85
-0.0204468,85
-0.0238037,85
-0.0271606,85
-0.0308228,85
-0.0341797,85
-0.0375366,85
-0.0405884,85
-0.043335,85
-0.0460815,85
-0.0491333,85
-0.0521851,85
-0.0558472,85
-0.0598145,85
-0.0640869,85
-0.0686646,85
-0.0726318,85
-0.0765991,85
-0.0802612,85
-0.083313,85
-0.0860596,85
-0.088501,85
-0.0912476,85
-0.0933838,85
-0.0958252,85
-0.0979614,85
-0.100098,85
-0.101929,85
-0.103149,85
-0.104065,85
-0.104675,85
-0.10498,85
-0.10498,85
-0.10498,85
-0.104675,85
-0.104675,85
-0.10437,85
-0.10376,85
-0.103455,85
-0.103149,85
-0.103149,85
-0.103455,85
-0.10376,85
-0.104675,85
-0.105591,85
-0.106506,85
-0.107422,85
-0.108032,85
-0.108337,85
-0.108643,85
-0.108643,85
-0.108337,85
-0.108337,85
-0.108337,85
-0.108643,85
-0.108948,85
-0.109558,85
-0.109863,85
-0.110168,85
-0.110168,85
-0.109863,85
-0.109558,85
-0.108948,85
-0.108643,85
-0.108337,85
-0.108032,85
-0.108337,85
-0.108643,85
-0.108948,85
-0.109558,85
-0.109863,85
-0.110168,85
-0.110474,85
-0.110168,85
-0.109558,85
-0.108032,85
-0.105591,85
-0.102844,85
-0.0997925,85
-0.0961304,85
-0.0921631,85
-0.0872803,85
-0.0811768,85
-0.0744629,85
-0.0665283,85
-0.057373,85
-0.0469971,85
-0.0350952,85
-0.0213623,85
-0.00610352,85
0.0109863,85
0.0302124,85
0.0512695,85
0.0744629,85
0.098877,85
0.124817,85
0.151672,85
0.179443,85
0.207825,85
0.236206,85
0.263672,85
0.289307,85
0.31189,85
0.330505,85
0.344238,85
0.352478,85
0.354614,85
0.350952,85
0.341797,85
0.327759,85
0.309448,85
0.28717,85
0.260925,85
0.231628,85
0.19928,85
0.16449,85
0.128174,92
0.0909424,92
0.0537109,92
0.0170898,92
-0.0180054,92
-0.0509644,92
-0.0808716,92
-0.106812,92
-0.128479,92
-0.145264,92
-0.15686,92
-0.163269,92
-0.164795,92
-0.162354,92
-0.15625,92
-0.147705,92
-0.137024,92
-0.125427,92
-0.112915,92
-0.100708,92
-0.0888062,92
-0.0778198,92
-0.0680542,92
-0.0592041,92
-0.0518799,92
-0.0457764,92
-0.0405884,92
-0.0369263,92
-0.0344849,92
-0.032959,92
-0.0320435,92
-0.0320435,92
-0.0326538,92
-0.0338745,92
-0.0357056,92
-0.038147,92
-0.0408936,92
-0.0436401,92
-0.0463867,92
-0.0488281,92
-0.0509644,92
-0.0521851,92
-0.0531006,92
-0.0534058,92
-0.0534058,92
-0.0534058,92
-0.0531006,92
-0.0531006,92
-0.0534058,92
-0.0537109,92
-0.0540161,92
-0.0537109,92
-0.0534058,92
-0.0531006,92
-0.0531006,92
-0.0534058,92
-0.0540161,92
-0.0549316,92
-0.0558472,92
-0.0567627,92
-0.057373,92
-0.0579834,92
-0.0585938,92
-0.0588989,92
-0.0592041,92
-0.0598145,92
-0.0604248,92
-0.0613403,92
-0.0619507,92
-0.062561,92
-0.0631714,92
-0.0637817,92
-0.0640869,92
-0.0643921,92
-0.0646973,92
-0.0650024,92
-0.0653076,92
-0.065918,92
-0.0668335,92
-0.0674438,92
-0.0683594,92
-0.0689697,92
-0.0689697,92
-0.0683594,92
-0.067749,92
-0.0668335,92
-0.0656128,92
-0.0643921,92
-0.0628662,92
-0.0610352,92
-0.0588989,92
-0.0564575,92
-0.0537109,92
-0.0512695,92
-0.0488281,92
-0.0463867,92
-0.0442505,92
-0.0421143,92
-0.0402832,92
-0.0387573,92
-0.0378418,92
-0.0369263,92
-0.0363159,92
-0.0360107,92
-0.0354004,92
-0.03479,92
-0.0341797,92
-0.0338745,92
-0.0335693,92
-0.0335693,92
-0.0332642,92
-0.0332642,92
-0.0326538,92
-0.0323486,92
-0.0314331,92
-0.0302124,92
-0.0289917,92
-0.027771,92
-0.0262451,92
-0.0250244,92
-0.0234985,92
-0.0222778,92
-0.0210571,92
-0.0195313,92
-0.0183105,92
-0.017395,92
-0.0164795,92
-0.0158691,92
-0.0158691,92
-0.0161743,92
-0.0164795,92
-0.0167847,92
-0.0170898,92
-0.0170898,92
-0.0170898,92
-0.0170898,92
-0.0164795,92
-0.0152588,92
-0.0131226,92
-0.010376,92
-0.00732422,92
-0.00396729,92
-0.000610352,92
0.00213623,92
0.00457764,92
0.00640869,92
0.00762939,92
0.0088501,92
0.00976563,92
0.0109863,92
0.0125122,92
0.0146484,92
0.0164795,92
0.0180054,92
0.0189209,92
0.0192261,92
0.0192261,92
0.0186157,92
0.017395,92
0.0161743,92
0.0143433,92
0.0128174,92
0.0115967,92
0.0106812,92
0.010376,92
0.010376,92
0.0109863,92
0.012207,92
0.0140381,92
0.0161743,92
0.0186157,92
0.0210571,92
0.0234985,92
0.0259399,92
0.0286865,92
0.0314331,92
0.03479,92
0.0378418,92
0.0411987,92
0.0442505,92
0.0473022,92
0.0500488,92
0.0527954,92
0.0552368,92
0.057373,92
0.0592041,92
0.0610352,92
0.0628662,92
0.0643921,92
0.065918,92
0.0674438,92
0.0689697,92
0.0704956,92
0.0720215,92
0.0735474,92
0.0753784,92
0.0772095,92
0.0790405,92
0.0811768,92
0.0836182,92
0.0863647,92
0.0891113,92
0.0918579,92
0.0942993,92
0.0967407,92
0.098877,92
0.101318,92
0.103455,92
0.105896,92
0.108643,92
0.111084,92
0.11322,92
0.114441,92
0.115662,92
0.116272,92
0.116882,92
0.117798,92
0.118408,92
0.119324,92
0.120239,92
0.120544,92
0.120544,92
0.12085,92
0.12085,92
0.121155,92
0.121765,92
0.122375,92
0.122986,92
0.123291,92
0.123901,92
0.124207,92
0.124817,92
0.125122,92
0.125427,92
0.125732,92
0.126343,92
0.126343,92
0.126343,92
0.126038,92
0.125427,92
0.123901,92
0.12207,92
0.119629,92
0.116577,92
0.112915,92
0.108643,92
0.104065,92
0.098877,92
0.0933838,92
0.0875854,92
0.0817871,92
0.0756836,92
0.0695801,92
0.0631714,92
0.0567627,92
0.0509644,92
0.0454712,92
0.0402832,92
0.0357056,92
0.0311279,92
0.0265503,92
0.022583,92
0.0186157,92
0.0149536,92
0.0115967,92
0.0088501,92
0.00640869,92
0.00366211,92
0.000915527,92
-0.00244141,92
-0.00610352,92
-0.00976563,92
-0.0140381,92
-0.0183105,92
-0.0228882,92
-0.0274658,92
-0.0323486,92
-0.0369263,92
-0.0418091,92
-0.0463867,92
-0.0509644,92
-0.0552368,92
-0.0592041,92
-0.0628662,92
-0.0662231,92
-0.0692749,92
-0.0717163,92
-0.0735474,92
-0.0747681,92
-0.0750732,92
-0.0750732,92
-0.0753784,92
-0.0756836,92
-0.0769043,92
-0.0784302,92
-0.0799561,92
-0.0811768,92
-0.0814819,92
-0.0814819,92
-0.0811768,92
-0.0811768,92
-0.0817871,92
-0.0823975,92
-0.083313,92
-0.0842285,92
-0.085144,92
-0.0860596,92
-0.0866699,92
-0.0875854,92
-0.0881958,92
-0.0881958,92
-0.0881958,92
-0.0881958,92
-0.088501,92
-0.0888062,92
-0.0894165,92
-0.0900269,92
-0.090332,92
-0.0906372,92
-0.0909424,92
-0.0918579,92
-0.0930786,92
-0.0949097,92
-0.0970459,92
-0.0991821,92
-0.101318,92
-0.103149,92
-0.10498,92
-0.106506,92
-0.107422,92
-0.107727,92
-0.107422,92
-0.106201,92
-0.104675,92
-0.102844,92
-0.100708,92
-0.0979614,92
-0.0949097,92
-0.0915527,92
-0.0878906,92
-0.0839233,92
-0.0796509,92
-0.0753784,92
-0.0714111,92
-0.0683594,92
-0.065918,92
-0.0646973,92
-0.0643921,92
-0.0650024,92
-0.0662231,92
-0.0680542,92
-0.0701904,92
-0.0726318,92
-0.0756836,92
-0.0790405,92
-0.0830078,92
-0.0869751,92
-0.0915527,92
-0.0958252,92
-0.0997925,92
-0.103149,92
-0.105591,92
-0.107117,92
-0.107422,92
-0.106812,92
-0.104675,92
-0.101929,92
-0.0982666,92
-0.0939941,92
-0.0897217,92
-0.0854492,92
-0.0811768,92
-0.0772095,92
-0.0735474,92
-0.0704956,92
-0.0674438,92
-0.0653076,92
-0.0631714,92
-0.0613403,92
-0.0595093,92
-0.0579834,92
-0.0570679,92
-0.0564575,92
-0.0564575,92
-0.0570679,92
-0.0576782,92
-0.0585938,92
-0.0598145,92
-0.06073,92
-0.0616455,92
-0.062561,92
-0.0631714,92
-0.0634766,92
-0.0634766,92
-0.0634766,92
-0.0634766,92
-0.0628662,92
-0.0622559,92
-0.0610352,92
-0.0595093,92
-0.0576782,92
-0.0558472,92
-0.0546265,92
-0.0537109,92
-0.0534058,92
-0.0534058,92
-0.0537109,92
-0.0537109,92
-0.0537109,92
-0.0531006,92
-0.0527954,92
-0.0521851,92
-0.0518799,92
-0.0515747,92
-0.0515747,92
-0.0512695,92
-0.0509644,92
-0.0506592,92
-0.0500488,92
-0.0488281,92
-0.0476074,92
-0.0457764,92
-0.0436401,92
-0.0418091,92
-0.0402832,92
-0.0390625,92
-0.0384521,92
-0.0384521,92
-0.0387573,92
-0.0390625,92
-0.0396729,92
-0.0402832,92
-0.0415039,92
-0.0427246,92
-0.0442505,92
-0.0457764,92
-0.0473022,92
-0.0491333,92
-0.0512695,92
-0.0531006,92
-0.0549316,92
-0.0567627,92
-0.0585938,92
-0.0604248,92
-0.0619507,92
-0.0634766,92
-0.0643921,92
-0.0650024,92
-0.0650024,92
-0.0640869,92
-0.062561,92
-0.0604248,92
-0.0579834,92
-0.055542,92
-0.0534058,92
-0.0512695,92
-0.0494385,92
-0.0476074,92
-0.0457764,92
-0.0442505,92
-0.0427246,92
-0.0415039,92
-0.039978,92
-0.0387573,92
-0.0372314,92
-0.0354004,92
-0.0332642,92
-0.0305176,92
-0.0274658,92
-0.0241089,92
-0.0204468,92
-0.0167847,92
-0.0128174,92
-0.00915527,92
-0.00579834,92
-0.00274658,92
-0.000305176,92
0.00183105,92
0.00366211,92
0.00549316,92
0.00762939,92
0.0100708,92
0.0128174,92
0.0158691,92
0.0183105,92
0.0210571,92
0.0231934,92
0.0250244,92
0.0268555,92
0.0286865,92
0.0302124,92
0.0320435,92
0.0338745,92
0.0357056,92
0.0378418,92
0.0396729,92
0.0415039,92
0.0436401,92
0.0457764,92
0.0482178,92
0.050354,92
0.0521851,92
0.0534058,92
0.0540161,92
0.0540161,92
0.0534058,92
0.0521851,92
0.0506592,92
0.0488281,92
0.0463867,92
0.0436401,92
0.0402832,92
0.0366211,92
0.0326538,92
0.0280762,92
0.0234985,92
0.0186157,92
0.0140381,92
0.00946045,92
0.00457764,92
0,92
-0.00457764,92
-0.0088501,92
-0.0134277,92
-0.0180054,92
-0.0222778,92
-0.0265503,92
-0.0308228,92
-0.0350952,92
-0.0390625,92
-0.0427246,92
-0.0463867,92
-0.0497437,92
-0.0527954,92
-0.055542,92
-0.0582886,92
-0.06073,92
-0.0634766,92
-0.065918,92
-0.0683594,92
-0.0708008,92
-0.072937,92
-0.0747681,92
-0.0765991,92
-0.0784302,92
-0.0802612,92
-0.0817871,92
-0.0836182,92
-0.085144,92
-0.0863647,92
-0.0872803,92
-0.0878906,92
-0.0881958,92
-0.088501,92
-0.0888062,92
-0.0894165,92
-0.0900269,92
-0.0909424,92
-0.0921631,92
-0.093689,92
-0.0949097,92
-0.0961304,92
-0.0970459,92
-0.0979614,92
-0.0985718,92
-0.0991821,92
-0.0994873,92
-0.0994873,92
-0.0994873,92
-0.0994873,92
-0.0991821,92
-0.0991821,92
-0.0991821,92
-0.098877,92
-0.0985718,92
-0.0979614,92
-0.0970459,92
-0.0964355,92
-0.09552,92
-0.0942993,92
-0.0930786,92
-0.0921631,92
-0.0909424,92
-0.090332,92
-0.0897217,92
-0.0894165,92
-0.0894165,92
-0.0894165,92
-0.0894165,92
-0.0894165,92
-0.0894165,92
-0.0894165,92
-0.0891113,92
-0.0888062,92
-0.0881958,92
-0.0875854,92
-0.0866699,92
-0.0854492,92
-0.0836182,92
-0.0814819,92
-0.0790405,92
-0.0762939,92
-0.0735474,92
-0.0701904,92
-0.0662231,92
-0.0613403,92
-0.055542,92
-0.0485229,92
-0.0402832,92
-0.0308228,92
-0.0195313,92
-0.00640869,92
0.00823975,92
0.0247192,92
0.0430298,92
0.0631714,92
0.0854492,92
0.108948,92
0.134277,92
0.160828,92
0.188904,92
0.217896,92
0.247498,92
0.276489,92
0.303955,92
0.328369,92
0.348206,92
0.362854,92
0.371399,92
0.373535,92
0.369568,92
0.360107,92
0.345459,92
0.326843,92
0.303955,92
0.276794,92
0.245667,92
0.210876,92
0.173645,94
0.134888,94
0.09552,94
0.0567627,94
0.0189209,94
-0.0170898,94
-0.050354,94
-0.0805664,94
-0.106812,94
-0.128174,94
-0.144348,94
-0.155029,94
-0.160522,94
-0.161438,94
-0.158081,94
-0.151672,94
-0.142517,94
-0.131531,94
-0.119324,94
-0.106812,94
-0.0942993,94
-0.0820923,94
-0.0704956,94
-0.0598145,94
-0.0500488,94
-0.0411987,94
-0.0341797,94
-0.0283813,94
-0.0238037,94
-0.0201416,94
-0.0177002,94
-0.0158691,94
-0.0146484,94
-0.0140381,94
-0.0146484,94
-0.0161743,94
-0.0183105,94
-0.020752,94
-0.0238037,94
-0.0268555,94
-0.0296021,94
-0.0326538,94
-0.0354004,94
-0.038147,94
-0.0408936,94
-0.0436401,94
-0.0460815,94
-0.0488281,94
-0.0509644,94
-0.0531006,94
-0.0546265,94
-0.0558472,94
-0.0564575,94
-0.0570679,94
-0.0570679,94
-0.0567627,94
-0.0567627,94
-0.0564575,94
-0.0558472,94
-0.0552368,94
-0.0543213,94
-0.0531006,94
-0.0524902,94
-0.0518799,94
-0.0509644,94
-0.0506592,94
-0.0500488,94
-0.0497437,94
-0.0494385,94
-0.0494385,94
-0.0494385,94
-0.0494385,94
-0.0494385,94
-0.0494385,94
-0.0497437,94
-0.0494385,94
-0.0491333,94
-0.0488281,94
-0.0482178,94
-0.0473022,94
-0.0463867,94
-0.045166,94
-0.0436401,94
-0.0415039,94
-0.0393677,94
-0.0375366,94
-0.0360107,94
-0.0344849,94
-0.0335693,94
-0.0326538,94
-0.0317383,94
-0.0305176,94
-0.0289917,94
-0.0274658,94
-0.0259399,94
-0.0247192,94
-0.0234985,94
-0.0222778,94
-0.020752,94
-0.0192261,94
-0.0180054,94
-0.0170898,94
-0.0161743,94
-0.0152588,94
-0.0149536,94
-0.0146484,94
-0.0146484,94
-0.0149536,94
-0.0149536,94
-0.0152588,94
-0.015564,94
-0.0161743,94
-0.0167847,94
-0.0177002,94
-0.0186157,94
-0.0195313,94
-0.0198364,94
-0.0195313,94
-0.0189209,94
-0.0177002,94
-0.0164795,94
-0.0152588,94
-0.0140381,94
-0.0125122,94
-0.0112915,94
-0.00976563,94
-0.00793457,94
-0.00610352,94
-0.00427246,94
-0.00244141,94
-0.000305176,94
0.00183105,94
0.00396729,94
0.00640869,94
0.00854492,94
0.0106812,94
0.0125122,94
0.0137329,94
0.0146484,94
0.0152588,94
0.015564,94
0.0152588,94
0.0149536,94
0.0140381,94
0.0128174,94
0.0119019,94
0.0112915,94
0.0112915,94
0.0115967,94
0.0125122,94
0.0131226,94
0.0137329,94
0.0143433,94
0.0146484,94
0.0149536,94
0.015564,94
0.0161743,94
0.017395,94
0.0192261,94
0.0210571,94
0.0234985,94
0.0262451,94
0.0292969,94
0.0326538,94
0.0366211,94
0.0405884,94
0.0445557,94
0.0479126,94
0.0509644,94
0.0531006,94
0.0552368,94
0.0570679,94
0.0585938,94
0.0604248,94
0.0622559,94
0.0640869,94
0.065918,94
0.0674438,94
0.0686646,94
0.0695801,94
0.0701904,94
0.0708008,94
0.071106,94
0.0714111,94
0.0717163,94
0.0723267,94
0.072937,94
0.0735474,94
0.0744629,94
0.0753784,94
0.0762939,94
0.0772095,94
0.0787354,94
0.0805664,94
0.0823975,94
0.0845337,94
0.0866699,94
0.0888062,94
0.0912476,94
0.0939941,94
0.0970459,94
0.100403,94
0.10376,94
0.107117,94
0.110168,94
0.113525,94
0.116577,94
0.119324,94
0.12207,94
0.124207,94
0.126038,94
0.127563,94
0.128479,94
0.129395,94
0.13031,94
0.131226,94
0.132446,94
0.133362,94
0.133972,94
0.134277,94
0.133972,94
0.133972,94
0.133972,94
0.134583,94
0.134888,94
0.135498,94
0.135803,94
0.136108,94
0.136719,94
0.137634,94
0.138245,94
0.13855,94
0.13855,94
0.137939,94
0.137024,94
0.135498,94
0.133972,94
0.132446,94
0.130615,94
0.128479,94
0.126038,94
0.123291,94
0.120544,94
0.117188,94
0.113831,94
0.110168,94
0.106812,94
0.103149,94
0.100098,94
0.0973511,94
0.0949097,94
0.0924683,94
0.0900269,94
0.0869751,94
0.0839233,94
0.0802612,94
0.0765991,94
0.0726318,94
0.0683594,94
0.0643921,94
0.0601196,94
0.0561523,94
0.0515747,94
0.0466919,94
0.0411987,94
0.0350952,94
0.0292969,94
0.0234985,94
0.0180054,94
0.0125122,94
0.00732422,94
0.00213623,94
-0.00274658,94
-0.00732422,94
-0.012207,94
-0.0167847,94
-0.0213623,94
-0.0253296,94
-0.0289917,94
-0.0326538,94
-0.0357056,94
-0.0387573,94
-0.0411987,94
-0.0436401,94
-0.0460815,94
-0.0479126,94
-0.0500488,94
-0.0521851,94
-0.0543213,94
-0.0567627,94
-0.0595093,94
-0.0619507,94
-0.0643921,94
-0.0665283,94
-0.0683594,94
-0.0695801,94
-0.0704956,94
-0.071106,94
-0.0717163,94
-0.0720215,94
-0.0726318,94
-0.072937,94
-0.0732422,94
-0.0735474,94
-0.0735474,94
-0.0735474,94
-0.0732422,94
-0.072937,94
-0.0726318,94
-0.0720215,94
-0.0717163,94
-0.0717163,94
-0.0717163,94
-0.0720215,94
-0.0723267,94
-0.0726318,94
-0.0732422,94
-0.0735474,94
-0.0738525,94
-0.0741577,94
-0.0744629,94
-0.0750732,94
-0.0753784,94
-0.0759888,94
-0.0765991,94
-0.0772095,94
-0.078125,94
-0.0787354,94
-0.0793457,94
-0.0796509,94
-0.0799561,94
-0.0799561,94
-0.0799561,94
-0.0796509,94
-0.0790405,94
-0.0775146,94
-0.0756836,94
-0.0738525,94
-0.0720215,94
-0.0708008,94
-0.0698853,94
-0.0689697,94
-0.0680542,94
-0.0668335,94
-0.065918,94
-0.0650024,94
-0.0640869,94
-0.0631714,94
-0.0631714,94
-0.0631714,94
-0.0637817,94
-0.0646973,94
-0.065918,94
-0.0671387,94
-0.0686646,94
-0.0698853,94
-0.071106,94
-0.0723267,94
-0.0732422,94
-0.0741577,94
-0.0753784,94
-0.0765991,94
-0.0778198,94
-0.0784302,94
-0.0784302,94
-0.078125,94
-0.0778198,94
-0.0769043,94
-0.0756836,94
-0.0744629,94
-0.0726318,94
-0.0708008,94
-0.0689697,94
-0.0671387,94
-0.0656128,94
-0.0640869,94
-0.062561,94
-0.06073,94
-0.0588989,94
-0.0567627,94
-0.0549316,94
-0.0527954,94
-0.0512695,94
-0.0497437,94
-0.0482178,94
-0.0473022,94
-0.0466919,94
-0.0460815,94
-0.0454712,94
-0.0448608,94
-0.0439453,94
-0.0427246,94
-0.0415039,94
-0.039978,94
-0.0387573,94
-0.0378418,94
-0.0375366,94
-0.0378418,94
-0.0384521,94
-0.0387573,94
-0.0384521,94
-0.038147,94
-0.0378418,94
-0.0375366,94
-0.0372314,94
-0.0369263,94
-0.0369263,94
-0.0366211,94
-0.0363159,94
-0.0357056,94
-0.0350952,94
-0.0338745,94
-0.0323486,94
-0.0305176,94
-0.0286865,94
-0.0274658,94
-0.0265503,94
-0.0262451,94
-0.0262451,94
-0.0265503,94
-0.0271606,94
-0.0274658,94
-0.027771,94
-0.027771,94
-0.0274658,94
-0.0268555,94
-0.0268555,94
-0.0271606,94
-0.0280762,94
-0.0296021,94
-0.0314331,94
-0.032959,94
-0.0344849,94
-0.0354004,94
-0.0363159,94
-0.0363159,94
-0.0363159,94
-0.0360107,94
-0.0357056,94
-0.0350952,94
-0.0338745,94
-0.0326538,94
-0.0308228,94
-0.0289917,94
-0.0265503,94
-0.0238037,94
-0.020752,94
-0.0170898,94
-0.0134277,94
-0.00946045,94
-0.00549316,94
-0.0012207,94
0.00274658,94
0.00671387,94
0.010376,94
0.0134277,94
0.0161743,94
0.0186157,94
0.020752,94
0.0228882,94
0.0250244,94
0.0268555,94
0.0286865,94
0.0308228,94
0.0332642,94
0.0357056,94
0.0384521,94
0.0411987,94
0.043335,94
0.045166,94
0.0469971,94
0.0491333,94
0.0512695,94
0.0537109,94
0.0558472,94
0.0582886,94
0.0601196,94
0.0619507,94
0.0637817,94
0.0653076,94
0.0665283,94
0.0674438,94
0.0680542,94
0.0680542,94
0.0671387,94
0.065918,94
0.0640869,94
0.0613403,94
0.0582886,94
0.0546265,94
0.0506592,94
0.0466919,94
0.0427246,94
0.0384521,94
0.0341797,94
0.0296021,94
0.0256348,94
0.0216675,94
0.0180054,94
0.0149536,94
0.0119019,94
0.00946045,94
0.00701904,94
0.00457764,94
0.00152588,94
-0.00152588,94
-0.00488281,94
-0.0088501,94
-0.0131226,94
-0.0170898,94
-0.0210571,94
-0.0247192,94
-0.0280762,94
-0.0314331,94
-0.0344849,94
-0.0375366,94
-0.0405884,94
-0.043335,94
-0.0463867,94
-0.0491333,94
-0.0515747,94
-0.0537109,94
-0.0558472,94
-0.0579834,94
-0.0604248,94
-0.0631714,94
-0.0656128,94
-0.0683594,94
-0.0704956,94
-0.0723267,94
-0.0738525,94
-0.0750732,94
-0.0756836,94
-0.0759888,94
-0.0762939,94
-0.0765991,94
-0.0772095,94
-0.078125,94
-0.0790405,94
-0.0802612,94
-0.0811768,94
-0.0820923,94
-0.0823975,94
-0.0823975,94
-0.0817871,94
-0.0808716,94
-0.0796509,94
-0.0784302,94
-0.0775146,94
-0.0765991,94
-0.0762939,94
-0.0759888,94
-0.0762939,94
-0.0762939,94
-0.0765991,94
-0.0769043,94
-0.0769043,94
-0.0769043,94
-0.0772095,94
-0.0775146,94
-0.0784302,94
-0.0796509,94
-0.0811768,94
-0.0830078,94
-0.085144,94
-0.0869751,94
-0.0891113,94
-0.0909424,94
-0.0924683,94
-0.0933838,94
-0.0942993,94
-0.0949097,94
-0.0952148,94
-0.09552,94
-0.09552,94
-0.0952148,94
-0.0942993,94
-0.0924683,94
-0.090332,94
-0.0875854,94
-0.0845337,94
-0.0805664,94
-0.0759888,94
-0.0704956,94
-0.0634766,94
-0.055542,94
-0.0457764,94
-0.0344849,94
-0.0216675,94
-0.00640869,94
0.0106812,94
0.0299072,94
0.0506592,94
0.0732422,94
0.0970459,94
0.122375,94
0.148621,94
0.176086,94
0.204773,94
0.23407,94
0.263367,94
0.292358,94
0.319824,94
0.344849,94
0.366516,94
0.383911,94
0.395813,94
0.401306,94
0.400696,94
0.393677,94
0.381775,94
0.364685,94
0.343323,94
0.317688,94
0.288086,94
0.254822,94
0.218811,94
0.180969,97
0.141907,97
0.102844,97
0.0640869,97
0.0268555,97
-0.0088501,97
-0.0415039,97
-0.0708008,97
-0.09552,97
-0.115662,97
-0.130005,97
-0.13916,97
-0.142822,97
-0.141907,97
-0.137024,97
-0.129089,97
-0.118713,97
-0.107117,97
-0.0946045,97
-0.0820923,97
-0.0701904,97
-0.0588989,97
-0.0488281,97
-0.0393677,97
-0.0314331,97
-0.0247192,97
-0.0192261,97
-0.0152588,97
-0.0125122,97
-0.0106812,97
-0.010376,97
-0.0106812,97
-0.012207,97
-0.0143433,97
-0.017395,97
-0.020752,97
-0.0244141,97
-0.0280762,97
-0.0317383,97
-0.0344849,97
-0.0369263,97
-0.0384521,97
-0.0393677,97
-0.039978,97
-0.0402832,97
-0.0408936,97
-0.0411987,97
-0.0418091,97
-0.0421143,97
-0.0427246,97
-0.0430298,97
-0.043335,97
-0.0436401,97
-0.0442505,97
-0.0442505,97
-0.0442505,97
-0.0439453,97
-0.043335,97
-0.0427246,97
-0.0421143,97
-0.0418091,97
-0.0418091,97
-0.0421143,97
-0.0421143,97
-0.0421143,97
-0.0421143,97
-0.0418091,97
-0.0418091,97
-0.0418091,97
-0.0418091,97
-0.0415039,97
-0.0411987,97
-0.0405884,97
-0.0396729,97
-0.0384521,97
-0.0372314,97
-0.0357056,97
-0.0338745,97
-0.0323486,97
-0.0308228,97
-0.0292969,97
-0.0283813,97
-0.0271606,97
-0.0262451,97
-0.0253296,97
-0.0241089,97
-0.0228882,97
-0.0213623,97
-0.0204468,97
-0.0195313,97
-0.0189209,97
-0.0186157,97
-0.0183105,97
-0.0183105,97
-0.0183105,97
-0.0183105,97
-0.0183105,97
-0.0183105,97
-0.0183105,97
-0.0180054,97
-0.0177002,97
-0.0170898,97
-0.0161743,97
-0.0152588,97
-0.0140381,97
-0.0128174,97
-0.0119019,97
-0.0106812,97
-0.00915527,97
-0.00793457,97
-0.00671387,97
-0.00610352,97
-0.00549316,97
-0.00518799,97
-0.00518799,97
-0.00488281,97
-0.00457764,97
-0.00396729,97
-0.00335693,97
-0.00305176,97
-0.00305176,97
-0.00305176,97
-0.00335693,97
-0.00366211,97
-0.00366211,97
-0.00366211,97
-0.00366211,97
-0.00366211,97
-0.00366211,97
-0.00366211,97
-0.00366211,97
-0.00335693,97
-0.00274658,97
-0.00152588,97
-0.000305176,97
0.00152588,97
0.00366211,97
0.00610352,97
0.0088501,97
0.0115967,97
0.0140381,97
0.0167847,97
0.0192261,97
0.0213623,97
0.0231934,97
0.0244141,97
0.0256348,97
0.0265503,97
0.027771,97
0.0289917,97
0.0305176,97
0.0317383,97
0.0332642,97
0.0350952,97
0.0366211,97
0.0384521,97
0.039978,97
0.0415039,97
0.0424194,97
0.043335,97
0.0442505,97
0.0448608,97
0.0457764,97
0.0469971,97
0.0485229,97
0.0509644,97
0.0537109,97
0.0567627,97
0.0595093,97
0.0619507,97
0.0640869,97
0.0656128,97
0.0668335,97
0.067749,97
0.0686646,97
0.0695801,97
0.0701904,97
0.071106,97
0.0720215,97
0.0732422,97
0.0744629,97
0.0756836,97
0.0772095,97
0.0787354,97
0.0802612,97
0.0817871,97
0.083313,97
0.085144,97
0.0866699,97
0.0881958,97
0.0897217,97
0.0912476,97
0.0930786,97
0.0952148,97
0.0973511,97
0.0994873,97
0.102234,97
0.104675,97
0.107422,97
0.109863,97
0.112,97
0.114136,97
0.115967,97
0.117798,97
0.119629,97
0.121155,97
0.122681,97
0.124207,97
0.125732,97
0.126953,97
0.128174,97
0.129089,97
0.1297,97
0.13031,97
0.13092,97
0.131836,97
0.132751,97
0.133667,97
0.134583,97
0.135498,97
0.136108,97
0.137024,97
0.137634,97
0.138245,97
0.13916,97
0.139465,97
0.139771,97
0.140076,97
0.140686,97
0.141296,97
0.142212,97
0.143738,97
0.144958,97
0.146179,97
0.14679,97
0.147095,97
0.14679,97
0.145874,97
0.144348,97
0.142212,97
0.140076,97
0.137329,97
0.133972,97
0.1297,97
0.125732,97
0.12146,97
0.116882,97
0.112305,97
0.107422,97
0.101624,97
0.09552,97
0.0891113,97
0.0823975,97
0.0759888,97
0.0698853,97
0.0640869,97
0.0585938,97
0.0537109,97
0.0485229,97
0.0436401,97
0.0390625,97
0.0344849,97
0.0302124,97
0.0265503,97
0.0231934,97
0.0204468,97
0.0177002,97
0.0152588,97
0.0134277,97
0.0115967,97
